Project,Alert ID,File,Line,Ground Truth,EVICT Prediction,Confidence,Rationale
jenkinsci__workflow-cps-global-lib-plugin_CVE-2022-25174_544.vff04fa68714d,java/polynomial-redos,src/main/java/org/jenkinsci/plugins/workflow/libs/SCMSourceRetriever.java,246,FP,TP,1.00,"User input affects regex performance, indicating potential for code execution...."
apache__shiro_CVE-2023-34478_1.11.0,java/tainted-permissions-check,core/src/main/java/org/apache/shiro/authz/permission/WildcardPermissionResolver.java,75,FP,TP,1.00,Permissions check depends on user-controlled values with no explicit path constraints. This indicate...
apache__shiro_CVE-2023-34478_1.11.0,java/unvalidated-url-redirection,web/src/main/java/org/apache/shiro/web/util/RedirectView.java,300,FP,TP,1.00,The alert indicates untrusted URL redirection based on user-provided values. The data flow traces sh...
apache__shiro_CVE-2023-34478_1.11.0,java/unvalidated-url-redirection,web/src/main/java/org/apache/shiro/web/util/RedirectView.java,304,FP,TP,1.00,"Untrusted URL redirection based on user input is a classic security vulnerability. The code slice, t..."
apache__shiro_CVE-2023-34478_1.11.0,java/http-response-splitting,web/src/main/java/org/apache/shiro/web/util/RedirectView.java,304,FP,TP,1.00,"The alert indicates response-splitting vulnerability, which is a common type of bug. The data flow f..."
apache__shiro_CVE-2023-34478_1.11.0,java/unsafe-deserialization,lang/src/main/java/org/apache/shiro/io/DefaultSerializer.java,77,FP,FP,1.00,"No explicit path constraints, missing constraints, and source code slice unreadable indicate potenti..."
apache__shiro_CVE-2023-34478_1.11.0,java/unsafe-deserialization,lang/src/main/java/org/apache/shiro/io/XmlSerializer.java,76,FP,TP,1.00,"User-provided data flows into XmlSerializer, a known sink for unsafe deserialization. No explicit pa..."
apache__shiro_CVE-2023-34478_1.11.0,java/xxe,lang/src/main/java/org/apache/shiro/io/XmlSerializer.java,76,FP,FP,1.00,"No explicit path constraints, missing constraints, and inability to read source file indicate potent..."
alibaba__one-java-agent_CVE-2022-25842_0.0.1,java/zipslip,one-java-agent-plugin/src/main/java/com/alibaba/oneagent/utils/IOUtils.java,122,FP,TP,1.00,Unsanitized archive entry used in filesystem operation without path constraints indicates potential ...
DSpace__DSpace_CVE-2022-31195_5.10,java/stack-trace-exposure,dspace-sword/src/main/java/org/purl/sword/server/ServiceDocumentServlet.java,152,FP,ABSTAIN,1.00,"Code slice empty, no evidence to reconstruct claim or validate preconditions...."
DSpace__DSpace_CVE-2022-31195_5.10,java/unvalidated-url-redirection,dspace-api/src/main/java/org/dspace/rdf/negotiation/Negotiator.java,277,FP,TP,1.00,"Untrusted URL redirection depends on user-provided values, indicating a potential vulnerability. Dat..."
DSpace__DSpace_CVE-2022-31195_5.10,java/unvalidated-url-redirection,dspace-api/src/main/java/org/dspace/rdf/negotiation/Negotiator.java,307,FP,TP,1.00,Untrusted URL redirection is a known security vulnerability when dependent on user input without pro...
DSpace__DSpace_CVE-2022-31195_5.10,java/unvalidated-url-redirection,dspace-jspui/src/main/java/org/dspace/app/webui/servlet/ControlledVocabularyServlet.java,53,FP,TP,1.00,"Untrusted URL redirection depends on user input, indicating potential for injection attacks. No expl..."
DSpace__DSpace_CVE-2022-31195_5.10,java/unvalidated-url-redirection,dspace-jspui/src/main/java/org/dspace/app/webui/servlet/SearchResultLogServlet.java,71,FP,FP,1.00,"alert indicates data flow from potentially untrusted source to sink but code slice is unreadable, pr..."
DSpace__DSpace_CVE-2022-31195_5.10,java/unvalidated-url-redirection,dspace-jspui/src/main/java/org/dspace/app/webui/servlet/VersionHistoryServlet.java,112,FP,TP,1.00,Untrusted URL redirection depends on a user-provided value which can lead to injection attacks....
DSpace__DSpace_CVE-2022-31195_5.10,java/unvalidated-url-redirection,dspace-jspui/src/main/java/org/dspace/app/webui/servlet/admin/MetadataFieldRegistryServlet.java,211,FP,ABSTAIN,1.00,"Code slice is empty, making analysis and decision impossible...."
DSpace__DSpace_CVE-2022-31195_5.10,java/unvalidated-url-redirection,dspace-xmlui/src/main/java/org/dspace/app/xmlui/aspect/eperson/LoginRedirect.java,84,FP,TP,1.00,Untrusted URL depends on user-provided value with no explicit path constraints and missing constrain...
DSpace__DSpace_CVE-2022-31195_5.10,java/unvalidated-url-redirection,dspace-xmlui/src/main/java/org/dspace/app/xmlui/cocoon/DSpaceCocoonServletFilter.java,258,FP,FP,1.00,"Untrusted URL redirection depends on a user-provided value, but no explicit path constraints or miss..."
DSpace__DSpace_CVE-2022-31195_5.10,java/unvalidated-url-redirection,dspace-xmlui/src/main/java/org/dspace/app/xmlui/cocoon/DSpaceCocoonServletFilter.java,270,FP,ABSTAIN,1.00,"Code slice is unreadable, no further analysis possible...."
DSpace__DSpace_CVE-2022-31195_5.10,java/http-response-splitting,dspace-api/src/main/java/org/dspace/rdf/negotiation/Negotiator.java,277,FP,TP,1.00,User-provided values dependency in headers with no explicit path constraints and missing constraints...
DSpace__DSpace_CVE-2022-31195_5.10,java/http-response-splitting,dspace-api/src/main/java/org/dspace/rdf/negotiation/Negotiator.java,307,FP,TP,1.00,"User-provided values are used in a header, leading to potential response splitting. Data flow traces..."
DSpace__DSpace_CVE-2022-31195_5.10,java/http-response-splitting,dspace-jspui/src/main/java/org/dspace/app/webui/servlet/ItemExportArchiveServlet.java,96,FP,FP,1.00,No explicit path constraints to confirm data flow; code slice unreadable for further analysis....
DSpace__DSpace_CVE-2022-31195_5.10,java/http-response-splitting,dspace-jspui/src/main/java/org/dspace/app/webui/servlet/MetadataExportServlet.java,92,FP,TP,1.00,User-provided value being used in response splitting; data flow traces indicate potential data flow ...
DSpace__DSpace_CVE-2022-31195_5.10,java/http-response-splitting,dspace-jspui/src/main/java/org/dspace/app/webui/servlet/MyDSpaceServlet.java,727,FP,TP,1.00,"User-provided value influenced response at sink, indicating potential response splitting vulnerabili..."
DSpace__DSpace_CVE-2022-31195_5.10,java/weak-cryptographic-algorithm,dspace-api/src/main/java/org/dspace/checker/CheckerCommand.java,197,FP,FP,1.00,"The alert indicates MD5 usage, but no explicit path constraints or partial flow constraints suggest ..."
DSpace__DSpace_CVE-2022-31195_5.10,java/weak-cryptographic-algorithm,dspace-api/src/main/java/org/dspace/core/Utils.java,129,FP,TP,1.00,"MD5 is identified as weak and should not be used. Code location matches the alert, and no path const..."
DSpace__DSpace_CVE-2022-31195_5.10,java/weak-cryptographic-algorithm,dspace-api/src/main/java/org/dspace/eperson/PasswordHash.java,260,FP,TP,1.00,"MD5 is identified as weak cryptographic algorithm, suggesting a real vulnerability...."
DSpace__DSpace_CVE-2022-31195_5.10,java/weak-cryptographic-algorithm,dspace-api/src/main/java/org/dspace/storage/bitstore/BitstreamStorageManager.java,309,FP,FP,1.00,"Although MD5 is weak, the evidence suggests no path constraints, indicating the flow may not be a di..."
DSpace__DSpace_CVE-2022-31195_5.10,java/weak-cryptographic-algorithm,dspace-api/src/main/java/org/dspace/storage/bitstore/BitstreamStorageManager.java,414,FP,TP,1.00,"MD5 is known to be cryptographically weak. The source and sink locations match, and data flow traces..."
DSpace__DSpace_CVE-2022-31195_5.10,java/weak-cryptographic-algorithm,dspace-api/src/main/java/org/dspace/storage/bitstore/BitstreamStorageManager.java,457,FP,TP,1.00,MD5 is known to be insecure and its use is flagged as a vulnerability. The data flow trace matches t...
DSpace__DSpace_CVE-2022-31195_5.10,java/weak-cryptographic-algorithm,dspace-sword/src/main/java/org/purl/sword/base/ChecksumUtils.java,63,FP,TP,1.00,"MD5 identified as weak cryptographic algorithm, indicating potential security vulnerability...."
DSpace__DSpace_CVE-2022-31195_5.10,java/weak-cryptographic-algorithm,dspace-sword/src/main/java/org/purl/sword/base/ChecksumUtils.java,123,FP,TP,1.00,"MD5 is identified as weak, indicating a potential security vulnerability. Code slice is relevant tho..."
DSpace__DSpace_CVE-2022-31195_5.10,java/ssrf,dspace-sword/src/main/java/org/purl/sword/client/Client.java,255,FP,TP,1.00,User-provided data flows to sink with no path constraints and missing constraints....
DSpace__DSpace_CVE-2022-31195_5.10,java/tainted-format-string,dspace-api/src/main/java/org/dspace/content/LicenseUtils.java,89,FP,ABSTAIN,1.00,"Source file could not be read, making analysis incomplete...."
DSpace__DSpace_CVE-2022-31195_5.10,java/regex-injection,dspace-jspui/src/main/java/org/dspace/app/webui/handle/HandleJSONResolver.java,36,FP,TP,1.00,"User input is traced to a sink without proper constraints, indicating potential for injection attack..."
DSpace__DSpace_CVE-2022-31195_5.10,java/polynomial-redos,dspace-api/src/main/java/org/dspace/discovery/SolrServiceImpl.java,2071,FP,FP,1.00,"The alert indicates potential performance issues with regular expressions, not a security vulnerabil..."
DSpace__DSpace_CVE-2022-31195_5.10,java/polynomial-redos,dspace-api/src/main/java/org/dspace/discovery/SolrServiceImpl.java,2089,FP,ABSTAIN,1.00,"Code slice missing and no explicit path constraints, making a reliable analysis impossible...."
DSpace__DSpace_CVE-2022-31195_5.10,java/polynomial-redos,dspace-jspui/src/main/java/org/dspace/app/webui/discovery/DiscoverUtility.java,437,FP,ABSTAIN,1.00,"Code slice is unreadable, making any analysis impossible...."
DSpace__DSpace_CVE-2022-31195_5.10,java/zipslip,dspace-api/src/main/java/org/dspace/app/itemimport/ItemImport.java,2078,TP,FP,1.00,The alert indicates an unsanitized archive entry but lacks explicit path constraints. The source and...
DSpace__DSpace_CVE-2022-31195_5.10,java/zipslip,dspace-api/src/main/java/org/dspace/app/itemimport/ItemImport.java,2065,TP,TP,1.00,"Unsanitized archive entry usage with potential for directory traversal, supported by multiple data f..."
DSpace__DSpace_CVE-2022-31195_5.10,java/path-injection,dspace-api/src/main/java/org/dspace/app/itemexport/ItemExport.java,1151,FP,ABSTAIN,1.00,Code slice is inaccessible and no explicit path constraints were extracted....
DSpace__DSpace_CVE-2022-31195_5.10,java/path-injection,dspace-api/src/main/java/org/dspace/app/itemexport/ItemExport.java,1155,FP,ABSTAIN,1.00,"Code slice is unreadable, preconditions and dataflow analysis cannot be performed...."
DSpace__DSpace_CVE-2022-31195_5.10,java/path-injection,dspace-api/src/main/java/org/dspace/app/itemexport/ItemExport.java,1174,FP,FP,1.00,"No explicit path constraints, but data flow traces indicate no potential for data exfiltration or un..."
DSpace__DSpace_CVE-2022-31195_5.10,java/path-injection,dspace-api/src/main/java/org/dspace/app/itemexport/ItemExport.java,1193,FP,ABSTAIN,1.00,"Code slice for analysis is unreadable, making educated guess impossible...."
DSpace__DSpace_CVE-2022-31195_5.10,java/path-injection,dspace-api/src/main/java/org/dspace/app/itemimport/ItemImport.java,1003,FP,FP,1.00,No explicit path constraints; data flow not fully analyzed due to unreadable source file....
DSpace__DSpace_CVE-2022-31195_5.10,java/path-injection,dspace-api/src/main/java/org/dspace/app/itemimport/ItemImport.java,2443,FP,ABSTAIN,1.00,"Code slice is unreadable, making any analysis impossible...."
DSpace__DSpace_CVE-2022-31195_5.10,java/path-injection,dspace-api/src/main/java/org/dspace/core/ConfigurationManager.java,529,FP,TP,1.00,Dataflow between user-provided values and configuration management suggests potential for unauthoriz...
DSpace__DSpace_CVE-2022-31195_5.10,java/path-injection,dspace-api/src/main/java/org/dspace/core/ConfigurationManager.java,541,FP,TP,1.00,"User-provided values influence data flow to a configuration manager, indicating potential vulnerabil..."
DSpace__DSpace_CVE-2022-31195_5.10,java/path-injection,dspace-api/src/main/java/org/dspace/core/NewsManager.java,58,FP,ABSTAIN,1.00,"Code slice is empty, making any analysis impossible...."
DSpace__DSpace_CVE-2022-31195_5.10,java/path-injection,dspace-api/src/main/java/org/dspace/core/NewsManager.java,102,FP,ABSTAIN,1.00,"Code slice is empty, unable to assess dataflow relevance...."
DSpace__DSpace_CVE-2022-31195_5.10,java/path-injection,dspace-jspui/src/main/java/org/dspace/app/webui/servlet/MyDSpaceServlet.java,717,FP,ABSTAIN,1.00,"Code slice is unreadable, no explicit path constraints, and missing flow constraints...."
DSpace__DSpace_CVE-2022-31195_5.10,java/path-injection,dspace-jspui/src/main/java/org/dspace/app/webui/servlet/MyDSpaceServlet.java,730,FP,ABSTAIN,1.00,"Code slice is unreadable, unable to determine if it's relevant or not...."
DSpace__DSpace_CVE-2022-31195_5.10,java/path-injection,dspace-jspui/src/main/java/org/dspace/app/webui/servlet/SitemapServlet.java,82,FP,TP,1.00,"User input to sink with no explicit path constraints indicates a potential vulnerability, though spe..."
DSpace__DSpace_CVE-2022-31195_5.10,java/path-injection,dspace-jspui/src/main/java/org/dspace/app/webui/servlet/SitemapServlet.java,111,FP,ABSTAIN,1.00,"Code slice is unreadable, no explicit path constraints, and constraints missing, making it impossibl..."
DSpace__DSpace_CVE-2022-31195_5.10,java/path-injection,dspace-jspui/src/main/java/org/dspace/app/webui/servlet/SubmissionController.java,284,FP,ABSTAIN,1.00,"Source code slice could not be read, making analysis impossible...."
DSpace__DSpace_CVE-2022-31195_5.10,java/path-injection,dspace-jspui/src/main/java/org/dspace/app/webui/servlet/SubmissionController.java,1590,FP,ABSTAIN,1.00,"Code slice is unreadable, cannot determine TP/FP...."
DSpace__DSpace_CVE-2022-31195_5.10,java/path-injection,dspace-jspui/src/main/java/org/dspace/app/webui/servlet/SubmissionController.java,1599,FP,ABSTAIN,1.00,"Source file could not be read, no path constraints extracted, and code slice is empty...."
DSpace__DSpace_CVE-2022-31195_5.10,java/path-injection,dspace-jspui/src/main/java/org/dspace/app/webui/servlet/SubmissionController.java,1706,FP,ABSTAIN,1.00,"Unable to access source code, preconditions and constraints cannot be evaluated...."
DSpace__DSpace_CVE-2022-31195_5.10,java/path-injection,dspace-jspui/src/main/java/org/dspace/app/webui/servlet/SubmissionController.java,1711,FP,ABSTAIN,1.00,"Code slice could not be read, making analysis impossible...."
DSpace__DSpace_CVE-2022-31195_5.10,java/path-injection,dspace-jspui/src/main/java/org/dspace/app/webui/servlet/SubmissionController.java,1712,FP,ABSTAIN,1.00,Code slice not available for analysis....
DSpace__DSpace_CVE-2022-31195_5.10,java/path-injection,dspace-sword/src/main/java/org/dspace/sword/DepositManager.java,267,FP,TP,1.00,"Alert indicates data flow between user-provided input and a critical sink with missing constraints, ..."
DSpace__DSpace_CVE-2022-31195_5.10,java/path-injection,dspace-sword/src/main/java/org/dspace/sword/DepositManager.java,268,FP,ABSTAIN,1.00,"Code slice for 'DepositManager.java' is unreadable, making analysis impossible...."
DSpace__DSpace_CVE-2022-31195_5.10,java/path-injection,dspace-sword/src/main/java/org/dspace/sword/DepositManager.java,271,FP,FP,1.00,"Irrelevant code slice prevents full analysis, evidence indicates potential for false positive due to..."
DSpace__DSpace_CVE-2022-31195_5.10,java/path-injection,dspace-sword/src/main/java/org/dspace/sword/DepositManager.java,277,FP,ABSTAIN,1.00,"Code slice for DepositManager.java is unreadable, making it impossible to determine if dataflow is p..."
DSpace__DSpace_CVE-2022-31195_5.10,java/xxe,dspace-api/src/main/java/org/dspace/app/sherpa/SHERPAResponse.java,55,FP,TP,1.00,"User-input XML parsing without external entity protection can lead to XXE attacks, aligns with CodeQ..."
DSpace__DSpace_CVE-2022-31195_5.10,java/xxe,dspace-api/src/main/java/org/dspace/authority/orcid/xml/Converter.java,39,FP,TP,1.00,XML parsing that depends on user-provided input without securing against external entity expansion i...
DSpace__DSpace_CVE-2022-31195_5.10,java/xxe,dspace-api/src/main/java/org/dspace/content/authority/LCNameAuthority.java,180,FP,ABSTAIN,1.00,"Source file could not be read, no path constraints, and insufficient evidence to determine if vulner..."
DSpace__DSpace_CVE-2022-31195_5.10,java/xxe,dspace-api/src/main/java/org/dspace/content/authority/SHERPARoMEOProtocol.java,116,FP,TP,1.00,"XML parsing depends on user input without guarding against external entity expansion, indicating pot..."
DSpace__DSpace_CVE-2022-31195_5.10,java/xxe,dspace-api/src/main/java/org/dspace/content/packager/METSManifest.java,708,FP,TP,1.00,"XML parsing depends on user input without external entity expansion protection, indicating a potenti..."
DSpace__DSpace_CVE-2022-31195_5.10,java/xxe,dspace-api/src/main/java/org/dspace/ctask/general/MetadataWebService.java,272,FP,FP,1.00,"No explicit path constraints and flow partial indicates missing information, suggesting a potential ..."
DSpace__DSpace_CVE-2022-31195_5.10,java/xxe,dspace-api/src/main/java/org/dspace/license/CCLookup.java,196,FP,TP,1.00,The alert indicates XML parsing depends on user-provided value without safeguarding against external...
DSpace__DSpace_CVE-2022-31195_5.10,java/xxe,dspace-api/src/main/java/org/dspace/license/CCLookup.java,306,FP,TP,1.00,XML parsing with user input can lead to external entity expansion if not guarded. The dataflow betwe...
DSpace__DSpace_CVE-2022-31195_5.10,java/xxe,dspace-api/src/main/java/org/dspace/license/CCLookup.java,354,FP,TP,1.00,"User-provided value leads to XML parsing without external entity expansion protection, indicating po..."
DSpace__DSpace_CVE-2022-31195_5.10,java/xxe,dspace-api/src/main/java/org/dspace/submit/lookup/ArXivService.java,130,FP,TP,1.00,"XML parsing depends on a user-provided value without guarding against external entity expansion, ind..."
DSpace__DSpace_CVE-2022-31195_5.10,java/xxe,dspace-api/src/main/java/org/dspace/submit/lookup/CiNiiService.java,112,FP,FP,1.00,"No explicit path constraints extracted; thus, the analyzer's claim that a vulnerability exists is no..."
DSpace__DSpace_CVE-2022-31195_5.10,java/xxe,dspace-api/src/main/java/org/dspace/submit/lookup/CiNiiService.java,192,FP,TP,1.00,The alert indicates XML parsing is user-input dependent without proper guarding against external ent...
DSpace__DSpace_CVE-2022-31195_5.10,java/xxe,dspace-api/src/main/java/org/dspace/submit/lookup/CrossRefService.java,117,FP,TP,1.00,"User-provided XML value used without protection against external entity expansion, indicating potent..."
DSpace__DSpace_CVE-2022-31195_5.10,java/xxe,dspace-api/src/main/java/org/dspace/submit/lookup/PubmedService.java,140,FP,TP,1.00,The alert indicates XML parsing that rely on user input without protection against external entity e...
DSpace__DSpace_CVE-2022-31195_5.10,java/xxe,dspace-api/src/main/java/org/dspace/submit/lookup/PubmedService.java,259,FP,TP,1.00,"XML parsing takes user input without protection against external entity expansion, a known vulnerabi..."
DSpace__DSpace_CVE-2022-31195_5.10,java/tainted-numeric-cast,dspace-xmlui/src/main/java/org/dspace/app/xmlui/cocoon/servlet/multipart/DSpaceTokenStream.java,133,FP,TP,1.00,"User-provided value cast to narrower type could lead to truncation, indicating potential vulnerabili..."
DSpace__DSpace_CVE-2022-31195_5.10,java/tainted-numeric-cast,dspace-xmlui/src/main/java/org/dspace/app/xmlui/cocoon/servlet/multipart/DSpaceTokenStream.java,148,FP,TP,1.00,"The code analysis identifies a potential truncation due to casting, which could be exploited if the ..."
DSpace__DSpace_CVE-2022-31195_5.10,java/xml/xpath-injection,dspace-api/src/main/java/org/dspace/content/authority/DSpaceControlledVocabulary.java,168,FP,ABSTAIN,1.00,"Code slice is unreadable and no explicit path constraints extracted, making it impossible to assess ..."
DSpace__DSpace_CVE-2022-31195_5.10,java/maven/non-https-url,dspace/modules/xmlui-mirage2/pom.xml,331,FP,TP,1.00,"Insecure protocol identified in data flow from pom.xml without path constraints, matching alert desc..."
DSpace__DSpace_CVE-2022-31195_5.10,java/maven/non-https-url,pom.xml,1632,FP,ABSTAIN,1.00,"Source file pom.xml could not be read, hence unable to assess the dataflow...."
vert-x3__vertx-web_CVE-2019-17640_3.9.3,java/weak-cryptographic-algorithm,vertx-web/src/main/java/io/vertx/ext/web/handler/impl/DigestAuthHandlerImpl.java,58,FP,TP,1.00,"MD5 is identified as a weak cryptographic algorithm. The source and sink are aligned, and there are ..."
vert-x3__vertx-web_CVE-2019-17640_3.9.3,java/weak-cryptographic-algorithm,vertx-web/src/main/java/io/vertx/ext/web/handler/sockjs/impl/SockJSHandlerImpl.java,247,FP,TP,1.00,MD5 is known to be cryptographically weak. The alert indicates use of MD5 in the code at the provide...
vert-x3__vertx-web_CVE-2019-17640_3.9.3,java/redos,vertx-web-api-contract/src/main/java/io/vertx/ext/web/api/validation/impl/RegularExpressions.java,8,FP,TP,1.00,Exponential backtracking vulnerability confirmed by data flow trace and lack of path constraints....
apache__mina-sshd_CVE-2023-35887_2.9.2,java/weak-cryptographic-algorithm,sshd-common/src/main/java/org/apache/sshd/common/cipher/BaseCipher.java,107,FP,TP,1.00,Weak cryptographic algorithm [ARCFOUR] detected in critical location with data flow indicating poten...
apache__mina-sshd_CVE-2023-35887_2.9.2,java/weak-cryptographic-algorithm,sshd-common/src/main/java/org/apache/sshd/common/cipher/BaseRC4Cipher.java,47,FP,TP,1.00,"The description directly references a known weak cryptographic algorithm [ARCFOUR], indicating a sec..."
apache__mina-sshd_CVE-2023-35887_2.9.2,java/weak-cryptographic-algorithm,sshd-contrib/src/main/java/org/apache/sshd/contrib/common/signature/LegacyDSASigner.java,61,FP,TP,1.00,"LegacySHA1withDSA is known to be weak and is used where it's flagged, indicating a potential vulnera..."
apache__mina-sshd_CVE-2023-35887_2.9.2,java/implicit-cast-in-compound-assignment,sshd-common/src/main/java/org/apache/sshd/common/mac/Poly1305Mac.java,196,FP,ABSTAIN,1.00,"Code slice is unreadable, making any analysis impossible...."
apache__mina-sshd_CVE-2023-35887_2.9.2,java/implicit-cast-in-compound-assignment,sshd-common/src/main/java/org/apache/sshd/common/mac/Poly1305Mac.java,197,FP,ABSTAIN,1.00,"Program slice is unreadable, making any analysis impossible...."
apache__mina-sshd_CVE-2023-35887_2.9.2,java/implicit-cast-in-compound-assignment,sshd-common/src/main/java/org/apache/sshd/common/mac/Poly1305Mac.java,198,FP,ABSTAIN,1.00,Code slice read error prevents analysis....
apache__mina-sshd_CVE-2023-35887_2.9.2,java/implicit-cast-in-compound-assignment,sshd-common/src/main/java/org/apache/sshd/common/mac/Poly1305Mac.java,199,FP,TP,1.00,"Implicit cast from long to int could lead to data loss, a common source of buffer overflow vulnerabi..."
apache__mina-sshd_CVE-2023-35887_2.9.2,java/implicit-cast-in-compound-assignment,sshd-common/src/main/java/org/apache/sshd/common/mac/Poly1305Mac.java,200,FP,ABSTAIN,1.00,"Source file unreadable, no valuable evidence to determine TP or FP...."
apache__mina-sshd_CVE-2023-35887_2.9.2,java/implicit-cast-in-compound-assignment,sshd-common/src/test/java/org/apache/sshd/common/cipher/BaseAuthenticatedCipherTest.java,58,FP,FP,1.00,"The alert indicates an implicit cast from int to byte which could lead to overflow, but no explicit ..."
apache__mina-sshd_CVE-2023-35887_2.9.2,java/implicit-cast-in-compound-assignment,sshd-core/src/main/java/org/apache/sshd/common/channel/ChannelOutputStream.java,194,FP,ABSTAIN,1.00,"Source file could not be read, making analysis impossible...."
apache__mina-sshd_CVE-2023-35887_2.9.2,java/implicit-cast-in-compound-assignment,sshd-core/src/main/java/org/apache/sshd/common/channel/ChannelOutputStream.java,195,FP,ABSTAIN,1.00,Cannot reconstruct claim without source file content....
dromara__hutool_CVE-2018-17297_4.1.11,java/unsafe-hostname-verification,hutool-http/src/main/java/cn/hutool/http/HttpConnection.java,578,FP,TP,1.00,Always accepting any certificate regardless of hostname is a security vulnerability....
dromara__hutool_CVE-2018-17297_4.1.11,java/weak-cryptographic-algorithm,hutool-core/src/main/java/cn/hutool/core/lang/UUID.java,116,FP,ABSTAIN,1.00,"Source file could not be read, preventing reconstruction of the analyzer claim and preconditions...."
dromara__hutool_CVE-2018-17297_4.1.11,java/weak-cryptographic-algorithm,hutool-crypto/src/main/java/cn/hutool/crypto/SecureUtil.java,93,FP,TP,1.00,"Multiple cryptographic algorithms identified as weak are exposed in the codebase, indicating a poten..."
dromara__hutool_CVE-2018-17297_4.1.11,java/weak-cryptographic-algorithm,hutool-crypto/src/main/java/cn/hutool/crypto/SecureUtil.java,122,FP,TP,1.00,"DES is known to be weak. The alert identifies its use, with data flow from DES to SecureUtil where s..."
dromara__hutool_CVE-2018-17297_4.1.11,java/weak-cryptographic-algorithm,hutool-crypto/src/main/java/cn/hutool/crypto/SecureUtil.java,187,FP,TP,1.00,"DES is known to be weak. The source and sink locations indicate data flow between code using DES, su..."
dromara__hutool_CVE-2018-17297_4.1.11,java/weak-cryptographic-algorithm,hutool-crypto/src/main/java/cn/hutool/crypto/digest/Digester.java,53,FP,TP,1.00,"MD5 is identified as weak cryptographic algorithm in use at specified locations, indicating a real v..."
dromara__hutool_CVE-2018-17297_4.1.11,java/weak-cryptographic-algorithm,hutool-crypto/src/main/java/cn/hutool/crypto/digest/HMac.java,70,FP,TP,1.00,The alert identifies weak cryptographic algorithms HmacMD5 and HmacSHA1. The code paths trace from t...
dromara__hutool_CVE-2018-17297_4.1.11,java/weak-cryptographic-algorithm,hutool-crypto/src/main/java/cn/hutool/crypto/symmetric/SymmetricCrypto.java,133,FP,TP,1.00,"The alert identifies DES, a known weak cryptographic algorithm, in use. The data flow traces indicat..."
dromara__hutool_CVE-2018-17297_4.1.11,java/insecure-cookie,hutool-extra/src/main/java/cn/hutool/extra/servlet/ServletUtil.java,376,FP,ABSTAIN,1.00,"Source file cannot be read, making analysis impossible...."
dromara__hutool_CVE-2018-17297_4.1.11,java/insecure-cookie,hutool-extra/src/main/java/cn/hutool/extra/servlet/ServletUtil.java,387,FP,TP,1.00,"Alert describes adding a cookie without 'secure' flag, indicating a potential security issue. No exp..."
dromara__hutool_CVE-2018-17297_4.1.11,java/insecure-trustmanager,hutool-http/src/main/java/cn/hutool/http/ssl/SSLSocketFactoryBuilder.java,110,FP,TP,1.00,"TrustManager trusts any certificate without validation, indicating potential man-in-the-middle vulne..."
dromara__hutool_CVE-2018-17297_4.1.11,java/zipslip,hutool-core/src/main/java/cn/hutool/core/util/ZipUtil.java,389,TP,TP,1.00,Unsanitized archive entry used in file system operation indicates potential for path traversal attac...
dromara__hutool_CVE-2018-17297_4.1.11,java/path-injection,hutool-core/src/main/java/cn/hutool/core/convert/impl/PathConverter.java,33,FP,TP,1.00,"User-provided values are passed through multiple components without explicit constraints, indicating..."
dromara__hutool_CVE-2018-17297_4.1.11,java/xss,hutool-core/src/main/java/cn/hutool/core/io/IoUtil.java,173,FP,ABSTAIN,1.00,"Source code slice missing, making analysis impossible...."
dromara__hutool_CVE-2018-17297_4.1.11,java/implicit-cast-in-compound-assignment,hutool-core/src/main/java/cn/hutool/core/date/DateUtil.java,1471,FP,ABSTAIN,1.00,"Code slice inaccessible, cannot analyze for TP or FP...."
apache__sling-org-apache-sling-servlets-resolver_CVE-2024-23673_2.10.0,java/xss,src/main/java/org/apache/sling/servlets/resolver/internal/console/WebConsolePlugin.java,138,FP,TP,1.00,Cross-site scripting vulnerability identified with user-provided data flow to sink. Source and sink ...
codehaus-plexus__plexus-archiver_CVE-2018-1002200_3.5,java/concatenated-command-line,src/test/java/org/codehaus/plexus/archiver/tar/TarFileAttributesTest.java,99,FP,ABSTAIN,1.00,"Source file unreadable, cannot perform analysis...."
codehaus-plexus__plexus-archiver_CVE-2018-1002200_3.5,java/concatenated-command-line,src/test/java/org/codehaus/plexus/archiver/tar/TarFileAttributesTest.java,173,FP,FP,1.00,String concatenation alone is not a vulnerability. Data flow and constraints missing indicate it may...
codehaus-plexus__plexus-archiver_CVE-2018-1002200_3.5,java/concatenated-command-line,src/test/java/org/codehaus/plexus/archiver/tar/TarFileAttributesTest.java,242,FP,ABSTAIN,1.00,Source file could not be read; insufficient data to evaluate....
codehaus-plexus__plexus-archiver_CVE-2018-1002200_3.5,java/concatenated-command-line,src/test/java/org/codehaus/plexus/archiver/tar/TarFileAttributesTest.java,308,FP,ABSTAIN,1.00,Cannot make a decision due to missing source file content and no explicit path constraints....
jeremylong__DependencyCheck_CVE-2018-12036_3.1.2,java/weak-cryptographic-algorithm,utils/src/main/java/org/owasp/dependencycheck/utils/Checksum.java,69,FP,TP,1.00,Weak cryptographic algorithms like MD5 and SHA1 are known vulnerabilities. The dataflow matches sink...
jeremylong__DependencyCheck_CVE-2018-12036_3.1.2,java/weak-cryptographic-algorithm,utils/src/main/java/org/owasp/dependencycheck/utils/Checksum.java,194,FP,TP,1.00,"MD5 and SHA1 are cryptographically weak. The data flow traces show usage from taint source to sink, ..."
jeremylong__DependencyCheck_CVE-2018-12036_3.1.2,java/overly-large-range,core/src/main/java/org/owasp/dependencycheck/dependency/VulnerableSoftware.java,210,FP,ABSTAIN,1.00,Unable to analyze due to missing source file reading....
jeremylong__DependencyCheck_CVE-2018-12036_3.1.2,java/polynomial-redos,core/src/main/java/org/owasp/dependencycheck/utils/DependencyVersion.java,79,FP,ABSTAIN,1.00,Could not read source file; insufficient information to determine TP or FP....
jeremylong__DependencyCheck_CVE-2018-12036_3.1.2,java/zipslip,core/src/main/java/org/owasp/dependencycheck/analyzer/ArchiveAnalyzer.java,516,TP,TP,1.00,"Unsanitized archive entry with potential path traversal (using '..') in file operation, no explicit ..."
jeremylong__DependencyCheck_CVE-2018-12036_3.1.2,java/zipslip,core/src/main/java/org/owasp/dependencycheck/utils/ExtractionUtil.java,102,TP,ABSTAIN,1.00,"Source file could not be read, preconditions and evidence cannot be fully assessed...."
jeremylong__DependencyCheck_CVE-2018-12036_3.1.2,java/zipslip,core/src/main/java/org/owasp/dependencycheck/utils/ExtractionUtil.java,199,FP,ABSTAIN,1.00,"Code slice is unreadable, cannot analyze...."
jeremylong__DependencyCheck_CVE-2018-12036_3.1.2,java/path-injection,core/src/main/java/org/owasp/dependencycheck/analyzer/AbstractNpmAnalyzer.java,116,FP,ABSTAIN,1.00,Unable to determine if it's a TP or FP due to missing source file in program slice....
jeremylong__DependencyCheck_CVE-2018-12036_3.1.2,java/path-injection,utils/src/main/java/org/owasp/dependencycheck/utils/Checksum.java,70,FP,ABSTAIN,1.00,"Source file for the sink location is unreadable, preconditions and constraints cannot be verified...."
jeremylong__DependencyCheck_CVE-2018-12036_3.1.2,java/maven/non-https-url,core/src/test/resources/dwr-pom.xml,143,FP,FP,1.00,"Source and sink in same file, data flow partial but no explicit constraints; program slice unreadabl..."
jeremylong__DependencyCheck_CVE-2018-12036_3.1.2,java/maven/non-https-url,core/src/test/resources/dwr-pom.xml,280,FP,ABSTAIN,1.00,"Source file could not be read, no path constraints, no data flow trace evidence...."
jeremylong__DependencyCheck_CVE-2018-12036_3.1.2,java/maven/non-https-url,core/target/test-classes/dwr-pom.xml,143,FP,ABSTAIN,1.00,Source file could not be read; insufficient evidence to make a determination....
jeremylong__DependencyCheck_CVE-2018-12036_3.1.2,java/maven/non-https-url,core/target/test-classes/dwr-pom.xml,280,FP,ABSTAIN,1.00,Code slice is unreadable due to missing source file....
jeremylong__DependencyCheck_CVE-2018-12036_3.1.2,java/maven/non-https-url,maven/src/it/false-positives/pom.xml,31,FP,FP,1.00,"The taint source and sink are at the same location, indicating a false positive as no actual data fl..."
apache__dolphinscheduler_CVE-2022-26884_2.0.5,java/ssrf,dolphinscheduler-datasource-plugin/dolphinscheduler-datasource-api/src/main/java/org/apache/dolphinscheduler/plugin/datasource/api/provider/JdbcDataSourceProvider.java,51,FP,TP,1.00,Server-side request forgery potential identified due to user-provided values flowing through data so...
apache__dolphinscheduler_CVE-2022-26884_2.0.5,java/ssrf,dolphinscheduler-datasource-plugin/dolphinscheduler-datasource-api/src/main/java/org/apache/dolphinscheduler/plugin/datasource/api/provider/JdbcDataSourceProvider.java,76,FP,TP,1.00,The alert indicates potential server-side request forgery due to user-provided values. The data flow...
apache__dolphinscheduler_CVE-2022-26884_2.0.5,java/insecure-cookie,dolphinscheduler-api/src/main/java/org/apache/dolphinscheduler/api/controller/LoginController.java,114,FP,TP,1.00,"Missing 'secure' flag in cookie, indicating potential vulnerability due to lack of security measures..."
apache__dolphinscheduler_CVE-2022-26884_2.0.5,java/ldap-injection,dolphinscheduler-api/src/main/java/org/apache/dolphinscheduler/api/security/impl/ldap/LdapService.java,92,FP,FP,1.00,"No explicit path constraints, data flow is from user input to a service method without proper valida..."
apache__dolphinscheduler_CVE-2022-26884_2.0.5,java/insecure-trustmanager,dolphinscheduler-common/src/main/java/org/apache/dolphinscheduler/common/utils/HttpUtils.java,100,FP,TP,1.00,"TrustManager trust any certificate without explicit constraints, indicating potential security vulne..."
apache__dolphinscheduler_CVE-2022-26884_2.0.5,java/concatenated-command-line,dolphinscheduler-server/src/main/java/org/apache/dolphinscheduler/server/monitor/AbstractMonitor.java,77,FP,ABSTAIN,1.00,"No program slice provided, cannot assess vulnerability...."
joniles__mpxj_CVE-2020-35460_8.3.4,java/redos,src/main/java/net/sf/mpxj/fasttrack/FastTrackReader.java,632,FP,TP,1.00,"Exponential backtracking potential confirmed by CodeQL, path constraints missing, and partial flow i..."
joniles__mpxj_CVE-2020-35460_8.3.4,java/zipslip,src/main/java/net/sf/mpxj/common/InputStreamHelper.java,126,TP,FP,1.00,"The alert indicates unsanitized archive entry, but no path constraints nor flow partial evidence sug..."
asf__tapestry-5_CVE-2019-0207_5.4.4,java/weak-cryptographic-algorithm,tapestry-core/src/main/java/org/apache/tapestry5/internal/services/ClientDataEncoderImpl.java,68,FP,TP,1.00,"Sensitive data may flow through a known weak cryptographic algorithm, indicating a real vulnerabilit..."
asf__tapestry-5_CVE-2019-0207_5.4.4,java/insecure-cookie,tapestry-core/src/main/java/org/apache/tapestry5/modules/InternalModule.java,95,FP,TP,1.00,"The alert indicates a cookie is set without the 'secure' flag, which is a known security vulnerabili..."
asf__tapestry-5_CVE-2019-0207_5.4.4,java/unsafe-deserialization,tapestry-core/src/main/java/org/apache/tapestry5/corelib/components/Form.java,725,FP,TP,1.00,Unsafe deserialization vulnerability indicated by CodeQL alert. Evidence of user-controlled input be...
asf__tapestry-5_CVE-2019-0207_5.4.4,java/regex-injection,tapestry-core/src/main/java/org/apache/tapestry5/modules/TapestryModule.java,1007,FP,ABSTAIN,1.00,"Analyzable code slice is missing, therefore an educated guess is impossible...."
asf__tapestry-5_CVE-2019-0207_5.4.4,java/redos,tapestry-core/src/main/java/org/apache/tapestry5/ContentType.java,41,FP,ABSTAIN,1.00,"Code slice is unreadable, cannot perform analysis...."
asf__tapestry-5_CVE-2019-0207_5.4.4,java/redos,tapestry-webresources/src/main/java/com/yahoo/platform/yui/compressor/CssCompressor.java,149,FP,FP,1.00,"Alert identifies potential regex backtracking issue, but code slice is empty, making it impossible t..."
asf__tapestry-5_CVE-2019-0207_5.4.4,java/redos,tapestry-webresources/src/main/java/com/yahoo/platform/yui/compressor/CssCompressor.java,149,FP,FP,1.00,"Alert identifies potential regex backtracking issue, but code slice is empty, making it impossible t..."
asf__tapestry-5_CVE-2019-0207_5.4.4,java/path-injection,commons/src/main/java/org/apache/tapestry5/ioc/internal/BasicTypeCoercions.java,272,FP,FP,1.00,Alert indicates data flow depends on user-provided values but does not specify a security vulnerabil...
asf__tapestry-5_CVE-2019-0207_5.4.4,java/path-injection,tapestry-core/src/main/java/org/apache/tapestry5/internal/test/PageTesterContext.java,42,FP,ABSTAIN,1.00,Code slice is unreadable or irrelevant....
asf__tapestry-5_CVE-2019-0207_5.4.4,java/maven/non-https-url,quickstart/build/classes/main/archetype-resources/pom.xml,130,FP,ABSTAIN,1.00,"Code slice could not be read, making it impossible to determine if the dataflow is part of a vulnera..."
asf__tapestry-5_CVE-2019-0207_5.4.4,java/maven/non-https-url,quickstart/filtered/archetype-resources/pom.xml,130,FP,ABSTAIN,1.00,Code slice is unreadable and lacks relevant information to make a determination....
asf__tapestry-5_CVE-2019-0207_5.4.4,java/xss,tapestry-core/src/main/java/org/apache/tapestry5/internal/TapestryInternalUtils.java,370,FP,TP,1.00,"User input is present at source and leads to sink through data flow, indicating a potential XSS vuln..."
vert-x3__vertx-web_CVE-2018-12542_3.5.3.CR1,java/weak-cryptographic-algorithm,vertx-web/src/main/java/io/vertx/ext/web/handler/impl/DigestAuthHandlerImpl.java,58,FP,TP,1.00,"The alert indicates MD5 is used, known to be weak. There's a taint path from source to sink with no ..."
vert-x3__vertx-web_CVE-2018-12542_3.5.3.CR1,java/weak-cryptographic-algorithm,vertx-web/src/main/java/io/vertx/ext/web/handler/sockjs/impl/SockJSHandlerImpl.java,251,FP,TP,1.00,"MD5 is identified as weak cryptographic algorithm in use, and source and sink locations match. No pa..."
vert-x3__vertx-web_CVE-2018-12542_3.5.3.CR1,java/redos,vertx-web-api-contract/src/main/java/io/vertx/ext/web/api/validation/impl/RegularExpressions.java,8,FP,TP,1.00,Exponential backtracking in regex can lead to stack overflow vulnerabilities when handling specific ...
jenkinsci__perfecto-plugin_CVE-2020-2261_1.17,java/ssrf,src/main/java/io/plugins/perfecto/credentials/PerfectoCredentials.java,112,FP,ABSTAIN,1.00,"Code slice could not be read, making it impossible to analyze the dataflow...."
DSpace__DSpace_CVE-2022-31194_5.10,java/stack-trace-exposure,dspace-sword/src/main/java/org/purl/sword/server/ServiceDocumentServlet.java,152,FP,ABSTAIN,1.00,"Code slice is empty, cannot determine if vulnerability exists...."
DSpace__DSpace_CVE-2022-31194_5.10,java/unvalidated-url-redirection,dspace-api/src/main/java/org/dspace/rdf/negotiation/Negotiator.java,277,FP,TP,1.00,"Untrusted URL redirection depends on user input, data flow from source to sink with no explicit path..."
DSpace__DSpace_CVE-2022-31194_5.10,java/unvalidated-url-redirection,dspace-api/src/main/java/org/dspace/rdf/negotiation/Negotiator.java,307,FP,TP,1.00,"Untrusted URL redirection depends on user input, matching potential vulnerability pattern. Data flow..."
DSpace__DSpace_CVE-2022-31194_5.10,java/unvalidated-url-redirection,dspace-jspui/src/main/java/org/dspace/app/webui/servlet/ControlledVocabularyServlet.java,53,FP,TP,1.00,Untrusted URL redirection is a known security issue. The trace from a user-provided value to the sin...
DSpace__DSpace_CVE-2022-31194_5.10,java/unvalidated-url-redirection,dspace-jspui/src/main/java/org/dspace/app/webui/servlet/SearchResultLogServlet.java,71,FP,TP,1.00,Untrusted URL redirection based on user input without explicit path constraints indicates a potentia...
DSpace__DSpace_CVE-2022-31194_5.10,java/unvalidated-url-redirection,dspace-jspui/src/main/java/org/dspace/app/webui/servlet/VersionHistoryServlet.java,112,FP,FP,1.00,Alert indicates untrusted URL redirection but no constraints or partial flow indicate direct data fl...
DSpace__DSpace_CVE-2022-31194_5.10,java/unvalidated-url-redirection,dspace-jspui/src/main/java/org/dspace/app/webui/servlet/admin/MetadataFieldRegistryServlet.java,211,FP,TP,1.00,Untrusted URL redirection from user input without explicit path constraints indicates potential for ...
DSpace__DSpace_CVE-2022-31194_5.10,java/unvalidated-url-redirection,dspace-xmlui/src/main/java/org/dspace/app/xmlui/aspect/eperson/LoginRedirect.java,84,FP,ABSTAIN,1.00,Code slice is unreadable and lacks relevant information to assess vulnerability....
DSpace__DSpace_CVE-2022-31194_5.10,java/unvalidated-url-redirection,dspace-xmlui/src/main/java/org/dspace/app/xmlui/cocoon/DSpaceCocoonServletFilter.java,258,FP,TP,1.00,"Untrusted URL redirection based on user input matches classic open redirect vulnerability pattern, a..."
DSpace__DSpace_CVE-2022-31194_5.10,java/unvalidated-url-redirection,dspace-xmlui/src/main/java/org/dspace/app/xmlui/cocoon/DSpaceCocoonServletFilter.java,270,FP,TP,1.00,"Untrusted URL redirection based on user input without validation can lead to injection attacks, conf..."
DSpace__DSpace_CVE-2022-31194_5.10,java/http-response-splitting,dspace-api/src/main/java/org/dspace/rdf/negotiation/Negotiator.java,277,FP,TP,1.00,The alert identifies potential response-splitting vulnerability due to user-provided values. The cod...
DSpace__DSpace_CVE-2022-31194_5.10,java/http-response-splitting,dspace-api/src/main/java/org/dspace/rdf/negotiation/Negotiator.java,307,FP,TP,1.00,"User-provided values influencing headers can lead to response splitting, identified by Data Flow Tra..."
DSpace__DSpace_CVE-2022-31194_5.10,java/http-response-splitting,dspace-jspui/src/main/java/org/dspace/app/webui/servlet/ItemExportArchiveServlet.java,96,FP,TP,1.00,"User input is a taint source to sink, with no explicit path constraints and partial flow, indicating..."
DSpace__DSpace_CVE-2022-31194_5.10,java/http-response-splitting,dspace-jspui/src/main/java/org/dspace/app/webui/servlet/MetadataExportServlet.java,92,FP,FP,1.00,The description indicates a potential response-splitting vulnerability due to user-provided input. H...
DSpace__DSpace_CVE-2022-31194_5.10,java/http-response-splitting,dspace-jspui/src/main/java/org/dspace/app/webui/servlet/MyDSpaceServlet.java,727,FP,TP,1.00,"User-provided data affects response splitting, indicating a real vulnerability...."
DSpace__DSpace_CVE-2022-31194_5.10,java/weak-cryptographic-algorithm,dspace-api/src/main/java/org/dspace/checker/CheckerCommand.java,197,FP,TP,1.00,MD5 is confirmed as weak and should not be used. The provided data flow traces and source/sink locat...
DSpace__DSpace_CVE-2022-31194_5.10,java/weak-cryptographic-algorithm,dspace-api/src/main/java/org/dspace/core/Utils.java,129,FP,FP,1.00,MD5 usage warning is common; actual usage not confirmed in code slice....
DSpace__DSpace_CVE-2022-31194_5.10,java/weak-cryptographic-algorithm,dspace-api/src/main/java/org/dspace/eperson/PasswordHash.java,260,FP,FP,1.00,The MD5 alert is a known False Positive since MD5 is commonly used for non-security purposes and the...
DSpace__DSpace_CVE-2022-31194_5.10,java/weak-cryptographic-algorithm,dspace-api/src/main/java/org/dspace/storage/bitstore/BitstreamStorageManager.java,309,FP,TP,1.00,MD5 is considered cryptographically weak and the analysis identifies it as used in a data flow. No e...
DSpace__DSpace_CVE-2022-31194_5.10,java/weak-cryptographic-algorithm,dspace-api/src/main/java/org/dspace/storage/bitstore/BitstreamStorageManager.java,414,FP,TP,1.00,MD5 identified as weak cryptographic algorithm at source and sink with no explicit path constraints....
DSpace__DSpace_CVE-2022-31194_5.10,java/weak-cryptographic-algorithm,dspace-api/src/main/java/org/dspace/storage/bitstore/BitstreamStorageManager.java,457,FP,TP,1.00,MD5 is a known weak cryptographic algorithm. The path constraints indicate a potential data flow bet...
DSpace__DSpace_CVE-2022-31194_5.10,java/weak-cryptographic-algorithm,dspace-sword/src/main/java/org/purl/sword/base/ChecksumUtils.java,63,FP,TP,1.00,MD5 identified as weak cryptographic algorithm; source and sink match; evidence indicates data flow ...
DSpace__DSpace_CVE-2022-31194_5.10,java/weak-cryptographic-algorithm,dspace-sword/src/main/java/org/purl/sword/base/ChecksumUtils.java,123,FP,FP,1.00,"MD5 is weak, but no explicit path constraints or complete code slice to confirm vulnerability...."
DSpace__DSpace_CVE-2022-31194_5.10,java/ssrf,dspace-sword/src/main/java/org/purl/sword/client/Client.java,255,FP,TP,1.00,"User-provided values are flowed between the source and sink without explicit path constraints, indic..."
DSpace__DSpace_CVE-2022-31194_5.10,java/tainted-format-string,dspace-api/src/main/java/org/dspace/content/LicenseUtils.java,89,FP,ABSTAIN,1.00,Code slice could not be read with necessary content to determine vulnerability presence....
DSpace__DSpace_CVE-2022-31194_5.10,java/regex-injection,dspace-jspui/src/main/java/org/dspace/app/webui/handle/HandleJSONResolver.java,36,FP,TP,1.00,"User input is directly used in a regular expression with no apparent sanitization, and the data flow..."
DSpace__DSpace_CVE-2022-31194_5.10,java/polynomial-redos,dspace-api/src/main/java/org/dspace/discovery/SolrServiceImpl.java,2071,FP,TP,1.00,"The alert indicates potential slow regex performance on specific string patterns, indicating a poten..."
DSpace__DSpace_CVE-2022-31194_5.10,java/polynomial-redos,dspace-api/src/main/java/org/dspace/discovery/SolrServiceImpl.java,2089,FP,FP,1.00,"Alert indicates performance issue, not security vulnerability. No evidence of data exfiltration or u..."
DSpace__DSpace_CVE-2022-31194_5.10,java/polynomial-redos,dspace-jspui/src/main/java/org/dspace/app/webui/discovery/DiscoverUtility.java,437,FP,FP,1.00,"The alert indicates potential performance issues with regular expressions, not security vulnerabilit..."
DSpace__DSpace_CVE-2022-31194_5.10,java/zipslip,dspace-api/src/main/java/org/dspace/app/itemimport/ItemImport.java,2078,FP,TP,1.00,"Unsanitized input used in file system operation with no path constraints, indicating potential for a..."
DSpace__DSpace_CVE-2022-31194_5.10,java/zipslip,dspace-api/src/main/java/org/dspace/app/itemimport/ItemImport.java,2065,FP,TP,1.00,Unsanitized archive entry in file system operation matches description of potential vulnerability. N...
DSpace__DSpace_CVE-2022-31194_5.10,java/path-injection,dspace-api/src/main/java/org/dspace/app/itemexport/ItemExport.java,1151,FP,FP,1.00,"The evidence shows a flow partial and constraints missing, indicating potential but not definitive v..."
DSpace__DSpace_CVE-2022-31194_5.10,java/path-injection,dspace-api/src/main/java/org/dspace/app/itemexport/ItemExport.java,1155,FP,TP,1.00,"User-provided value flows through data flow traces from source to sink without constraints, indicati..."
DSpace__DSpace_CVE-2022-31194_5.10,java/path-injection,dspace-api/src/main/java/org/dspace/app/itemexport/ItemExport.java,1174,FP,ABSTAIN,1.00,Code slice is unreadable; unable to analyze or predict vulnerability....
DSpace__DSpace_CVE-2022-31194_5.10,java/path-injection,dspace-api/src/main/java/org/dspace/app/itemexport/ItemExport.java,1193,FP,ABSTAIN,1.00,"Code slice is unreadable, preconditions and constraints cannot be evaluated...."
DSpace__DSpace_CVE-2022-31194_5.10,java/path-injection,dspace-api/src/main/java/org/dspace/app/itemimport/ItemImport.java,1003,FP,ABSTAIN,1.00,Unable to assess due to missing source file content....
DSpace__DSpace_CVE-2022-31194_5.10,java/path-injection,dspace-api/src/main/java/org/dspace/app/itemimport/ItemImport.java,2443,FP,FP,1.00,"Missing source file content makes it impossible to confirm a dataflow, but path analysis and constra..."
DSpace__DSpace_CVE-2022-31194_5.10,java/path-injection,dspace-api/src/main/java/org/dspace/core/ConfigurationManager.java,529,FP,ABSTAIN,1.00,"Source file not readable, unable to reconstruct analyzer claim or assess preconditions...."
DSpace__DSpace_CVE-2022-31194_5.10,java/path-injection,dspace-api/src/main/java/org/dspace/core/ConfigurationManager.java,541,FP,TP,1.00,"User-provided values are flowed to a sink without explicit constraints, indicating a potential for d..."
DSpace__DSpace_CVE-2022-31194_5.10,java/path-injection,dspace-api/src/main/java/org/dspace/core/NewsManager.java,58,FP,ABSTAIN,1.00,"Code slice is empty, preconditions cannot be checked...."
DSpace__DSpace_CVE-2022-31194_5.10,java/path-injection,dspace-api/src/main/java/org/dspace/core/NewsManager.java,102,FP,ABSTAIN,1.00,"Code slice is empty, making analysis impossible...."
DSpace__DSpace_CVE-2022-31194_5.10,java/path-injection,dspace-jspui/src/main/java/org/dspace/app/webui/servlet/MyDSpaceServlet.java,717,FP,ABSTAIN,1.00,"Code slice could not be read, making any analysis impossible...."
DSpace__DSpace_CVE-2022-31194_5.10,java/path-injection,dspace-jspui/src/main/java/org/dspace/app/webui/servlet/MyDSpaceServlet.java,730,FP,ABSTAIN,1.00,"Code slice could not be read, preconditions analysis cannot be performed...."
DSpace__DSpace_CVE-2022-31194_5.10,java/path-injection,dspace-jspui/src/main/java/org/dspace/app/webui/servlet/SitemapServlet.java,82,FP,ABSTAIN,1.00,"Code slice is unreadable due to missing source file, preconditions and evidence analysis cannot be c..."
DSpace__DSpace_CVE-2022-31194_5.10,java/path-injection,dspace-jspui/src/main/java/org/dspace/app/webui/servlet/SitemapServlet.java,111,FP,TP,1.00,The dataflow from a user-provided value to a sink without explicit path constraints indicates a pote...
DSpace__DSpace_CVE-2022-31194_5.10,java/path-injection,dspace-jspui/src/main/java/org/dspace/app/webui/servlet/SubmissionController.java,284,FP,ABSTAIN,1.00,"Source or sink code slice could not be read, making analysis impossible...."
DSpace__DSpace_CVE-2022-31194_5.10,java/path-injection,dspace-jspui/src/main/java/org/dspace/app/webui/servlet/SubmissionController.java,1590,TP,ABSTAIN,1.00,Code slice inaccessible....
DSpace__DSpace_CVE-2022-31194_5.10,java/path-injection,dspace-jspui/src/main/java/org/dspace/app/webui/servlet/SubmissionController.java,1599,TP,ABSTAIN,1.00,"Code slice could not be read, insufficient data for analysis...."
DSpace__DSpace_CVE-2022-31194_5.10,java/path-injection,dspace-jspui/src/main/java/org/dspace/app/webui/servlet/SubmissionController.java,1706,TP,ABSTAIN,1.00,"Code slice is unreadable and path constraints are missing, making it impossible to determine if the ..."
DSpace__DSpace_CVE-2022-31194_5.10,java/path-injection,dspace-jspui/src/main/java/org/dspace/app/webui/servlet/SubmissionController.java,1711,TP,ABSTAIN,1.00,The code slice is unreadable and no relevant evidence is provided to make a decision....
DSpace__DSpace_CVE-2022-31194_5.10,java/path-injection,dspace-jspui/src/main/java/org/dspace/app/webui/servlet/SubmissionController.java,1712,FP,ABSTAIN,1.00,"Source and sink locations identified, but code slice inaccessible for detailed analysis...."
DSpace__DSpace_CVE-2022-31194_5.10,java/path-injection,dspace-sword/src/main/java/org/dspace/sword/DepositManager.java,267,FP,TP,1.00,User-provided value affects data flow leading to a potential vulnerability without explicit constrai...
DSpace__DSpace_CVE-2022-31194_5.10,java/path-injection,dspace-sword/src/main/java/org/dspace/sword/DepositManager.java,268,FP,ABSTAIN,1.00,"The program slice is empty, making it impossible to determine if the dataflow is part of a vulnerabi..."
DSpace__DSpace_CVE-2022-31194_5.10,java/path-injection,dspace-sword/src/main/java/org/dspace/sword/DepositManager.java,271,FP,ABSTAIN,1.00,"Code slice is empty, making analysis impossible...."
DSpace__DSpace_CVE-2022-31194_5.10,java/path-injection,dspace-sword/src/main/java/org/dspace/sword/DepositManager.java,277,FP,ABSTAIN,1.00,Unable to read source file for analysis....
DSpace__DSpace_CVE-2022-31194_5.10,java/xxe,dspace-api/src/main/java/org/dspace/app/sherpa/SHERPAResponse.java,55,FP,TP,1.00,"XML parsing depends on user input without guarding against external entity expansion, indicating a p..."
DSpace__DSpace_CVE-2022-31194_5.10,java/xxe,dspace-api/src/main/java/org/dspace/authority/orcid/xml/Converter.java,39,FP,TP,1.00,The alert indicates XML parsing depends on user-provided input without external entity expansion pro...
DSpace__DSpace_CVE-2022-31194_5.10,java/xxe,dspace-api/src/main/java/org/dspace/content/authority/LCNameAuthority.java,180,FP,TP,1.00,The alert indicates XML parsing depends on user input without protection against entity expansion. T...
DSpace__DSpace_CVE-2022-31194_5.10,java/xxe,dspace-api/src/main/java/org/dspace/content/authority/SHERPARoMEOProtocol.java,116,FP,TP,1.00,"Alert indicates XML parsing dependent on user-provided value without external entity protection, poi..."
DSpace__DSpace_CVE-2022-31194_5.10,java/xxe,dspace-api/src/main/java/org/dspace/content/packager/METSManifest.java,708,FP,TP,1.00,"XML parsing depends on user input without protection against external entity expansion, which can le..."
DSpace__DSpace_CVE-2022-31194_5.10,java/xxe,dspace-api/src/main/java/org/dspace/ctask/general/MetadataWebService.java,272,FP,TP,1.00,User-provided XML parsing without external entity protection is a known vulnerability leading to XXE...
DSpace__DSpace_CVE-2022-31194_5.10,java/xxe,dspace-api/src/main/java/org/dspace/license/CCLookup.java,196,FP,TP,1.00,The alert indicates that XML parsing is vulnerable to external entity expansion due to user input no...
DSpace__DSpace_CVE-2022-31194_5.10,java/xxe,dspace-api/src/main/java/org/dspace/license/CCLookup.java,306,FP,TP,1.00,Alert indicates XML parsing depends on user input without protection against external entity expansi...
DSpace__DSpace_CVE-2022-31194_5.10,java/xxe,dspace-api/src/main/java/org/dspace/license/CCLookup.java,354,FP,TP,1.00,"User-provided XML value directly affects parsing with no guarding against external entity expansion,..."
DSpace__DSpace_CVE-2022-31194_5.10,java/xxe,dspace-api/src/main/java/org/dspace/submit/lookup/ArXivService.java,130,FP,FP,1.00,Missing source file data makes reconstruction of potential vulnerability impossible. No explicit pat...
DSpace__DSpace_CVE-2022-31194_5.10,java/xxe,dspace-api/src/main/java/org/dspace/submit/lookup/CiNiiService.java,112,FP,TP,1.00,The alert indicates XML parsing is user-input dependent without external entity expansion protection...
DSpace__DSpace_CVE-2022-31194_5.10,java/xxe,dspace-api/src/main/java/org/dspace/submit/lookup/CiNiiService.java,192,FP,TP,1.00,XML parsing external entity expansion vulnerability confirmed by evidence that user-provided values ...
DSpace__DSpace_CVE-2022-31194_5.10,java/xxe,dspace-api/src/main/java/org/dspace/submit/lookup/CrossRefService.java,117,FP,TP,1.00,User-provided XML value directly influences parsing without protection against external entity expan...
DSpace__DSpace_CVE-2022-31194_5.10,java/xxe,dspace-api/src/main/java/org/dspace/submit/lookup/PubmedService.java,140,FP,TP,1.00,"User-provided XML parsing values lack protection against external entity expansion, which can lead t..."
DSpace__DSpace_CVE-2022-31194_5.10,java/xxe,dspace-api/src/main/java/org/dspace/submit/lookup/PubmedService.java,259,FP,FP,1.00,XML parsing depends on user input is a common pattern that can be safe. No explicit path constraints...
DSpace__DSpace_CVE-2022-31194_5.10,java/tainted-numeric-cast,dspace-xmlui/src/main/java/org/dspace/app/xmlui/cocoon/servlet/multipart/DSpaceTokenStream.java,133,FP,TP,1.00,"User-provided value casts to narrower type, potentially truncating data, aligns with description of ..."
DSpace__DSpace_CVE-2022-31194_5.10,java/tainted-numeric-cast,dspace-xmlui/src/main/java/org/dspace/app/xmlui/cocoon/servlet/multipart/DSpaceTokenStream.java,148,FP,TP,1.00,"User-provided value casts to a narrower type, potential truncation, data flow from source to sink wi..."
DSpace__DSpace_CVE-2022-31194_5.10,java/xml/xpath-injection,dspace-api/src/main/java/org/dspace/content/authority/DSpaceControlledVocabulary.java,168,FP,ABSTAIN,1.00,"Code slice is unreadable, making educated guess impossible...."
DSpace__DSpace_CVE-2022-31194_5.10,java/maven/non-https-url,dspace/modules/xmlui-mirage2/pom.xml,331,FP,FP,1.00,"Alert indicates insecure protocol use, but code slice is unreadable due to file access error, so no ..."
DSpace__DSpace_CVE-2022-31194_5.10,java/maven/non-https-url,pom.xml,1632,FP,ABSTAIN,1.00,"Source file pom.xml could not be read, making it impossible to analyze data flow or path constraints..."
ESAPI__esapi-java-legacy_CVE-2022-23457_2.2.3.1,java/unvalidated-url-redirection,src/main/java/org/owasp/esapi/filters/SecurityWrapperResponse.java,436,FP,TP,1.00,"Untrusted URL redirection is influenced by user input, indicating potential for manipulation leading..."
ESAPI__esapi-java-legacy_CVE-2022-23457_2.2.3.1,java/unvalidated-url-redirection,src/main/java/org/owasp/esapi/waf/ESAPIWebApplicationFirewallFilter.java,463,FP,TP,1.00,The alert indicates a [user-provided value](1) and [user-provided value](2) are used in untrusted UR...
ESAPI__esapi-java-legacy_CVE-2022-23457_2.2.3.1,java/http-response-splitting,src/main/java/org/owasp/esapi/reference/DefaultHTTPUtilities.java,242,FP,ABSTAIN,1.00,Code slice is unreadable. Cannot perform analysis....
ESAPI__esapi-java-legacy_CVE-2022-23457_2.2.3.1,java/weak-cryptographic-algorithm,src/main/java/org/owasp/esapi/crypto/CipherText.java,833,FP,TP,1.00,"HmacSHA1 identified as weak, consistent with alert, despite empty code slice indicating possible iss..."
ESAPI__esapi-java-legacy_CVE-2022-23457_2.2.3.1,java/weak-cryptographic-algorithm,src/main/java/org/owasp/esapi/crypto/KeyDerivationFunction.java,371,FP,TP,1.00,HmacSHA1 is a known weak cryptographic algorithm. The data flow includes direct references from usag...
ESAPI__esapi-java-legacy_CVE-2022-23457_2.2.3.1,java/weak-cryptographic-algorithm,src/main/java/org/owasp/esapi/reference/crypto/JavaEncryptor.java,665,FP,ABSTAIN,1.00,"Code slice is unreadable, making any analysis impossible...."
ESAPI__esapi-java-legacy_CVE-2022-23457_2.2.3.1,java/weak-cryptographic-algorithm,src/main/java/org/owasp/esapi/reference/crypto/JavaEncryptor.java,1038,FP,TP,1.00,SHA1withDSA is a known weak cryptographic algorithm. The data flow indicates potential use in JavaEn...
ESAPI__esapi-java-legacy_CVE-2022-23457_2.2.3.1,java/weak-cryptographic-algorithm,src/test/java/org/owasp/esapi/reference/crypto/CryptoPolicy.java,63,FP,TP,1.00,Cryptographic algorithm AES/ECB/NoPadding is known to be vulnerable. CodeQL alert indicates potentia...
ESAPI__esapi-java-legacy_CVE-2022-23457_2.2.3.1,java/insecure-cookie,src/main/java/org/owasp/esapi/filters/SecurityWrapperRequest.java,748,FP,TP,1.00,"Analyzer claims cookie added without 'secure' flag, evidence shows data flow from source to sink, no..."
ESAPI__esapi-java-legacy_CVE-2022-23457_2.2.3.1,java/insecure-cookie,src/main/java/org/owasp/esapi/filters/SecurityWrapperResponse.java,110,FP,ABSTAIN,1.00,"Source file could not be read, making it impossible to analyze...."
ESAPI__esapi-java-legacy_CVE-2022-23457_2.2.3.1,java/insecure-cookie,src/main/java/org/owasp/esapi/reference/DefaultHTTPUtilities.java,203,FP,FP,1.00,"Missing source code prevents a definitive analysis. However, the alert indicates a cookie is set wit..."
ESAPI__esapi-java-legacy_CVE-2022-23457_2.2.3.1,java/insecure-cookie,src/main/java/org/owasp/esapi/reference/DefaultHTTPUtilities.java,729,FP,ABSTAIN,1.00,"Source file could not be read, unable to assess whether the alert is a TP or FP...."
ESAPI__esapi-java-legacy_CVE-2022-23457_2.2.3.1,java/insecure-cookie,src/main/java/org/owasp/esapi/reference/DefaultHTTPUtilities.java,961,FP,ABSTAIN,1.00,"Source file could not be read, rendering analysis incomplete...."
ESAPI__esapi-java-legacy_CVE-2022-23457_2.2.3.1,java/insecure-cookie,src/main/java/org/owasp/esapi/reference/DefaultHTTPUtilities.java,993,FP,FP,1.00,"Lack of source file content prevents reconstruction of analyzer claim, but path constraints indicate..."
ESAPI__esapi-java-legacy_CVE-2022-23457_2.2.3.1,java/insecure-cookie,src/test/java/org/owasp/esapi/http/MockFilterChain.java,43,FP,FP,1.00,"The analysis indicates no explicit path constraints and flow is partial, but the source and sink loc..."
ESAPI__esapi-java-legacy_CVE-2022-23457_2.2.3.1,java/insecure-cookie,src/test/java/org/owasp/esapi/waf/HttpOnlyTest.java,80,FP,ABSTAIN,1.00,Source file unreadable; insufficient evidence to determine TP or FP....
ESAPI__esapi-java-legacy_CVE-2022-23457_2.2.3.1,java/polynomial-redos,src/main/java/org/owasp/esapi/codecs/ref/EncodingPatternPreservation.java,58,FP,ABSTAIN,1.00,"The code slice is completely empty, making it impossible to make an educated decision...."
ESAPI__esapi-java-legacy_CVE-2022-23457_2.2.3.1,java/xss,src/test/java/org/owasp/esapi/http/MockFilterChain.java,42,FP,TP,1.00,"User-provided value flows to sink without validation, indicating potential XSS vulnerability...."
kubernetes-client__java_CVE-2020-8570_client-java-parent-9.0.1,java/insecure-trustmanager,kubernetes/src/main/java/io/kubernetes/client/openapi/ApiClient.java,1343,FP,TP,1.00,"The alert indicates trust of any certificate, which is a common vulnerability. The code slice althou..."
kubernetes-client__java_CVE-2020-8570_client-java-parent-9.0.1,java/zipslip,util/src/main/java/io/kubernetes/client/Copy.java,140,FP,TP,1.00,Unsanitized archive entry used in a file operation with no explicit path constraints and missing con...
spring-cloud__spring-cloud-config_CVE-2020-5405_2.1.6.RELEASE,java/polynomial-redos,spring-cloud-config-server/src/main/java/org/springframework/cloud/config/server/encryption/EnvironmentPrefixHelper.java,128,FP,FP,1.00,"Analysis indicates regular expressions may run slow due to user input, but no evidence of security v..."
spring-cloud__spring-cloud-config_CVE-2020-5405_2.1.6.RELEASE,java/polynomial-redos,spring-cloud-config-server/src/main/java/org/springframework/cloud/config/server/encryption/EnvironmentPrefixHelper.java,132,FP,FP,1.00,Slow regex performance is not indicative of a security vulnerability. No explicit security risks ide...
spring-cloud__spring-cloud-config_CVE-2020-5405_2.1.6.RELEASE,java/polynomial-redos,spring-cloud-config-server/src/main/java/org/springframework/cloud/config/server/encryption/EnvironmentPrefixHelper.java,132,FP,FP,1.00,Slow regex performance is not indicative of a security vulnerability. No explicit security risks ide...
spring-cloud__spring-cloud-config_CVE-2020-5405_2.1.6.RELEASE,java/path-injection,spring-cloud-config-server/src/main/java/org/springframework/cloud/config/server/environment/SvnKitEnvironmentRepository.java,191,FP,ABSTAIN,1.00,Code slice read error prevents analysis....
spring-cloud__spring-cloud-config_CVE-2020-5405_2.1.6.RELEASE,java/path-injection,spring-cloud-config-server/src/main/java/org/springframework/cloud/config/server/environment/SvnKitEnvironmentRepository.java,193,FP,TP,1.00,"User-provided values are input to a system and output to a sink without explicit constraints, raisin..."
spring-cloud__spring-cloud-config_CVE-2020-5405_2.1.6.RELEASE,java/path-injection,spring-cloud-config-server/src/main/java/org/springframework/cloud/config/server/environment/SvnKitEnvironmentRepository.java,195,FP,TP,1.00,"Path depends on user inputs, flow through multiple points, and constraints missing indicate potentia..."
spring-cloud__spring-cloud-config_CVE-2020-5405_2.1.6.RELEASE,java/path-injection,spring-cloud-config-server/src/main/java/org/springframework/cloud/config/server/support/AbstractScmAccessor.java,266,FP,ABSTAIN,1.00,Code slice is unreadable and path constraints are missing....
spring-cloud__spring-cloud-config_CVE-2020-5405_2.1.6.RELEASE,java/xss,spring-cloud-config-server/src/main/java/org/springframework/cloud/config/server/encryption/EncryptionController.java,101,FP,TP,1.00,Cross-site scripting vulnerability detected due to user-provided input being directly related to sin...
spring-cloud__spring-cloud-config_CVE-2020-5405_2.1.6.RELEASE,java/xss,spring-cloud-config-server/src/main/java/org/springframework/cloud/config/server/encryption/EncryptionController.java,115,FP,TP,1.00,Cross-site scripting (XSS) vulnerabilities require user input as a source and output to a sink. The ...
spring-cloud__spring-cloud-config_CVE-2020-5410_2.1.8.RELEASE,java/polynomial-redos,spring-cloud-config-server/src/main/java/org/springframework/cloud/config/server/encryption/EnvironmentPrefixHelper.java,128,FP,ABSTAIN,1.00,"Code slice is unreadable, making analysis impossible...."
spring-cloud__spring-cloud-config_CVE-2020-5410_2.1.8.RELEASE,java/polynomial-redos,spring-cloud-config-server/src/main/java/org/springframework/cloud/config/server/encryption/EnvironmentPrefixHelper.java,132,FP,FP,1.00,"Alert indicates performance issue, not a security vulnerability. No data exfiltration or integrity i..."
spring-cloud__spring-cloud-config_CVE-2020-5410_2.1.8.RELEASE,java/polynomial-redos,spring-cloud-config-server/src/main/java/org/springframework/cloud/config/server/encryption/EnvironmentPrefixHelper.java,132,FP,FP,1.00,"Alert indicates performance issue, not a security vulnerability. No data exfiltration or integrity i..."
spring-cloud__spring-cloud-config_CVE-2020-5410_2.1.8.RELEASE,java/path-injection,spring-cloud-config-server/src/main/java/org/springframework/cloud/config/server/environment/SvnKitEnvironmentRepository.java,191,FP,ABSTAIN,1.00,"Source file unreadable, incomplete evidence...."
spring-cloud__spring-cloud-config_CVE-2020-5410_2.1.8.RELEASE,java/path-injection,spring-cloud-config-server/src/main/java/org/springframework/cloud/config/server/environment/SvnKitEnvironmentRepository.java,193,FP,ABSTAIN,1.00,"Code slice for SvnKitEnvironmentRepository.java is unreadable, making analysis impossible...."
spring-cloud__spring-cloud-config_CVE-2020-5410_2.1.8.RELEASE,java/path-injection,spring-cloud-config-server/src/main/java/org/springframework/cloud/config/server/environment/SvnKitEnvironmentRepository.java,195,FP,ABSTAIN,1.00,"Code slice cannot be read, making analysis impossible...."
spring-cloud__spring-cloud-config_CVE-2020-5410_2.1.8.RELEASE,java/path-injection,spring-cloud-config-server/src/main/java/org/springframework/cloud/config/server/support/AbstractScmAccessor.java,266,FP,FP,1.00,"User-provided values are not explicitly sanitized before use, but no explicit path constraints indic..."
spring-cloud__spring-cloud-config_CVE-2020-5410_2.1.8.RELEASE,java/xss,spring-cloud-config-server/src/main/java/org/springframework/cloud/config/server/encryption/EncryptionController.java,101,FP,TP,1.00,Cross-site scripting (XSS) vulnerabilities arise when unescaped user input is directly rendered on a...
spring-cloud__spring-cloud-config_CVE-2020-5410_2.1.8.RELEASE,java/xss,spring-cloud-config-server/src/main/java/org/springframework/cloud/config/server/encryption/EncryptionController.java,115,FP,TP,1.00,Cross-site scripting vulnerability indicators present with user-provided values and data flow traces...
apache__jspwiki_CVE-2019-0225_2.11.0.M2,java/stack-trace-exposure,jspwiki-main/src/main/java/org/apache/wiki/attachment/AttachmentServlet.java,324,FP,FP,1.00,Source and sink are at the same location indicating a potential false positive due to lack of path c...
apache__jspwiki_CVE-2019-0225_2.11.0.M2,java/stack-trace-exposure,jspwiki-main/src/main/java/org/apache/wiki/attachment/AttachmentServlet.java,353,FP,ABSTAIN,1.00,Unable to access source file for analysis....
apache__jspwiki_CVE-2019-0225_2.11.0.M2,java/stack-trace-exposure,jspwiki-main/src/main/java/org/apache/wiki/tags/AuthorTag.java,72,FP,FP,1.00,"Data flow traces and constraints indicate potential exposure, but the code slice is unreadable and n..."
apache__jspwiki_CVE-2019-0225_2.11.0.M2,java/stack-trace-exposure,jspwiki-main/src/main/java/org/apache/wiki/tags/InsertPageTag.java,128,FP,FP,1.00,"No explicit path constraints and no readable source code slice, suggesting the alert might be a fals..."
apache__jspwiki_CVE-2019-0225_2.11.0.M2,java/stack-trace-exposure,jspwiki-main/src/main/java/org/apache/wiki/tags/PageSizeTag.java,63,FP,ABSTAIN,1.00,Cannot reconstruct claim or check preconditions due to missing source file....
apache__jspwiki_CVE-2019-0225_2.11.0.M2,java/stack-trace-exposure,jspwiki-main/src/main/java/org/apache/wiki/tags/PluginTag.java,126,FP,ABSTAIN,1.00,"Source and sink locations match, but code slice is unreadable and no path constraints are extracted...."
apache__jspwiki_CVE-2019-0225_2.11.0.M2,java/stack-trace-exposure,jspwiki-main/src/main/java/org/apache/wiki/tags/VariableTag.java,107,FP,ABSTAIN,1.00,"Code slice could not be read, making analysis impossible...."
apache__jspwiki_CVE-2019-0225_2.11.0.M2,java/unvalidated-url-redirection,jspwiki-main/src/main/java/org/apache/wiki/attachment/AttachmentServlet.java,304,FP,TP,1.00,"Untrusted input used in URL redirection with no explicit path constraints, indicating potential for ..."
apache__jspwiki_CVE-2019-0225_2.11.0.M2,java/weak-cryptographic-algorithm,jspwiki-main/src/main/java/org/apache/wiki/ReferenceManager.java,384,FP,TP,1.00,"MD5 is recognized as weak, and its use in the source and sink locations indicates a potential crypto..."
apache__jspwiki_CVE-2019-0225_2.11.0.M2,java/weak-cryptographic-algorithm,jspwiki-main/src/main/java/org/apache/wiki/parser/CreoleToJSPWikiTranslator.java,515,FP,TP,1.00,MD5 is identified as weak and should not be used; code slice indicates potential use of MD5 in the c...
apache__jspwiki_CVE-2019-0225_2.11.0.M2,java/insecure-cookie,jspwiki-main/src/main/java/org/apache/wiki/auth/login/CookieAssertionLoginModule.java,148,FP,TP,1.00,"Secure flag missing in cookie with flow from tainted source, indicating potential vulnerability...."
apache__jspwiki_CVE-2019-0225_2.11.0.M2,java/insecure-cookie,jspwiki-main/src/main/java/org/apache/wiki/auth/login/CookieAssertionLoginModule.java,161,FP,FP,1.00,"The alert indicates a cookie is set without the 'secure' flag, but the source code could not be read..."
apache__jspwiki_CVE-2019-0225_2.11.0.M2,java/insecure-cookie,jspwiki-main/src/main/java/org/apache/wiki/auth/login/CookieAuthenticationLoginModule.java,250,FP,TP,1.00,"The source and sink location match, indicating a potential vulnerability due to the lack of 'secure'..."
apache__jspwiki_CVE-2019-0225_2.11.0.M2,java/insecure-cookie,jspwiki-main/src/main/java/org/apache/wiki/auth/login/CookieAuthenticationLoginModule.java,299,FP,FP,1.00,"Dataflow analysis indicates missing path constraints, but lack of code slice and explicit path const..."
apache__jspwiki_CVE-2019-0225_2.11.0.M2,java/insecure-cookie,jspwiki-main/src/main/java/org/apache/wiki/tags/CookieTag.java,282,FP,FP,1.00,"No source code provided to assess if the vulnerability is present or not; however, the absence of a ..."
apache__jspwiki_CVE-2019-0225_2.11.0.M2,java/insecure-cookie,jspwiki-main/src/main/java/org/apache/wiki/tags/CookieTag.java,286,FP,TP,1.00,"The dataflow includes adding a cookie without the 'secure' flag, which is a well-known security vuln..."
apache__jspwiki_CVE-2019-0225_2.11.0.M2,java/regex-injection,jspwiki-main/src/main/java/org/apache/wiki/forms/FormSelect.java,137,FP,ABSTAIN,1.00,"Code slice empty, cannot assess vulnerability...."
apache__jspwiki_CVE-2019-0225_2.11.0.M2,java/regex-injection,jspwiki-main/src/main/java/org/apache/wiki/plugin/IndexPlugin.java,142,FP,ABSTAIN,1.00,Source code slice is unreadable; cannot make a decision....
apache__jspwiki_CVE-2019-0225_2.11.0.M2,java/regex-injection,jspwiki-main/src/main/java/org/apache/wiki/plugin/IndexPlugin.java,143,FP,ABSTAIN,1.00,"Source file unreadable, no path constraints, no flow, and constraints missing...."
apache__jspwiki_CVE-2019-0225_2.11.0.M2,java/polynomial-redos,jspwiki-main/src/main/java/org/apache/wiki/parser/CreoleToJSPWikiTranslator.java,507,FP,ABSTAIN,1.00,Code slice is unreadable and provides no information for analysis....
apache__jspwiki_CVE-2019-0225_2.11.0.M2,java/polynomial-redos,jspwiki-main/src/main/java/org/apache/wiki/plugin/WeblogPlugin.java,341,FP,ABSTAIN,1.00,"Code slice empty, unable to perform analysis...."
apache__jspwiki_CVE-2019-0225_2.11.0.M2,java/path-injection,jspwiki-main/src/main/java/org/apache/wiki/auth/login/CookieAuthenticationLoginModule.java,124,FP,TP,1.00,"User-provided value flows to authentication module, potential for data injection...."
apache__jspwiki_CVE-2019-0225_2.11.0.M2,java/path-injection,jspwiki-main/src/main/java/org/apache/wiki/auth/login/CookieAuthenticationLoginModule.java,213,FP,FP,1.00,"Evidence suggests user input is sanitized before reaching the sink, no evidence of direct path from ..."
apache__jspwiki_CVE-2019-0225_2.11.0.M2,java/concatenated-command-line,jspwiki-util/src/test/java/org/apache/wiki/util/FileUtilTest.java,102,FP,FP,1.00,"Alert indicates string concatenation in command line but the program slice is unreadable, cannot con..."
apache__jspwiki_CVE-2019-0225_2.11.0.M2,java/xss,jspwiki-main/src/main/java/org/apache/wiki/plugin/SampleAjaxPlugin.java,59,FP,ABSTAIN,1.00,"Source file for the sink location could not be read, making it impossible to analyze the data flow a..."
apache__jspwiki_CVE-2019-0225_2.11.0.M2,java/xss,jspwiki-main/src/main/java/org/apache/wiki/tags/AuthorTag.java,72,FP,TP,1.00,"Cross-site scripting vulnerability identified with clear source to sink data flow paths, despite mis..."
apache__jspwiki_CVE-2019-0225_2.11.0.M2,java/xss,jspwiki-main/src/main/java/org/apache/wiki/tags/CalendarTag.java,320,FP,ABSTAIN,1.00,"Source file could not be read, unable to analyze or validate preconditions...."
apache__jspwiki_CVE-2019-0225_2.11.0.M2,java/xss,jspwiki-main/src/main/java/org/apache/wiki/tags/CookieTag.java,256,FP,TP,1.00,"Cross-site scripting (XSS) vulnerability confirmed by source and sink, although path constraints mis..."
apache__jspwiki_CVE-2019-0225_2.11.0.M2,java/xss,jspwiki-main/src/main/java/org/apache/wiki/tags/FeedDiscoveryTag.java,59,FP,TP,1.00,"User-provided value flows from WikiContext.java to FeedDiscoveryTag.java, indicating a potential cro..."
apache__jspwiki_CVE-2019-0225_2.11.0.M2,java/xss,jspwiki-main/src/main/java/org/apache/wiki/tags/FeedDiscoveryTag.java,72,FP,TP,1.00,Cross-site scripting identified with dataflow from user input to output. Path constraints missing in...
apache__jspwiki_CVE-2019-0225_2.11.0.M2,java/xss,jspwiki-main/src/main/java/org/apache/wiki/tags/FeedDiscoveryTag.java,75,FP,TP,1.00,"Cross-site scripting vulnerability detected due to user-provided data flow between source and sink, ..."
apache__jspwiki_CVE-2019-0225_2.11.0.M2,java/xss,jspwiki-main/src/main/java/org/apache/wiki/tags/InsertPageTag.java,128,FP,TP,1.00,Cross-site scripting vulnerability indicated by dataflow between user input and output sink. Path co...
apache__jspwiki_CVE-2019-0225_2.11.0.M2,java/xss,jspwiki-main/src/main/java/org/apache/wiki/tags/PluginTag.java,126,FP,TP,1.00,Cross-site scripting vulnerability identified due to user-provided input reaching a sink without pro...
apache__jspwiki_CVE-2019-0225_2.11.0.M2,java/xss,jspwiki-main/src/main/java/org/apache/wiki/tags/VariableTag.java,107,FP,TP,1.00,"Cross-site scripting vulnerability indicated by user-provided data flow to sink, despite path constr..."
codehaus-plexus__plexus-utils_CVE-2017-1000487_3.0.15,java/polynomial-redos,src/main/java/org/codehaus/plexus/util/xml/XmlReader.java,742,FP,ABSTAIN,1.00,"Source file could not be read, thus reconstructing the analyzer claim and validating preconditions i..."
codehaus-plexus__plexus-utils_CVE-2017-1000487_3.0.15,java/zipslip,src/main/java/org/codehaus/plexus/util/Expand.java,116,FP,TP,1.00,Taint trace shows data from unsanitized entry reaching file system operation without explicit path c...
apache__rocketmq_CVE-2019-17572_4.6.0,java/weak-cryptographic-algorithm,common/src/main/java/org/apache/rocketmq/common/consistenthash/ConsistentHashRouter.java,117,FP,TP,1.00,"MD5 is known weak; alert indicates usage, source and sink match, no path constraints, and flow is pa..."
apache__rocketmq_CVE-2019-17572_4.6.0,java/weak-cryptographic-algorithm,srvutil/src/main/java/org/apache/rocketmq/srvutil/FileWatchService.java,43,FP,TP,1.00,"The alert indicates MD5 being used, which is known to be weak and susceptible to collision attacks, ..."
apache__rocketmq_CVE-2019-17572_4.6.0,java/sql-injection,broker/src/main/java/org/apache/rocketmq/broker/transaction/jdbc/JDBCTransactionStore.java,128,FP,ABSTAIN,1.00,"Code slice is unreadable, cannot determine TP or FP...."
codehaus-plexus__plexus-utils_CVE-2022-4244_3.0.23,java/polynomial-redos,src/main/java/org/codehaus/plexus/util/xml/XmlReader.java,742,FP,FP,1.00,The alert indicates a performance issue rather than a security vulnerability. The evidence does not ...
codehaus-plexus__plexus-utils_CVE-2022-4244_3.0.23,java/zipslip,src/main/java/org/codehaus/plexus/util/Expand.java,116,FP,TP,1.00,"Unsanitized input leads to potential code injection via '..' in file operations, aligns with unsanit..."
perwendel__spark_CVE-2016-9177_2.5.1,java/insecure-cookie,src/main/java/spark/Response.java,235,FP,TP,1.00,Missing 'secure' flag in cookie response indicates a potential security vulnerability as sensitive d...
perwendel__spark_CVE-2016-9177_2.5.1,java/insecure-cookie,src/main/java/spark/Response.java,246,FP,ABSTAIN,1.00,"Unable to read source file, no evidence to determine if the 'secure' flag issue is a vulnerability o..."
perwendel__spark_CVE-2016-9177_2.5.1,java/insecure-cookie,src/test/java/spark/ResponseTest.java,121,FP,FP,1.00,"Code slice empty, unable to confirm vulnerability without source file content...."
perwendel__spark_CVE-2016-9177_2.5.1,java/insecure-cookie,src/test/java/spark/ResponseTest.java,137,FP,ABSTAIN,1.00,"Source file could not be read, thus unable to assess the vulnerability...."
perwendel__spark_CVE-2016-9177_2.5.1,java/insecure-cookie,src/test/java/spark/ResponseTest.java,152,FP,ABSTAIN,1.00,"Source code slice is unreadable, preventing analysis...."
perwendel__spark_CVE-2016-9177_2.5.1,java/insecure-cookie,src/test/java/spark/ResponseTest.java,167,FP,FP,1.00,"No source code is available for analysis, but the alert is based on a known vulnerability pattern (m..."
perwendel__spark_CVE-2016-9177_2.5.1,java/insecure-cookie,src/test/java/spark/ResponseTest.java,182,FP,ABSTAIN,1.00,"Code slice is empty, cannot reconstruct claim or check preconditions...."
perwendel__spark_CVE-2016-9177_2.5.1,java/insecure-cookie,src/test/java/spark/ResponseTest.java,197,FP,FP,1.00,"Code slice indicates file could not be read, making it impossible to confirm or deny vulnerability...."
perwendel__spark_CVE-2016-9177_2.5.1,java/insecure-cookie,src/test/java/spark/ResponseTest.java,213,FP,ABSTAIN,1.00,Cannot reconstruct claim or check preconditions due to unreadable source file....
perwendel__spark_CVE-2016-9177_2.5.1,java/path-injection,src/main/java/spark/resource/ClassPathResource.java,120,FP,TP,1.00,"Multiple data flow traces show user input dependency with sink, indicating potential vulnerability...."
perwendel__spark_CVE-2016-9177_2.5.1,java/path-injection,src/main/java/spark/resource/ClassPathResource.java,139,FP,TP,1.00,"User-provided values flow through multiple methods and interactions with StringUtils, indicating pot..."
perwendel__spark_CVE-2016-9177_2.5.1,java/path-injection,src/main/java/spark/resource/ClassPathResource.java,161,FP,TP,1.00,"The path depends on user-provided values with dataflow from source to sink, indicating potential for..."
perwendel__spark_CVE-2016-9177_2.5.1,java/path-injection,src/main/java/spark/resource/ExternalResource.java,40,FP,ABSTAIN,1.00,"Source file not readable, insufficient data to assess vulnerability...."
perwendel__spark_CVE-2016-9177_2.5.1,java/path-injection,src/main/java/spark/resource/ExternalResource.java,67,FP,ABSTAIN,1.00,"Source file could not be read, making any analysis impossible...."
perwendel__spark_CVE-2016-9177_2.5.1,java/path-injection,src/main/java/spark/resource/JarResourceHandler.java,109,FP,ABSTAIN,1.00,"Source file could not be read, no explicit path constraints, and partial flow data...."
perwendel__spark_CVE-2016-9177_2.5.1,java/path-injection,src/main/java/spark/utils/ResourceUtils.java,222,FP,ABSTAIN,1.00,"Source file could not be read, making it impossible to analyze the dataflow...."
perwendel__spark_CVE-2018-9159_2.7.1,java/insecure-cookie,src/main/java/spark/Response.java,251,FP,ABSTAIN,1.00,"Code slice could not be read, making any analysis impossible...."
perwendel__spark_CVE-2018-9159_2.7.1,java/insecure-cookie,src/main/java/spark/Response.java,273,FP,TP,1.00,"Without 'secure' flag, cookie transmission over insecure channels possible, indicating a potential v..."
perwendel__spark_CVE-2018-9159_2.7.1,java/insecure-cookie,src/test/java/spark/ResponseTest.java,124,FP,ABSTAIN,1.00,"Source file could not be read, no code slice provided, making analysis impossible...."
perwendel__spark_CVE-2018-9159_2.7.1,java/insecure-cookie,src/test/java/spark/ResponseTest.java,141,FP,TP,1.00,"The 'secure' flag is missing for a cookie in a response, indicating possible vulnerability as sensit..."
perwendel__spark_CVE-2018-9159_2.7.1,java/insecure-cookie,src/test/java/spark/ResponseTest.java,157,FP,TP,1.00,Cookie set without 'secure' flag in response; data flow trace indicates potential leak; source and s...
perwendel__spark_CVE-2018-9159_2.7.1,java/insecure-cookie,src/test/java/spark/ResponseTest.java,173,FP,ABSTAIN,1.00,"Source file could not be read, making it impossible to analyze the alert's evidence...."
perwendel__spark_CVE-2018-9159_2.7.1,java/insecure-cookie,src/test/java/spark/ResponseTest.java,189,FP,ABSTAIN,1.00,Source and sink code not available for analysis....
perwendel__spark_CVE-2018-9159_2.7.1,java/insecure-cookie,src/test/java/spark/ResponseTest.java,205,FP,ABSTAIN,1.00,Cannot analyze as source file could not be read....
perwendel__spark_CVE-2018-9159_2.7.1,java/insecure-cookie,src/test/java/spark/ResponseTest.java,221,FP,ABSTAIN,1.00,"Code slice unreadable, cannot assess vulnerability...."
perwendel__spark_CVE-2018-9159_2.7.1,java/insecure-cookie,src/test/java/spark/ResponseTest.java,237,FP,FP,1.00,Lack of path constraints and missing source file content suggest the alert could be a false positive...
perwendel__spark_CVE-2018-9159_2.7.1,java/path-injection,src/main/java/spark/resource/ClassPathResource.java,120,TP,ABSTAIN,1.00,Program slice is empty and dataflow analysis cannot be performed due to missing source file....
perwendel__spark_CVE-2018-9159_2.7.1,java/path-injection,src/main/java/spark/resource/ClassPathResource.java,139,TP,TP,1.00,"User-provided values are involved in data flow paths leading to sink, and there are no explicit path..."
perwendel__spark_CVE-2018-9159_2.7.1,java/path-injection,src/main/java/spark/resource/ClassPathResource.java,161,TP,ABSTAIN,1.00,"The program slice is empty, making it impossible to make an informed decision...."
perwendel__spark_CVE-2018-9159_2.7.1,java/path-injection,src/main/java/spark/resource/ExternalResource.java,40,FP,TP,1.00,"User-provided values are used in data flow, no explicit path constraints, and pattern matching indic..."
perwendel__spark_CVE-2018-9159_2.7.1,java/path-injection,src/main/java/spark/resource/ExternalResource.java,67,FP,FP,1.00,"While there is a data flow from user-provided values to a sink, there are no explicit path constrain..."
perwendel__spark_CVE-2018-9159_2.7.1,java/path-injection,src/main/java/spark/staticfiles/DirectoryTraversal.java,19,FP,TP,1.00,"User-provided values flow to sensitive operation with missing path constraints and partial flow, ind..."
perwendel__spark_CVE-2018-9159_2.7.1,java/path-injection,src/main/java/spark/utils/ResourceUtils.java,222,FP,FP,1.00,"Although user-input is involved, the data flow does not show direct malicious manipulation or explic..."
rhuss__jolokia_CVE-2018-1000129_1.4.0,java/unsafe-hostname-verification,agent/jvm/src/test/java/org/jolokia/jvmagent/JolokiaServerTest.java,308,FP,TP,1.00,The alert indicates the hostname verifier always accepts certificates regardless of hostname mismatc...
rhuss__jolokia_CVE-2018-1000129_1.4.0,java/unsafe-hostname-verification,agent/jvm/src/test/java/org/jolokia/jvmagent/JolokiaServerTest.java,467,FP,FP,1.00,Hostname mismatch not a security issue; dataflow not a vector for attack....
rhuss__jolokia_CVE-2018-1000129_1.4.0,java/weak-cryptographic-algorithm,agent/core/src/main/java/org/jolokia/util/JolokiaCipher.java,141,FP,FP,1.00,Alert pertains to cryptographic algorithm use but lacks sufficient code context. No code slice provi...
rhuss__jolokia_CVE-2018-1000129_1.4.0,java/overly-large-range,agent/core/src/main/java/org/jolokia/util/NetworkUtil.java,328,FP,ABSTAIN,1.00,Error calling openai: Invalid \escape: line 3 column 62 (char 83)...
rhuss__jolokia_CVE-2018-1000129_1.4.0,java/insecure-trustmanager,agent/jvm/src/main/java/org/jolokia/jvmagent/security/DelegatingAuthenticator.java,156,FP,TP,1.00,"The alert indicates trust in any certificate via TrustManager in DelegatingAuthenticator, which is a..."
rhuss__jolokia_CVE-2018-1000129_1.4.0,java/insecure-trustmanager,agent/jvm/src/test/java/org/jolokia/jvmagent/JolokiaServerTest.java,306,FP,TP,1.00,"TrustManager trusts any certificate, potential for unauthorized certificate acceptance, no explicit ..."
rhuss__jolokia_CVE-2018-1000129_1.4.0,java/insecure-trustmanager,agent/jvm/src/test/java/org/jolokia/jvmagent/JolokiaServerTest.java,486,FP,TP,1.00,TrustManager trust any certificate; data flow from source to sink indicates potential certificate mi...
rhuss__jolokia_CVE-2018-1000129_1.4.0,java/regex-injection,agent/core/src/main/java/org/jolokia/http/HttpRequestHandler.java,358,FP,FP,1.00,Data flow traces do not indicate direct user input to sink. Path constraints missing and no explicit...
rhuss__jolokia_CVE-2018-1000129_1.4.0,java/polynomial-redos,agent/core/src/main/java/org/jolokia/handler/ExecHandler.java,220,FP,TP,1.00,"sink at ExecHandler.java:220 receives user input that could be controlled by an attacker, and the da..."
rhuss__jolokia_CVE-2018-1000129_1.4.0,java/polynomial-redos,agent/core/src/main/java/org/jolokia/handler/ExecHandler.java,226,FP,FP,1.00,"The alert describes performance issues, not a security vulnerability. The data flow traces do not in..."
rhuss__jolokia_CVE-2018-1000129_1.4.0,java/maven/non-https-url,client/javascript/pom.xml,70,FP,ABSTAIN,1.00,"Source file unreadable, cannot analyze...."
rhuss__jolokia_CVE-2018-1000129_1.4.0,java/maven/non-https-url,client/javascript/test-app/pom.xml,115,FP,ABSTAIN,1.00,"Source and sink location are the same, but source file is unreadable, making analysis impossible...."
rhuss__jolokia_CVE-2018-1000129_1.4.0,java/maven/non-https-url,tools/roo-addon/pom.xml,40,FP,TP,1.00,"Alert indicates insecure protocol use with repository, source and sink locations match, and flow is ..."
rhuss__jolokia_CVE-2018-1000129_1.4.0,java/maven/non-https-url,tools/roo-addon/pom.xml,47,FP,TP,1.00,Alert indicates insecure protocol usage. Evidence suggests data flow from source to sink without exp...
rhuss__jolokia_CVE-2018-1000129_1.4.0,java/xss,agent/core/src/main/java/org/jolokia/http/AgentServlet.java,503,TP,ABSTAIN,1.00,"Code slice is unreadable, no analysis possible...."
undertow-io__undertow_CVE-2014-7816_1.0.16.Final,java/unvalidated-url-redirection,servlet/src/test/java/io/undertow/servlet/test/request/RedirectServlet.java,16,FP,FP,1.00,No explicit path constraints; flow partial; source and sink differ; code slice unreadable....
undertow-io__undertow_CVE-2014-7816_1.0.16.Final,java/unvalidated-url-redirection,servlet/src/test/java/io/undertow/servlet/test/wrapper/NonStandardResponseWrapper.java,341,FP,TP,1.00,"User-provided values directly influence untrusted URL redirection, indicating potential for injectio..."
undertow-io__undertow_CVE-2014-7816_1.0.16.Final,java/http-response-splitting,servlet/src/main/java/io/undertow/servlet/websockets/ServletWebSocketHttpExchange.java,126,FP,TP,1.00,"User-provided values influence headers and response splitting is a known vulnerability, suggesting a..."
undertow-io__undertow_CVE-2014-7816_1.0.16.Final,java/http-response-splitting,servlet/src/test/java/io/undertow/servlet/test/wrapper/NonStandardResponseWrapper.java,368,FP,TP,1.00,"User-provided values are used in headers, potentially leading to response splitting. CodeQL shows da..."
undertow-io__undertow_CVE-2014-7816_1.0.16.Final,java/weak-cryptographic-algorithm,core/src/main/java/io/undertow/security/idm/DigestAlgorithm.java,71,FP,TP,1.00,"MD5 is a known weak cryptographic algorithm. The alert identifies MD5 usage, and the dataflow traces..."
undertow-io__undertow_CVE-2014-7816_1.0.16.Final,java/weak-cryptographic-algorithm,core/src/main/java/io/undertow/security/impl/SimpleNonceManager.java,142,FP,TP,1.00,MD5 is a known weak cryptographic algorithm. The dataflow paths indicate MD5 usage which is a known ...
undertow-io__undertow_CVE-2014-7816_1.0.16.Final,java/weak-cryptographic-algorithm,core/src/main/java/io/undertow/websockets/client/WebSocket13ClientHandshake.java,150,FP,TP,1.00,"SHA1 is a known weak cryptographic algorithm. The alert's description matches the analysis, indicati..."
undertow-io__undertow_CVE-2014-7816_1.0.16.Final,java/weak-cryptographic-algorithm,core/src/main/java/io/undertow/websockets/core/WebSocketUtils.java,58,FP,TP,1.00,MD5 is known as a weak cryptographic algorithm. The alert indicates it's used without explicit path ...
undertow-io__undertow_CVE-2014-7816_1.0.16.Final,java/ssrf,servlet/src/test/java/io/undertow/servlet/test/servletcontext/ReadFileServlet.java,22,FP,FP,1.00,"Data flow traces indicate a possible data leak, but missing constraints and partial code slice limit..."
undertow-io__undertow_CVE-2014-7816_1.0.16.Final,java/insecure-cookie,servlet/src/test/java/io/undertow/servlet/test/wrapper/NonStandardResponseWrapper.java,263,FP,TP,1.00,"The alert indicates a cookie is set without 'secure' flag, potentially exposing sensitive data if in..."
undertow-io__undertow_CVE-2014-7816_1.0.16.Final,java/path-injection,core/src/main/java/io/undertow/server/handlers/resource/FileResourceManager.java,89,FP,FP,1.00,"Alert indicates data flow between user inputs and a sink, but constraints missing and flow partial, ..."
undertow-io__undertow_CVE-2014-7816_1.0.16.Final,java/maven/non-https-url,pom.xml,378,FP,ABSTAIN,1.00,"Code slice is empty, no analysis possible...."
undertow-io__undertow_CVE-2014-7816_1.0.16.Final,java/maven/non-https-url,pom.xml,395,FP,TP,1.00,"Alert indicates insecure protocol usage, evidence suggests data flow from taint source to sink witho..."
undertow-io__undertow_CVE-2014-7816_1.0.16.Final,java/xss,servlet/src/main/java/io/undertow/servlet/handlers/DefaultServlet.java,155,TP,TP,1.00,Cross-site scripting vulnerability identified in DefaultServlet.java with user-provided value as inp...
undertow-io__undertow_CVE-2014-7816_1.0.16.Final,java/xss,servlet/src/test/java/io/undertow/servlet/test/charset/DefaultCharsetFormParserServlet.java,17,FP,TP,1.00,User input at sink and no path constraints indicate data flow vulnerability....
undertow-io__undertow_CVE-2014-7816_1.0.16.Final,java/xss,servlet/src/test/java/io/undertow/servlet/test/charset/EchoServlet.java,29,FP,ABSTAIN,1.00,No code slice available to analyze....
undertow-io__undertow_CVE-2014-7816_1.0.16.Final,java/xss,servlet/src/test/java/io/undertow/servlet/test/errorpage/PathServlet.java,16,FP,FP,1.00,"Source and sink locations are from separate files; code slice missing, making it impossible to confi..."
undertow-io__undertow_CVE-2014-7816_1.0.16.Final,java/xss,servlet/src/test/java/io/undertow/servlet/test/path/PathMappingServlet.java,37,FP,ABSTAIN,1.00,"Source file unreadable, making any analysis impossible...."
undertow-io__undertow_CVE-2014-7816_1.0.16.Final,java/xss,servlet/src/test/java/io/undertow/servlet/test/request/RequestPathServlet.java,43,FP,FP,1.00,"Code slice could not be read, making it impossible to confirm the alleged vulnerability due to lack ..."
undertow-io__undertow_CVE-2014-7816_1.0.16.Final,java/xss,servlet/src/test/java/io/undertow/servlet/test/request/RequestPathServlet.java,45,FP,ABSTAIN,1.00,"Code slice could not be read, making analysis impossible...."
undertow-io__undertow_CVE-2014-7816_1.0.16.Final,java/xss,servlet/src/test/java/io/undertow/servlet/test/request/RequestPathServlet.java,46,FP,ABSTAIN,1.00,"Source file unreadable, making it impossible to determine if the alert is a TP or FP...."
undertow-io__undertow_CVE-2014-7816_1.0.16.Final,java/xss,servlet/src/test/java/io/undertow/servlet/test/request/RequestPathServlet.java,47,FP,FP,1.00,"Source and sink are at the same location, indicating no data flow. No path constraints, suggesting a..."
undertow-io__undertow_CVE-2014-7816_1.0.16.Final,java/xss,servlet/src/test/java/io/undertow/servlet/test/response/contenttype/ContentTypeServlet.java,45,FP,TP,1.00,Cross-site scripting (XSS) vulnerability due to unvalidated user input. CodeQL alert pinpointed sink...
undertow-io__undertow_CVE-2014-7816_1.0.16.Final,java/xss,servlet/src/test/java/io/undertow/servlet/test/security/form/EchoServlet.java,20,FP,ABSTAIN,1.00,"Source file could not be read, making it impossible to analyze the dataflow...."
undertow-io__undertow_CVE-2014-7816_1.0.16.Final,java/xss,servlet/src/test/java/io/undertow/servlet/test/security/form/RequestParamEchoServlet.java,41,FP,TP,1.00,Cross-site scripting (XSS) vulnerability identified due to user input not being properly sanitized a...
undertow-io__undertow_CVE-2014-7816_1.0.16.Final,java/xss,servlet/src/test/java/io/undertow/servlet/test/session/ChangeSessionIdServlet.java,22,FP,TP,1.00,Cross-site scripting (XSS) vulnerability is indicated by user-provided value reaching sink. Data flo...
undertow-io__undertow_CVE-2014-7816_1.0.16.Final,java/xss,servlet/src/test/java/io/undertow/servlet/test/streams/BlockingInputStreamServlet.java,45,FP,TP,1.00,Cross-site scripting vulnerability is identified with dataflow traces from user-provided value to si...
undertow-io__undertow_CVE-2014-7816_1.0.16.Final,java/xss,servlet/src/test/java/io/undertow/servlet/test/util/ParameterEchoServlet.java,71,FP,TP,1.00,Cross-site scripting (XSS) vulnerabilities are confirmed by multiple data flow traces from taint sou...
undertow-io__undertow_CVE-2014-7816_1.0.16.Final,java/xss,servlet/src/test/java/io/undertow/servlet/test/util/PathTestServlet.java,19,FP,FP,1.00,"No explicit constraints and path is identical for source and sink, suggesting a False Positive due t..."
undertow-io__undertow_CVE-2014-7816_1.0.16.Final,java/xss,servlet/src/test/java/io/undertow/servlet/test/util/PathTestServlet.java,20,FP,ABSTAIN,1.00,Unable to analyze due to missing source file....
undertow-io__undertow_CVE-2014-7816_1.0.16.Final,java/xss,servlet/src/test/java/io/undertow/servlet/test/util/PathTestServlet.java,22,FP,ABSTAIN,1.00,Source file could not be read....
undertow-io__undertow_CVE-2014-7816_1.0.16.Final,java/implicit-cast-in-compound-assignment,core/src/main/java/io/undertow/conduits/ChunkedStreamSourceConduit.java,209,FP,FP,1.00,Implicit cast from long to int may be benign if context ensures no overflow. No specific overflow co...
undertow-io__undertow_CVE-2014-7816_1.0.16.Final,java/implicit-cast-in-compound-assignment,core/src/main/java/io/undertow/io/UndertowOutputStream.java,237,FP,ABSTAIN,1.00,"Code slice could not be read, making analysis impossible...."
undertow-io__undertow_CVE-2014-7816_1.0.16.Final,java/implicit-cast-in-compound-assignment,core/src/main/java/io/undertow/server/HttpServerExchange.java,1425,FP,FP,1.00,"The alert indicates an implicit cast from long to int, which by itself is not inherently a security ..."
asf__commons-io_CVE-2021-29425_2.6,java/weak-cryptographic-algorithm,src/main/java/org/apache/commons/io/input/MessageDigestCalculatingInputStream.java,88,FP,TP,1.00,"MD5 identified as weak cryptographic algorithm, indicating potential security vulnerability...."
asf__commons-io_CVE-2021-29425_2.6,java/polynomial-redos,src/main/java/org/apache/commons/io/input/XmlStreamReader.java,742,FP,ABSTAIN,1.00,"Code slice is unreadable, no data to assess vulnerability...."
asf__commons-io_CVE-2021-29425_2.6,java/polynomial-redos,src/test/java/org/apache/commons/io/input/compatibility/XmlStreamReader.java,700,FP,ABSTAIN,1.00,"Source code file could not be read, making it impossible to make an educated decision based on the p..."
asf__commons-io_CVE-2021-29425_2.6,java/concatenated-command-line,src/test/java/org/apache/commons/io/FileUtilsTestCase.java,838,FP,TP,1.00,String concatenation in command line construction suggests an injection risk without explicit path c...
asf__commons-io_CVE-2021-29425_2.6,java/concatenated-command-line,src/test/java/org/apache/commons/io/FileUtilsTestCase.java,842,FP,ABSTAIN,1.00,"Source file unreadable, insufficient data for analysis...."
zeroturnaround__zt-zip_CVE-2018-1002201_1.12,java/zipslip,src/main/java/org/zeroturnaround/zip/ZipUtil.java,1150,TP,ABSTAIN,1.00,Unable to access source file for analysis....
zeroturnaround__zt-zip_CVE-2018-1002201_1.12,java/zipslip,src/main/java/org/zeroturnaround/zip/ZipUtil.java,1196,FP,ABSTAIN,1.00,"Source file could not be read, cannot determine if it's TP or FP...."
zeroturnaround__zt-zip_CVE-2018-1002201_1.12,java/zipslip,src/main/java/org/zeroturnaround/zip/ZipUtil.java,1258,TP,FP,1.00,"While an unsanitized archive entry is a potential risk, the evidence does not show explicit path man..."
zeroturnaround__zt-zip_CVE-2018-1002201_1.12,java/zipslip,src/main/java/org/zeroturnaround/zip/Zips.java,676,FP,TP,1.00,Unsanitized user input used in file system operation without explicit path constraints indicates a p...
zeroturnaround__zt-zip_CVE-2018-1002201_1.12,java/zipslip,src/test/java/example/UnpackExample.java,29,FP,TP,1.00,"Source and sink are identical, indicating a potential for data re-injection through unsanitized arch..."
apache__tika_CVE-2018-11762_1.18,java/ssrf,tika-core/src/main/java/org/apache/tika/io/TikaInputStream.java,408,FP,TP,1.00,Multiple instances of potential server-side request forgery identified with user-provided values ind...
apache__tika_CVE-2018-11762_1.18,java/ssrf,tika-translate/src/main/java/org/apache/tika/language/translate/JoshuaNetworkTranslator.java,208,FP,TP,1.00,"User-provided values flow from source to sink with potential exposure, indicating a server-side requ..."
apache__tika_CVE-2018-11762_1.18,java/redos,tika-core/src/main/java/org/apache/tika/sax/StandardsText.java,56,FP,FP,1.00,"Alert indicates potential exponential backtracking, but lacking explicit path constraints and code s..."
apache__tika_CVE-2018-11762_1.18,java/polynomial-redos,tika-parsers/src/main/java/org/apache/tika/parser/code/SourceCodeParser.java,140,FP,FP,1.00,The alert describes performance issues with regex rather than security vulnerabilities. The data flo...
apache__tika_CVE-2018-11762_1.18,java/polynomial-redos,tika-parsers/src/main/java/org/apache/tika/parser/mail/MailUtil.java,90,FP,FP,1.00,"The alert indicates performance issues with regular expressions, not a security vulnerability. No se..."
apache__tika_CVE-2018-11762_1.18,java/polynomial-redos,tika-parsers/src/main/java/org/apache/tika/parser/mbox/MboxParser.java,164,FP,ABSTAIN,1.00,"Could not read source file for analysis, hence unable to reconstruct analyzer claim or check precond..."
apache__tika_CVE-2018-11762_1.18,java/polynomial-redos,tika-parsers/src/main/java/org/apache/tika/parser/mbox/MboxParser.java,178,FP,ABSTAIN,1.00,"Code slice is unreadable, making it impossible to determine if the dataflow is part of a vulnerabili..."
apache__tika_CVE-2018-11762_1.18,java/path-injection,tika-core/src/main/java/org/apache/tika/io/TemporaryResources.java,81,FP,ABSTAIN,1.00,Code slice is unreadable and path constraints are missing making it impossible to determine vulnerab...
apache__tika_CVE-2018-11762_1.18,java/path-injection,tika-core/src/main/java/org/apache/tika/io/TikaInputStream.java,399,FP,FP,1.00,Userprovided values not directly linked to sink. Evidence of missing constraints suggests potential ...
apache__tika_CVE-2018-11762_1.18,java/path-injection,tika-core/src/main/java/org/apache/tika/io/TikaInputStream.java,480,FP,ABSTAIN,1.00,Code slice from TikaInputStream.java incomplete....
apache__tika_CVE-2018-11762_1.18,java/path-injection,tika-core/src/main/java/org/apache/tika/io/TikaInputStream.java,589,FP,TP,1.00,"User-provided values are directly linked to sink in TikaInputStream through multiple paths, indicati..."
apache__tika_CVE-2018-11762_1.18,java/path-injection,tika-core/src/main/java/org/apache/tika/io/TikaInputStream.java,586,FP,ABSTAIN,1.00,"The source file for the analysis could not be read, and no path constraints were explicitly extracte..."
apache__tika_CVE-2018-11762_1.18,java/path-injection,tika-core/src/main/java/org/apache/tika/parser/digest/InputStreamDigester.java,164,FP,TP,1.00,"User input is directly referenced in multiple paths from source to sink, suggesting potential for da..."
apache__tika_CVE-2018-11762_1.18,java/path-injection,tika-core/src/main/java/org/apache/tika/utils/RereadableInputStream.java,194,FP,TP,1.00,"User input affects data flow to vulnerable sink, indicating a potential data leak...."
apache__tika_CVE-2018-11762_1.18,java/path-injection,tika-core/src/main/java/org/apache/tika/utils/RereadableInputStream.java,251,FP,TP,1.00,User-provided values lead to data flow to RereadableInputStream and potential data leakage without e...
apache__tika_CVE-2018-11762_1.18,java/path-injection,tika-example/src/main/java/org/apache/tika/example/RollbackSoftware.java,114,FP,FP,1.00,"No explicit path constraints and flow is partial, indicating potential false positive...."
apache__tika_CVE-2018-11762_1.18,java/path-injection,tika-parsers/src/main/java/org/apache/tika/parser/journal/GrobidRESTParser.java,72,FP,ABSTAIN,1.00,"Source file could not be read, making it impossible to analyze the dataflow...."
apache__tika_CVE-2018-11762_1.18,java/path-injection,tika-parsers/src/main/java/org/apache/tika/parser/journal/GrobidRESTParser.java,75,FP,ABSTAIN,1.00,"Code slice is unreadable, making analysis impossible...."
apache__tika_CVE-2018-11762_1.18,java/path-injection,tika-parsers/src/main/java/org/apache/tika/parser/journal/JournalParser.java,63,FP,ABSTAIN,1.00,The program slice is empty and the evidence does not provide enough information to determine if the ...
apache__tika_CVE-2018-11762_1.18,java/path-injection,tika-parsers/src/main/java/org/apache/tika/parser/mp4/DirectFileReadDataSource.java,45,FP,FP,1.00,The alert shows a user-provided value dependency but lacks explicit path constraints and has a flow ...
apache__tika_CVE-2018-11762_1.18,java/path-injection,tika-parsers/src/main/java/org/apache/tika/parser/pot/PooledTimeSeriesParser.java,133,FP,ABSTAIN,1.00,"The program slice could not be read, making it impossible to assess the taint source and sink fully...."
apache__tika_CVE-2018-11762_1.18,java/path-injection,tika-parsers/src/main/java/org/apache/tika/parser/pot/PooledTimeSeriesParser.java,135,FP,ABSTAIN,1.00,Code slice for PooledTimeSeriesParser.java could not be read....
apache__tika_CVE-2018-11762_1.18,java/xxe,tika-core/src/main/java/org/apache/tika/detect/XmlRootExtractor.java,63,FP,TP,1.00,"XML parsing depends on user input without protection against external entity expansion, which is a k..."
apache__tika_CVE-2018-11762_1.18,java/xxe,tika-core/src/main/java/org/apache/tika/parser/NetworkParser.java,129,FP,FP,1.00,Alert claims XML parsing without guarding against external entity expansion. Code slice is unreadabl...
apache__tika_CVE-2018-11762_1.18,java/xxe,tika-core/src/test/java/org/apache/tika/parser/mock/MockParser.java,84,FP,TP,1.00,"XML parsing depends on user-provided values without protecting against external entity expansion, wh..."
apache__tika_CVE-2018-11762_1.18,java/xxe,tika-parsers/src/main/java/org/apache/tika/parser/dif/DIFParser.java,66,FP,TP,1.00,"User-provided XML values directly influence parsing, lack of guarding against external entity expans..."
apache__tika_CVE-2018-11762_1.18,java/xxe,tika-parsers/src/main/java/org/apache/tika/parser/epub/EpubContentParser.java,53,FP,TP,1.00,"XML parsing utilizes user-provided values without guarding against external entity expansion, leadin..."
apache__tika_CVE-2018-11762_1.18,java/xxe,tika-parsers/src/main/java/org/apache/tika/parser/image/xmp/JempboxExtractor.java,70,FP,TP,1.00,The alert indicates XML parsing on user input without proper entity expansion defense. CodeQL's data...
apache__tika_CVE-2018-11762_1.18,java/xxe,tika-parsers/src/main/java/org/apache/tika/parser/iwork/IWorkPackageParser.java,207,FP,TP,1.00,"XML parsing with user input without entity expansion guard indicates potential XXE attack, aligns wi..."
apache__tika_CVE-2018-11762_1.18,java/xxe,tika-parsers/src/main/java/org/apache/tika/parser/microsoft/ooxml/xwpf/ml2006/Word2006MLParser.java,61,FP,TP,1.00,"XML parsing relies on user input without proper external entity expansion protection, leading to pot..."
apache__tika_CVE-2018-11762_1.18,java/xxe,tika-parsers/src/main/java/org/apache/tika/parser/microsoft/xml/AbstractXML2003Parser.java,99,FP,TP,1.00,"XML parsing relies on user-provided values without protection against external entity expansion, lea..."
apache__tika_CVE-2018-11762_1.18,java/xxe,tika-parsers/src/main/java/org/apache/tika/parser/odf/OpenDocumentContentParser.java,601,FP,TP,1.00,"XML parsing uses user input without protection against external entity expansion, leading to potenti..."
apache__tika_CVE-2018-11762_1.18,java/xxe,tika-parsers/src/main/java/org/apache/tika/parser/xml/XMLParser.java,73,FP,TP,1.00,The alert indicates XML parsing depends on user-provided values without protection against external ...
apache__tika_CVE-2018-11762_1.18,java/xxe,tika-parsers/src/test/java/org/apache/tika/XMLTestBase.java,116,FP,TP,1.00,The alert indicates XML parsing depends on user-provided values without guarding against external en...
apache__tika_CVE-2018-11762_1.18,java/xxe,tika-parsers/src/test/java/org/apache/tika/XMLTestBase.java,141,FP,TP,1.00,Alert indicates XML parsing vulnerability through user input without external entity expansion check...
apache__tika_CVE-2018-11762_1.18,java/concatenated-command-line,tika-parsers/src/main/java/org/apache/tika/parser/ocr/TesseractOCRParser.java,219,FP,ABSTAIN,1.00,"Code slice unreadable, preconditions and constraints missing, no path constraints, and flow is parti..."
apache__tika_CVE-2018-11762_1.18,java/command-line-injection,tika-core/src/main/java/org/apache/tika/parser/external/ExternalParser.java,236,FP,ABSTAIN,1.00,Analyzer claim reconstruction incomplete due to missing source file. Cannot evaluate preconditions a...
apache__tika_CVE-2018-11762_1.18,java/command-line-injection,tika-core/src/main/java/org/apache/tika/parser/external/ExternalParser.java,238,FP,ABSTAIN,1.00,Analyzer claim reconstruction failed due to unreadable source file. No code slice provided for analy...
apache__tika_CVE-2018-11762_1.18,java/command-line-injection,tika-parsers/src/main/java/org/apache/tika/parser/gdal/GDALParser.java,362,FP,FP,1.00,"While command lines depend on user-provided values, the lack of explicit path constraints and the pr..."
apache__tika_CVE-2018-11762_1.18,java/command-line-injection,tika-parsers/src/main/java/org/apache/tika/parser/gdal/GDALParser.java,364,FP,TP,1.00,Multiple data flow traces from user-provided values to sink suggest a potential for unvalidated inpu...
apache__tika_CVE-2018-11762_1.18,java/command-line-injection,tika-parsers/src/main/java/org/apache/tika/parser/ocr/TesseractOCRParser.java,528,FP,ABSTAIN,1.00,"Code slice could not be read, making it impossible to analyze the dataflow and determine if it's a T..."
apache__tika_CVE-2018-11762_1.18,java/tainted-numeric-cast,tika-core/src/main/java/org/apache/tika/utils/RereadableInputStream.java,256,FP,TP,1.00,"Multiple casts to narrower types depend on user-provided values, potentially leading to truncation. ..."
apache__tika_CVE-2018-11762_1.18,java/tainted-numeric-cast,tika-parsers/src/main/java/org/apache/tika/parser/rtf/TextExtractor.java,386,FP,TP,1.00,"Multiple casts to narrower types depending on user-provided values, with potential truncation, indic..."
apache__tika_CVE-2018-11762_1.18,java/tainted-numeric-cast,tika-parsers/src/main/java/org/apache/tika/parser/rtf/TextExtractor.java,400,FP,TP,1.00,"Multiple cast operations to a narrower type depend on user-provided values, raising truncation risk...."
apache__tika_CVE-2018-11762_1.18,java/maven/non-https-url,tika-server/pom.xml,35,FP,ABSTAIN,1.00,"Source file could not be read, making analysis impossible...."
apache__tika_CVE-2018-11762_1.18,java/xss,tika-server/src/main/java/org/apache/tika/server/resource/MetadataResource.java,105,FP,ABSTAIN,1.00,"Code slice is unreadable, making analysis impossible...."
apache__tika_CVE-2018-11762_1.18,java/implicit-cast-in-compound-assignment,tika-batch/src/main/java/org/apache/tika/batch/fs/strawman/StrawManTikaAppDriver.java,140,FP,ABSTAIN,1.00,"Code slice is unreadable and no path constraints extracted, making assessment impossible...."
apache__tika_CVE-2018-11762_1.18,java/implicit-cast-in-compound-assignment,tika-core/src/main/java/org/apache/tika/detect/MagicDetector.java,365,FP,FP,1.00,"The alert is an implicit cast alert with no explicit constraints, indicating a potential false posit..."
apache__tika_CVE-2018-11762_1.18,java/implicit-cast-in-compound-assignment,tika-core/src/main/java/org/apache/tika/io/LookaheadInputStream.java,120,FP,ABSTAIN,1.00,"Code slice could not be read, no evidence to determine if it's a TP or FP...."
apache__tika_CVE-2018-11762_1.18,java/implicit-cast-in-compound-assignment,tika-parsers/src/main/java/org/apache/tika/parser/chm/lzx/ChmLzxBlock.java,333,FP,FP,1.00,"Alert indicates potential implicit cast. However, code slice is unreadable, no specific path constra..."
apache__tika_CVE-2018-11762_1.18,java/implicit-cast-in-compound-assignment,tika-parsers/src/main/java/org/apache/tika/parser/chm/lzx/ChmLzxBlock.java,368,FP,TP,1.00,"Implicit cast from long to int without checks indicates potential overflow, a common vulnerability i..."
apache__tika_CVE-2018-11762_1.18,java/implicit-cast-in-compound-assignment,tika-parsers/src/main/java/org/apache/tika/parser/chm/lzx/ChmLzxBlock.java,403,FP,TP,1.00,"The alert indicates an implicit cast from long to int, which can lead to overflow issues, a common s..."
apache__tika_CVE-2018-11762_1.18,java/implicit-cast-in-compound-assignment,tika-parsers/src/main/java/org/apache/tika/parser/chm/lzx/ChmLzxBlock.java,477,FP,FP,1.00,"No explicit path constraints, but implicit cast is common in Java and doesn't inherently cause a vul..."
apache__tika_CVE-2018-11762_1.18,java/implicit-cast-in-compound-assignment,tika-parsers/src/main/java/org/apache/tika/parser/chm/lzx/ChmLzxBlock.java,775,FP,TP,1.00,"Implicit cast from long to int can lead to data truncation, a potential security risk...."
apache__tika_CVE-2018-11762_1.18,java/implicit-cast-in-compound-assignment,tika-parsers/src/main/java/org/apache/tika/parser/chm/lzx/ChmLzxBlock.java,827,FP,FP,1.00,"Explicit cast from long to int does not inherently cause a vulnerability. No path constraints, sugge..."
wildfly__wildfly_CVE-2018-1047_11.0.0.Final,java/unsafe-hostname-verification,testsuite/integration/web/src/test/java/org/jboss/as/test/integration/web/handlers/RequestDumpingHandlerTestImpl.java,353,FP,ABSTAIN,1.00,"Source file could not be read, no explicit path constraints, and insufficient data to make a judgmen..."
wildfly__wildfly_CVE-2018-1047_11.0.0.Final,java/stack-trace-exposure,testsuite/shared/src/main/java/org/jboss/as/test/integration/management/util/SimpleServlet.java,59,FP,FP,1.00,"Code slice is unreadable, no explicit path constraints, and flow is partial but incomplete evidence ..."
wildfly__wildfly_CVE-2018-1047_11.0.0.Final,java/stack-trace-exposure,testsuite/shared/src/main/java/org/jboss/as/test/integration/security/common/servlets/DataSourceTestServlet.java,95,FP,ABSTAIN,1.00,"Source and sink locations match, but file content could not be read, making a definitive assessment ..."
wildfly__wildfly_CVE-2018-1047_11.0.0.Final,java/stack-trace-exposure,testsuite/shared/src/main/java/org/jboss/as/test/integration/security/common/servlets/DataSourceTestServlet.java,97,FP,ABSTAIN,1.00,"Code slice is unreadable and no path constraints provided, making it impossible to assess the datafl..."
wildfly__wildfly_CVE-2018-1047_11.0.0.Final,java/stack-trace-exposure,testsuite/shared/src/main/java/org/wildfly/test/security/servlets/CheckIdentityPermissionServlet.java,89,FP,ABSTAIN,1.00,"Source file could not be read, making any analysis impossible...."
wildfly__wildfly_CVE-2018-1047_11.0.0.Final,java/insufficient-key-size,testsuite/shared/src/main/java/org/jboss/as/test/integration/security/common/VaultHandler.java,127,FP,FP,1.00,"Alert indicates key size less than 128 bits. No path constraints or missing constraints, suggesting ..."
wildfly__wildfly_CVE-2018-1047_11.0.0.Final,java/weak-cryptographic-algorithm,jdr/jboss-as-jdr/src/main/java/org/jboss/as/jdr/commands/JarCheck.java,60,FP,TP,1.00,"md5 is known to be weak and usage indicates a potential vulnerability for cryptographic purposes, ma..."
wildfly__wildfly_CVE-2018-1047_11.0.0.Final,java/weak-cryptographic-algorithm,security/subsystem/src/main/java/org/jboss/as/security/vault/VaultSession.java,171,FP,TP,1.00,"Weak cryptographic algorithm used, source and sink locations match, data flow traces indicate potent..."
wildfly__wildfly_CVE-2018-1047_11.0.0.Final,java/weak-cryptographic-algorithm,testsuite/shared/src/main/java/org/jboss/as/test/integration/security/common/Utils.java,163,FP,TP,1.00,MD5 is a known weak cryptographic algorithm. The alert details indicate MD5 usage which is a known s...
wildfly__wildfly_CVE-2018-1047_11.0.0.Final,java/insecure-cookie,testsuite/integration/web/src/test/java/org/jboss/as/test/integration/web/cookie/CookieReadServlet.java,72,FP,TP,1.00,"The evidence indicates a cookie is set without secure flag, aligning with the description of a secur..."
wildfly__wildfly_CVE-2018-1047_11.0.0.Final,java/insecure-cookie,testsuite/integration/web/src/test/java/org/jboss/as/test/integration/web/cookie/CookieReadServlet.java,73,FP,FP,1.00,"Code slice indicates the source and sink are the same, suggesting no potential for security breach d..."
wildfly__wildfly_CVE-2018-1047_11.0.0.Final,java/insecure-cookie,testsuite/integration/web/src/test/java/org/jboss/as/test/integration/web/cookie/CookieServlet.java,58,FP,TP,1.00,"Data flow trace indicates cookie set without 'secure' flag, suggesting potential XSS vulnerability...."
wildfly__wildfly_CVE-2018-1047_11.0.0.Final,java/insecure-cookie,testsuite/integration/web/src/test/java/org/jboss/as/test/integration/web/cookie/CookieServlet.java,62,FP,TP,1.00,"Cookie not marked 'secure' in response, indicating potential security vulnerability, even though cod..."
wildfly__wildfly_CVE-2018-1047_11.0.0.Final,java/insecure-cookie,testsuite/integration/web/src/test/java/org/jboss/as/test/integration/web/cookie/CookieServlet.java,76,FP,FP,1.00,"The alert indicates a cookie without 'secure' flag, but the program slice is unreadable, making it i..."
wildfly__wildfly_CVE-2018-1047_11.0.0.Final,java/insecure-cookie,testsuite/integration/web/src/test/java/org/jboss/as/test/integration/web/cookie/CookieServlet.java,79,FP,FP,1.00,"The evidence shows a potential data flow but lacks specific context about secure flag handling, sugg..."
wildfly__wildfly_CVE-2018-1047_11.0.0.Final,java/insecure-cookie,testsuite/integration/web/src/test/java/org/jboss/as/test/integration/web/cookie/CookieServlet.java,83,FP,TP,1.00,"Cookie added without 'secure' flag and no path constraints; data flow partial, indicating potential ..."
wildfly__wildfly_CVE-2018-1047_11.0.0.Final,java/jndi-injection,testsuite/shared/src/main/java/org/jboss/as/test/integration/common/JndiServlet.java,63,FP,FP,1.00,Source code not accessible; no explicit path constraints; flow partial false; no tangible evidence o...
wildfly__wildfly_CVE-2018-1047_11.0.0.Final,java/jndi-injection,testsuite/shared/src/main/java/org/jboss/as/test/integration/management/util/SimpleServlet.java,56,FP,ABSTAIN,1.00,"Code slice not available, cannot assess vulnerability...."
wildfly__wildfly_CVE-2018-1047_11.0.0.Final,java/jndi-injection,testsuite/shared/src/main/java/org/jboss/as/test/integration/security/common/servlets/DataSourceTestServlet.java,84,FP,ABSTAIN,1.00,"Code slice is unreadable, making any educated guess impossible...."
wildfly__wildfly_CVE-2018-1047_11.0.0.Final,java/insecure-trustmanager,testsuite/integration/web/src/test/java/org/jboss/as/test/integration/web/handlers/RequestDumpingHandlerTestImpl.java,346,FP,ABSTAIN,1.00,"Code slice unreadable, no relevant information to assess vulnerability...."
wildfly__wildfly_CVE-2018-1047_11.0.0.Final,java/insecure-trustmanager,testsuite/shared/src/main/java/org/jboss/as/test/http/util/TestHttpClientUtils.java,91,FP,TP,1.00,"TrustManager trusts any certificate, indicating potential security vulnerability due to certificate ..."
wildfly__wildfly_CVE-2018-1047_11.0.0.Final,java/insecure-trustmanager,testsuite/shared/src/main/java/org/jboss/as/test/http/util/TestHttpClientUtils.java,93,FP,TP,1.00,"Alert indicates trust any certificate with TrustManager, which is a known vulnerability. Evidence sh..."
wildfly__wildfly_CVE-2018-1047_11.0.0.Final,java/maven/non-https-url,pom.xml,6249,FP,ABSTAIN,1.00,"Source file unreadable, no evidence to assess...."
wildfly__wildfly_CVE-2018-1047_11.0.0.Final,java/maven/non-https-url,pom.xml,6266,FP,ABSTAIN,1.00,"Code slice is unreadable, cannot determine if dataflow is vulnerability or not...."
wildfly__wildfly_CVE-2018-1047_11.0.0.Final,java/maven/non-https-url,testsuite/pom.xml,660,FP,FP,1.00,"Source and sink are the same line with no explicit security constraints, and program slice is unread..."
wildfly__wildfly_CVE-2018-1047_11.0.0.Final,java/xss,testsuite/integration/web/src/test/java/org/jboss/as/test/integration/web/cookie/CookieReadServlet.java,56,FP,TP,1.00,Cross-site scripting vulnerability detected with user-provided value as source and sink with no path...
wildfly__wildfly_CVE-2018-1047_11.0.0.Final,java/xss,testsuite/integration/web/src/test/java/org/jboss/as/test/integration/web/formauth/SecuredPostServlet.java,59,FP,FP,1.00,Source and sink locations do not match evidence; code slice unreadable...
wildfly__wildfly_CVE-2018-1047_11.0.0.Final,java/xss,testsuite/integration/web/src/test/java/org/jboss/as/test/integration/web/formauth/SecuredPostServlet.java,60,FP,ABSTAIN,1.00,"The program slice is empty, making any analysis impossible...."
wildfly__wildfly_CVE-2018-1047_11.0.0.Final,java/xss,testsuite/integration/web/src/test/java/org/jboss/as/test/integration/web/security/SecuredServlet.java,50,FP,ABSTAIN,1.00,"Source file could not be read, preconditions and evidence cannot be assessed...."
wildfly__wildfly_CVE-2018-1047_11.0.0.Final,java/xss,testsuite/integration/web/src/test/java/org/jboss/as/test/smoke/web/SimpleLegacyServlet.java,47,FP,ABSTAIN,1.00,"Source file could not be read, making analysis impossible...."
wildfly__wildfly_CVE-2018-1047_11.0.0.Final,java/xss,testsuite/integration/web/src/test/java/org/jboss/as/test/smoke/web/SimpleServlet.java,56,FP,ABSTAIN,1.00,"Program slice is empty, cannot determine dataflow relevance...."
wildfly__wildfly_CVE-2018-1047_11.0.0.Final,java/xss,testsuite/shared/src/main/java/org/jboss/as/test/integration/security/common/servlets/RolePrintingServlet.java,75,FP,ABSTAIN,1.00,"Source file could not be read, making it impossible to analyze the data flow and preconditions...."
wildfly__wildfly_CVE-2018-1047_11.0.0.Final,java/xss,testsuite/shared/src/main/java/org/wildfly/test/security/servlets/ReadCredentialServlet.java,109,FP,ABSTAIN,1.00,Unable to reconstruct analyzer claim due to missing source file....
wildfly__wildfly_CVE-2018-1047_11.0.0.Final,java/xss,testsuite/shared/src/main/java/org/wildfly/test/security/servlets/ReadCredentialServlet.java,118,FP,ABSTAIN,1.00,"Source file could not be read, no data flow analysis possible...."
wildfly__wildfly_CVE-2018-1047_11.0.0.Final,java/xss,testsuite/shared/src/main/java/org/wildfly/test/security/servlets/ReadCredentialServlet.java,127,FP,ABSTAIN,1.00,"Source file could not be read, making it impossible to verify the dataflow against the alert...."
wildfly__wildfly_CVE-2018-1047_11.0.0.Final,java/xss,testsuite/shared/src/main/java/org/wildfly/test/security/servlets/ReadCredentialServlet.java,149,FP,ABSTAIN,1.00,Code file unreadable; unable to confirm or deny vulnerability....
apache__myfaces_CVE-2011-4367_2.0.11,java/stack-trace-exposure,api/src/main/java/javax/faces/webapp/_PageContextOutWriter.java,73,FP,TP,1.00,"Multiple sources and sinks point to a possible data leak; no path constraints restrict access, indic..."
apache__myfaces_CVE-2011-4367_2.0.11,java/stack-trace-exposure,impl/src/main/java/org/apache/myfaces/application/ViewHandlerImpl.java,460,FP,ABSTAIN,1.00,Source file could not be read; insufficient information to analyze....
apache__myfaces_CVE-2011-4367_2.0.11,java/stack-trace-exposure,impl/src/main/java/org/apache/myfaces/application/jsp/JspViewHandlerImpl.java,269,FP,FP,1.00,"No explicit path constraints and flow partial indicate a lower likelihood of direct exposure, sugges..."
apache__myfaces_CVE-2011-4367_2.0.11,java/stack-trace-exposure,impl/src/main/java/org/apache/myfaces/context/PartialResponseWriterImpl.java,467,FP,FP,1.00,"Error information leaks are common false positives. No specific exploit path evident, code slice unr..."
apache__myfaces_CVE-2011-4367_2.0.11,java/stack-trace-exposure,impl/src/main/java/org/apache/myfaces/context/servlet/ServletExternalContextImpl.java,507,FP,FP,1.00,"No source file content available to verify the claim, but the alert indicates an error and the sourc..."
apache__myfaces_CVE-2011-4367_2.0.11,java/stack-trace-exposure,impl/src/main/java/org/apache/myfaces/renderkit/ErrorPageWriter.java,320,FP,TP,1.00,"Taint source and sink match at the same line, indicating potential data flow from error information ..."
apache__myfaces_CVE-2011-4367_2.0.11,java/stack-trace-exposure,impl/src/main/java/org/apache/myfaces/renderkit/ErrorPageWriter.java,712,FP,ABSTAIN,1.00,"Source file unreadable, no path constraints, incomplete data flow trace...."
apache__myfaces_CVE-2011-4367_2.0.11,java/stack-trace-exposure,impl/src/main/java/org/apache/myfaces/renderkit/ErrorPageWriter.java,745,FP,ABSTAIN,1.00,"Code slice is unreadable, preventing a definitive TP or FP assessment...."
apache__myfaces_CVE-2011-4367_2.0.11,java/stack-trace-exposure,impl/src/main/java/org/apache/myfaces/view/jsp/JspViewDeclarationLanguage.java,227,FP,ABSTAIN,1.00,"Code slice is unreadable, making any analysis impossible...."
apache__myfaces_CVE-2011-4367_2.0.11,java/stack-trace-exposure,impl/src/test/java/org/apache/myfaces/mc/test/core/MockDefaultViewDeclarationLanguage.java,145,FP,ABSTAIN,1.00,"Code slice empty, making analysis impossible...."
apache__myfaces_CVE-2011-4367_2.0.11,java/stack-trace-exposure,shared/src/main/java/org/apache/myfaces/shared/context/AjaxExceptionHandlerImpl.java,284,FP,ABSTAIN,1.00,"Code slice could not be read, no evidence to make a prediction...."
apache__myfaces_CVE-2011-4367_2.0.11,java/unvalidated-url-redirection,impl/src/main/java/org/apache/myfaces/context/servlet/ServletExternalContextImpl.java,465,FP,TP,1.00,"Untrusted redirection based on user input can lead to redirecting to malicious sites, which is a com..."
apache__myfaces_CVE-2011-4367_2.0.11,java/http-response-splitting,shared/src/main/java/org/apache/myfaces/shared/context/flash/FlashImpl.java,637,FP,ABSTAIN,1.00,"Code slice is empty, making analysis and decision impossible...."
apache__myfaces_CVE-2011-4367_2.0.11,java/weak-cryptographic-algorithm,shared/src/main/java/org/apache/myfaces/shared/util/StateUtils.java,308,FP,TP,1.00,"Weak cryptographic algorithm [DES] used in data flow from source to sink, which is a known security ..."
apache__myfaces_CVE-2011-4367_2.0.11,java/weak-cryptographic-algorithm,shared/src/main/java/org/apache/myfaces/shared/util/StateUtils.java,451,FP,TP,1.00,Weak cryptographic algorithms used in sensitive operations with no explicit path constraints and mis...
apache__myfaces_CVE-2011-4367_2.0.11,java/weak-cryptographic-algorithm,shared/src/main/java/org/apache/myfaces/shared/util/StateUtils.java,735,FP,TP,1.00,"Weak cryptographic algorithm DES used in code, high risk without constraints, likely True Positive...."
apache__myfaces_CVE-2011-4367_2.0.11,java/weak-cryptographic-algorithm,shared/src/main/java/org/apache/myfaces/shared/util/StateUtils.java,752,FP,TP,1.00,HmacSHA1 identified as weak cryptographic algorithm in context of shared code. Data flow evidence su...
apache__myfaces_CVE-2011-4367_2.0.11,java/weak-cryptographic-algorithm,shared/src/main/java/org/apache/myfaces/shared/util/StateUtils.java,786,FP,TP,1.00,The alert indicates a vulnerability due to weak cryptographic algorithm DES. The source and sink loc...
apache__myfaces_CVE-2011-4367_2.0.11,java/weak-cryptographic-algorithm,shared/src/main/java/org/apache/myfaces/shared/util/StateUtils.java,834,FP,TP,1.00,DES is identified as weak; source and sink paths are shown; path constraints missing indicates poten...
apache__myfaces_CVE-2011-4367_2.0.11,java/weak-cryptographic-algorithm,shared/src/main/java/org/apache/myfaces/shared/util/StateUtils.java,931,FP,TP,1.00,"The alert identifies HmacSHA1 as a weak cryptographic algorithm, indicating a security vulnerability..."
apache__myfaces_CVE-2011-4367_2.0.11,java/weak-cryptographic-algorithm,shared/src/main/java/org/apache/myfaces/shared/util/StateUtils.java,979,FP,TP,1.00,Weak cryptographic algorithm detected at sink location with sufficient data flow evidence supporting...
apache__myfaces_CVE-2011-4367_2.0.11,java/ssrf,impl/src/main/java/org/apache/myfaces/view/facelets/compiler/SAXCompiler.java,670,FP,TP,1.00,Server-side request forgery potential identified due to user-provided value data flow from source to...
apache__myfaces_CVE-2011-4367_2.0.11,java/ssrf,impl/src/main/java/org/apache/myfaces/view/facelets/compiler/SAXCompiler.java,707,FP,FP,1.00,The alert indicates potential SSRF but lacks explicit path constraints and no code slice is provided...
apache__myfaces_CVE-2011-4367_2.0.11,java/ssrf,impl/src/test/java/org/apache/myfaces/view/facelets/mock/MockServletContext.java,104,FP,TP,1.00,"User provided values are traced to servlet context, indicating potential server-side request forgery..."
apache__myfaces_CVE-2011-4367_2.0.11,java/insecure-cookie,impl/src/main/java/org/apache/myfaces/context/servlet/ServletExternalContextImpl.java,710,FP,TP,1.00,"The 'secure' flag is critical for cookies, and its absence at the sink (cookie addition) suggests a ..."
apache__myfaces_CVE-2011-4367_2.0.11,java/insecure-cookie,shared/src/main/java/org/apache/myfaces/shared/context/flash/FlashImpl.java,594,FP,TP,1.00,"Taint source at FlashImpl.java:594 adds cookie without 'secure' flag, path constraints missing, indi..."
apache__myfaces_CVE-2011-4367_2.0.11,java/insecure-cookie,shared/src/main/java/org/apache/myfaces/shared/context/flash/FlashImpl.java,637,FP,TP,1.00,"Data flow from untrusted source to sink with 'secure' flag missing, indicating potential security vu..."
apache__myfaces_CVE-2011-4367_2.0.11,java/insecure-cookie,shared/src/main/java/org/apache/myfaces/shared/context/flash/FlashImpl.java,740,FP,TP,1.00,"Unset 'secure' flag in cookie response indicates a potential security vulnerability, as sensitive da..."
apache__myfaces_CVE-2011-4367_2.0.11,java/unsafe-deserialization,shared/src/main/java/org/apache/myfaces/shared/util/StateUtils.java,538,FP,TP,1.00,"Unsafe deserialization based on user input detected with potential data flow from source to sink, in..."
apache__myfaces_CVE-2011-4367_2.0.11,java/unsafe-deserialization,shared/src/main/java/org/apache/myfaces/shared/util/StateUtils.java,552,FP,TP,1.00,"The evidence shows a direct data flow from user-provided input to deserialization code, indicating a..."
apache__myfaces_CVE-2011-4367_2.0.11,java/path-injection,impl/src/main/java/org/apache/myfaces/view/facelets/util/Resource.java,100,FP,TP,1.00,"Dataflow traverses multiple components, including ExternalContextWrapper, indicating potential for v..."
apache__myfaces_CVE-2011-4367_2.0.11,java/path-injection,impl/src/test/java/org/apache/myfaces/view/facelets/mock/MockServletContext.java,64,FP,TP,1.00,"Multiple user-provided values are involved in path, indicating potential for injection. Data flow tr..."
apache__myfaces_CVE-2011-4367_2.0.11,java/path-injection,impl/src/test/java/org/apache/myfaces/view/facelets/mock/MockServletContext.java,85,FP,TP,1.00,Multiple data flow traces indicate user input is processed without validation; this can lead to inje...
apache__myfaces_CVE-2011-4367_2.0.11,java/path-injection,impl/src/test/java/org/apache/myfaces/view/facelets/mock/MockServletContext.java,101,FP,FP,1.00,Alert points to user-provided values but lacks explicit path constraints and data flow is incomplete...
apache__myfaces_CVE-2011-4367_2.0.11,java/path-injection,impl/src/test/java/org/apache/myfaces/view/facelets/mock/MockServletContext.java,126,FP,FP,1.00,"The alert indicates a path depends on user-provided values, but there are no explicit path constrain..."
apache__myfaces_CVE-2011-4367_2.0.11,java/path-injection,impl/src/test/java/org/apache/myfaces/view/facelets/mock/MockServletContext.java,149,FP,ABSTAIN,1.00,"Code slice cannot be read, making it impossible to assess the relevance of the alert to the source a..."
apache__myfaces_CVE-2011-4367_2.0.11,java/xxe,impl/src/main/java/org/apache/myfaces/config/ConfigFilesXmlValidationUtils.java,223,FP,TP,1.00,User input is directly used in XML parsing without sanitizing. This can lead to external entity expa...
apache__myfaces_CVE-2011-4367_2.0.11,java/xxe,impl/src/main/java/org/apache/myfaces/config/ConfigFilesXmlValidationUtils.java,271,FP,TP,1.00,"XML parsing from user input lacks protection against external entity expansion, a known vulnerabilit..."
apache__myfaces_CVE-2011-4367_2.0.11,java/xxe,impl/src/main/java/org/apache/myfaces/config/ConfigFilesXmlValidationUtils.java,372,FP,TP,1.00,"User-provided input used in XML parsing lacks protection against external entity expansion, which ca..."
apache__myfaces_CVE-2011-4367_2.0.11,java/xxe,impl/src/main/java/org/apache/myfaces/config/ConfigFilesXmlValidationUtils.java,430,FP,TP,1.00,User-provided XML parsing without external entity expansion protection is a typical vulnerability ve...
apache__myfaces_CVE-2011-4367_2.0.11,java/xxe,impl/src/main/java/org/apache/myfaces/config/impl/digester/DigesterFacesConfigUnmarshallerImpl.java,289,FP,TP,1.00,User-provided XML parsing without external entity expansion guarding matches the alert description; ...
apache__myfaces_CVE-2011-4367_2.0.11,java/xxe,impl/src/main/java/org/apache/myfaces/view/facelets/compiler/TagLibraryConfig.java,640,FP,TP,1.00,"The alert indicates XML parsing with user-provided values without guard against entity expansion, wh..."
apache__myfaces_CVE-2011-4367_2.0.11,java/maven/non-https-url,api/pom.xml,540,FP,FP,1.00,"No explicit path constraints, flow is partial, but code slice is unreadable, suggesting a false alar..."
apache__myfaces_CVE-2011-4367_2.0.11,java/maven/non-https-url,impl/pom.xml,920,FP,ABSTAIN,1.00,"Source file could not be read, thus no analysis can be performed...."
apache__myfaces_CVE-2011-4367_2.0.11,java/maven/non-https-url,pom.xml,583,FP,ABSTAIN,1.00,"Code slice empty, no evidence to confirm or deny vulnerability...."
apache__myfaces_CVE-2011-4367_2.0.11,java/xss,api/src/main/java/javax/faces/webapp/_PageContextOutWriter.java,73,FP,TP,1.00,The alert indicates multiple cross-site scripting vulnerabilities due to user-provided values. The e...
apache__myfaces_CVE-2011-4367_2.0.11,java/xss,impl/src/main/java/org/apache/myfaces/context/PartialResponseWriterImpl.java,467,FP,TP,1.00,"Multiple traces indicate user-provided values flow to a sink without sanitization, aligning with cro..."
apache__myfaces_CVE-2011-4367_2.0.11,java/xss,impl/src/main/java/org/apache/myfaces/renderkit/ErrorPageWriter.java,281,FP,TP,1.00,"Multiple XSS alerts point to data flow from user-provided values to output, indicating a potential v..."
apache__myfaces_CVE-2011-4367_2.0.11,java/xss,impl/src/main/java/org/apache/myfaces/renderkit/ErrorPageWriter.java,295,FP,TP,1.00,"Multiple cross-site scripting vulnerabilities are flagged, with data flow from user-provided values ..."
apache__myfaces_CVE-2011-4367_2.0.11,java/xss,impl/src/main/java/org/apache/myfaces/renderkit/ErrorPageWriter.java,796,FP,TP,1.00,Cross-site scripting vulnerability detected with user-provided data flow from source to sink without...
apache__myfaces_CVE-2011-4367_2.0.11,java/xss,impl/src/main/java/org/apache/myfaces/renderkit/html/HtmlLabelRenderer.java,168,FP,TP,1.00,"Cross-site scripting identified through user-provided values, with multiple data flow traces from so..."
apache__myfaces_CVE-2011-4367_2.0.11,java/xss,impl/src/main/java/org/apache/myfaces/view/facelets/el/ELText.java,201,FP,TP,1.00,Cross-site scripting vulnerabilities are typically associated with user input not being properly san...
apache__myfaces_CVE-2011-4367_2.0.11,java/xss,impl/src/main/java/org/apache/myfaces/view/facelets/el/ELText.java,303,FP,TP,1.00,"Multiple XSS vulnerabilities reported with user-provided values tracked from source to sink, indicat..."
apache__myfaces_CVE-2011-4367_2.0.11,java/xss,impl/src/main/java/org/apache/myfaces/view/facelets/tag/ui/UIDebug.java,135,FP,TP,1.00,Multiple XSS vulnerabilities identified due to unescaped user input. Data flow traces show direct pa...
apache__myfaces_CVE-2011-4367_2.0.11,java/xss,shared/src/main/java/org/apache/myfaces/shared/renderkit/html/HtmlRendererUtils.java,1155,FP,TP,1.00,Multiple XSS vulnerabilities flagged by CodeQL. Source and sink locations confirmed. Data flow trace...
apache__myfaces_CVE-2011-4367_2.0.11,java/xss,shared/src/main/java/org/apache/myfaces/shared/renderkit/html/HtmlTextRendererBase.java,160,FP,TP,1.00,Cross-site scripting (XSS) vulnerability detected with clear data flow from user input to a sink. Pa...
