Project,Alert ID,File,Line,Ground Truth,EVICT Prediction,Confidence,Rationale
jenkinsci__workflow-cps-global-lib-plugin_CVE-2022-25174_544.vff04fa68714d,java/polynomial-redos,src/main/java/org/jenkinsci/plugins/workflow/libs/SCMSourceRetriever.java,246,FP,TP,1.00,Analyzer claims regex with user input is slow on '../' paths. Evidence shows user input flows to reg...
apache__shiro_CVE-2023-34478_1.11.0,java/tainted-permissions-check,core/src/main/java/org/apache/shiro/authz/permission/WildcardPermissionResolver.java,75,FP,TP,1.00,Analyzer claims user input influences permission checks. Evidence shows tainted data from JdbcRealm ...
apache__shiro_CVE-2023-34478_1.11.0,java/unvalidated-url-redirection,web/src/main/java/org/apache/shiro/web/util/RedirectView.java,300,FP,TP,1.00,Analyzer claims untrusted URL redirection from user input. Source: PortFilter.java:114 (likely user-...
apache__shiro_CVE-2023-34478_1.11.0,java/unvalidated-url-redirection,web/src/main/java/org/apache/shiro/web/util/RedirectView.java,304,FP,TP,1.00,Analyzer claims user-controlled input reaches a redirect sink. Evidence shows data flow from PortFil...
apache__shiro_CVE-2023-34478_1.11.0,java/http-response-splitting,web/src/main/java/org/apache/shiro/web/util/RedirectView.java,304,FP,TP,1.00,1. Analyzer claim: User-controlled input to `PortFilter` can lead to response splitting via `Redirec...
apache__shiro_CVE-2023-34478_1.11.0,java/unsafe-deserialization,lang/src/main/java/org/apache/shiro/io/DefaultSerializer.java,77,FP,TP,1.00,Analyzer claims unsafe deserialization from user input. Evidence shows data flow from SimpleCookie (...
apache__shiro_CVE-2023-34478_1.11.0,java/unsafe-deserialization,lang/src/main/java/org/apache/shiro/io/XmlSerializer.java,76,FP,TP,1.00,"Analyzer claims unsafe deserialization via user-controlled input. Source is SimpleCookie, sink is Xm..."
apache__shiro_CVE-2023-34478_1.11.0,java/xxe,lang/src/main/java/org/apache/shiro/io/XmlSerializer.java,76,FP,TP,1.00,Analyzer claims XML parsing vulnerable to external entity expansion due to unsanitized user input. E...
alibaba__one-java-agent_CVE-2022-25842_0.0.1,java/zipslip,one-java-agent-plugin/src/main/java/com/alibaba/oneagent/utils/IOUtils.java,122,FP,TP,1.00,Analyzer claims unsanitized archive entry used in file op. Evidence shows data flowing from archive ...
DSpace__DSpace_CVE-2022-31195_5.10,java/stack-trace-exposure,dspace-sword/src/main/java/org/purl/sword/server/ServiceDocumentServlet.java,152,FP,ABSTAIN,1.00,Code slice empty. Cannot analyze....
DSpace__DSpace_CVE-2022-31195_5.10,java/unvalidated-url-redirection,dspace-api/src/main/java/org/dspace/rdf/negotiation/Negotiator.java,277,FP,TP,1.00,Analyzer claims untrusted URL redirection. Source is user-controlled input (likely HTTP headers/para...
DSpace__DSpace_CVE-2022-31195_5.10,java/unvalidated-url-redirection,dspace-api/src/main/java/org/dspace/rdf/negotiation/Negotiator.java,307,FP,TP,1.00,Analyzer claims user input redirects. Evidence shows data from Negotiator.java:307 (sink) flows from...
DSpace__DSpace_CVE-2022-31195_5.10,java/unvalidated-url-redirection,dspace-jspui/src/main/java/org/dspace/app/webui/servlet/ControlledVocabularyServlet.java,53,FP,ABSTAIN,1.00,"Code slice missing, cannot analyze data flow or context. Alert claims untrusted URL redirection, but..."
DSpace__DSpace_CVE-2022-31195_5.10,java/unvalidated-url-redirection,dspace-jspui/src/main/java/org/dspace/app/webui/servlet/SearchResultLogServlet.java,71,FP,TP,1.00,Analyzer claims untrusted URL redirect from user input. Evidence shows data flow from a source at li...
DSpace__DSpace_CVE-2022-31195_5.10,java/unvalidated-url-redirection,dspace-jspui/src/main/java/org/dspace/app/webui/servlet/VersionHistoryServlet.java,112,FP,TP,1.00,Analyzer claims untrusted URL redirection via user input. Evidence shows user input from `Util.java`...
DSpace__DSpace_CVE-2022-31195_5.10,java/unvalidated-url-redirection,dspace-jspui/src/main/java/org/dspace/app/webui/servlet/admin/MetadataFieldRegistryServlet.java,211,FP,TP,1.00,Analyzer claims untrusted URL redirect. Evidence shows user input at line 186 flows to line 211. No ...
DSpace__DSpace_CVE-2022-31195_5.10,java/unvalidated-url-redirection,dspace-xmlui/src/main/java/org/dspace/app/xmlui/aspect/eperson/LoginRedirect.java,84,FP,TP,1.00,Analyzer claims untrusted URL redirection. Evidence shows data flow from line 83 (likely user input)...
DSpace__DSpace_CVE-2022-31195_5.10,java/unvalidated-url-redirection,dspace-xmlui/src/main/java/org/dspace/app/xmlui/cocoon/DSpaceCocoonServletFilter.java,258,FP,TP,1.00,"Analyzer claims untrusted URL redirection. Source is user-provided value, sink is redirection. No co..."
DSpace__DSpace_CVE-2022-31195_5.10,java/unvalidated-url-redirection,dspace-xmlui/src/main/java/org/dspace/app/xmlui/cocoon/DSpaceCocoonServletFilter.java,270,FP,TP,1.00,Analyzer claims untrusted URL redirection. Evidence shows user-controlled data (source) flows to a r...
DSpace__DSpace_CVE-2022-31195_5.10,java/http-response-splitting,dspace-api/src/main/java/org/dspace/rdf/negotiation/Negotiator.java,277,FP,TP,1.00,Analyzer claims user input to header causes response splitting. Evidence shows user input flowing to...
DSpace__DSpace_CVE-2022-31195_5.10,java/http-response-splitting,dspace-api/src/main/java/org/dspace/rdf/negotiation/Negotiator.java,307,FP,TP,1.00,Analyzer claims user input to header causes response splitting. Evidence shows user input (likely fr...
DSpace__DSpace_CVE-2022-31195_5.10,java/http-response-splitting,dspace-jspui/src/main/java/org/dspace/app/webui/servlet/ItemExportArchiveServlet.java,96,FP,TP,1.00,Analyzer claims user input in header leads to response splitting. Evidence shows data flow from line...
DSpace__DSpace_CVE-2022-31195_5.10,java/http-response-splitting,dspace-jspui/src/main/java/org/dspace/app/webui/servlet/MetadataExportServlet.java,92,FP,TP,1.00,Analyzer claims user-controlled input in header leads to response splitting. Evidence shows data flo...
DSpace__DSpace_CVE-2022-31195_5.10,java/http-response-splitting,dspace-jspui/src/main/java/org/dspace/app/webui/servlet/MyDSpaceServlet.java,727,FP,TP,1.00,Analyzer claims user input (source at 702) influences HTTP header (sink at 727) without sanitization...
DSpace__DSpace_CVE-2022-31195_5.10,java/weak-cryptographic-algorithm,dspace-api/src/main/java/org/dspace/checker/CheckerCommand.java,197,FP,TP,1.00,"Analyzer claims MD5, a weak crypto algorithm, is used. Evidence shows MD5 usage from source (line 43..."
DSpace__DSpace_CVE-2022-31195_5.10,java/weak-cryptographic-algorithm,dspace-api/src/main/java/org/dspace/core/Utils.java,129,FP,TP,1.00,"Analyzer claims MD5 usage. Evidence points to MD5 in Utils.java. No path constraints, flow partial, ..."
DSpace__DSpace_CVE-2022-31195_5.10,java/weak-cryptographic-algorithm,dspace-api/src/main/java/org/dspace/eperson/PasswordHash.java,260,FP,TP,1.00,Analyzer claims MD5 is weak/unsafe. Evidence points to MD5 usage at PasswordHash.java:260. Lack of p...
DSpace__DSpace_CVE-2022-31195_5.10,java/weak-cryptographic-algorithm,dspace-api/src/main/java/org/dspace/storage/bitstore/BitstreamStorageManager.java,309,FP,TP,1.00,Analyzer claims MD5 weak. Evidence points to MD5 usage at `BitstreamStorageManager.java:309`. No pat...
DSpace__DSpace_CVE-2022-31195_5.10,java/weak-cryptographic-algorithm,dspace-api/src/main/java/org/dspace/storage/bitstore/BitstreamStorageManager.java,414,FP,TP,1.00,Analyzer claims MD5 weak. Evidence shows MD5 usage at `BitstreamStorageManager.java:414`. No path co...
DSpace__DSpace_CVE-2022-31195_5.10,java/weak-cryptographic-algorithm,dspace-api/src/main/java/org/dspace/storage/bitstore/BitstreamStorageManager.java,457,FP,TP,1.00,Analyzer claim: MD5 crypto algorithm used. Preconditions: MD5 use in security context (hashing for i...
DSpace__DSpace_CVE-2022-31195_5.10,java/weak-cryptographic-algorithm,dspace-sword/src/main/java/org/purl/sword/base/ChecksumUtils.java,63,FP,ABSTAIN,1.00,"Error calling gemini: 503 UNAVAILABLE. {'error': {'code': 503, 'message': 'This model is currently e..."
DSpace__DSpace_CVE-2022-31195_5.10,java/weak-cryptographic-algorithm,dspace-sword/src/main/java/org/purl/sword/base/ChecksumUtils.java,123,FP,TP,1.00,Analyzer claims MD5 is weak/unsafe. Evidence points to MD5 usage at line 123 in ChecksumUtils.java. ...
DSpace__DSpace_CVE-2022-31195_5.10,java/ssrf,dspace-sword/src/main/java/org/purl/sword/client/Client.java,255,FP,TP,1.00,Analyzer claims SSRF. User input flows from ServletClient to Client. No path constraints mean input ...
DSpace__DSpace_CVE-2022-31195_5.10,java/tainted-format-string,dspace-api/src/main/java/org/dspace/content/LicenseUtils.java,89,FP,TP,1.00,Analyzer claims format string uses user input. Evidence shows user input flows to LicenseUtils.java:...
DSpace__DSpace_CVE-2022-31195_5.10,java/regex-injection,dspace-jspui/src/main/java/org/dspace/app/webui/handle/HandleJSONResolver.java,36,FP,TP,1.00,Analyzer claims regex built from user input. Evidence shows user input flowing into regex constructi...
DSpace__DSpace_CVE-2022-31195_5.10,java/polynomial-redos,dspace-api/src/main/java/org/dspace/discovery/SolrServiceImpl.java,2071,FP,TP,1.00,Analyzer claims regex with user input vulnerable to ReDoS. Evidence shows user input flowing to a re...
DSpace__DSpace_CVE-2022-31195_5.10,java/polynomial-redos,dspace-api/src/main/java/org/dspace/discovery/SolrServiceImpl.java,2089,FP,TP,1.00,"Analyzer claims regex depends on user input, susceptible to ReDoS. Evidence shows user input flows t..."
DSpace__DSpace_CVE-2022-31195_5.10,java/polynomial-redos,dspace-jspui/src/main/java/org/dspace/app/webui/discovery/DiscoverUtility.java,437,FP,TP,1.00,1. Claim: User input (source) may cause regex denial-of-service (sink) via crafted strings. 2. Preco...
DSpace__DSpace_CVE-2022-31195_5.10,java/zipslip,dspace-api/src/main/java/org/dspace/app/itemimport/ItemImport.java,2078,TP,TP,1.00,"Analyzer claims unsanitized archive entry used in file op. Evidence shows source/sink at same line, ..."
DSpace__DSpace_CVE-2022-31195_5.10,java/zipslip,dspace-api/src/main/java/org/dspace/app/itemimport/ItemImport.java,2065,TP,TP,1.00,Analyzer claims unsanitized archive entry ('..') used in file op. Evidence shows data flow from arch...
DSpace__DSpace_CVE-2022-31195_5.10,java/path-injection,dspace-api/src/main/java/org/dspace/app/itemexport/ItemExport.java,1151,FP,TP,1.00,Analyzer claims user input reaches sensitive operation (sink). Evidence shows data from a web reques...
DSpace__DSpace_CVE-2022-31195_5.10,java/path-injection,dspace-api/src/main/java/org/dspace/app/itemexport/ItemExport.java,1155,FP,TP,1.00,Analyzer claims user input reaches sensitive sink (ItemExport.java:1155). Evidence shows flow from u...
DSpace__DSpace_CVE-2022-31195_5.10,java/path-injection,dspace-api/src/main/java/org/dspace/app/itemexport/ItemExport.java,1174,FP,TP,1.00,Analyzer claims user input reaches sensitive sink. Evidence shows flow from `ItemExportArchiveServle...
DSpace__DSpace_CVE-2022-31195_5.10,java/path-injection,dspace-api/src/main/java/org/dspace/app/itemexport/ItemExport.java,1193,FP,TP,1.00,CodeQL alert: user input reaches sink. Evidence shows user input from ItemExportArchiveServlet (sour...
DSpace__DSpace_CVE-2022-31195_5.10,java/path-injection,dspace-api/src/main/java/org/dspace/app/itemimport/ItemImport.java,1003,FP,TP,1.00,Analyzer claims user input reaches ItemImport.java:1003. Evidence shows data flows from MyDSpaceServ...
DSpace__DSpace_CVE-2022-31195_5.10,java/path-injection,dspace-api/src/main/java/org/dspace/app/itemimport/ItemImport.java,2443,FP,TP,1.00,Analyzer claims user input reaches `ItemImport.java:2443`. Evidence shows data flow from `MyDSpaceSe...
DSpace__DSpace_CVE-2022-31195_5.10,java/path-injection,dspace-api/src/main/java/org/dspace/core/ConfigurationManager.java,529,FP,TP,1.00,Analyzer claims user input reaches configuration manager. Evidence shows taint flow from user-input-...
DSpace__DSpace_CVE-2022-31195_5.10,java/path-injection,dspace-api/src/main/java/org/dspace/core/ConfigurationManager.java,541,FP,TP,1.00,Analyzer claims user input reaches ConfigurationManager.java:541. Evidence shows user input from Cur...
DSpace__DSpace_CVE-2022-31195_5.10,java/path-injection,dspace-api/src/main/java/org/dspace/core/NewsManager.java,58,FP,TP,1.00,CodeQL claims user input reaches NewsManager.java:58. Evidence shows flow from NewsEditServlet.java:...
DSpace__DSpace_CVE-2022-31195_5.10,java/path-injection,dspace-api/src/main/java/org/dspace/core/NewsManager.java,102,FP,TP,1.00,CodeQL claims user input reaches `NewsManager.java:102`. Evidence shows flow from `NewsEditServlet.j...
DSpace__DSpace_CVE-2022-31195_5.10,java/path-injection,dspace-jspui/src/main/java/org/dspace/app/webui/servlet/MyDSpaceServlet.java,717,FP,FP,1.00,Analyzer claim: User input reaches sink. Preconditions: User input used in sensitive operation. Evid...
DSpace__DSpace_CVE-2022-31195_5.10,java/path-injection,dspace-jspui/src/main/java/org/dspace/app/webui/servlet/MyDSpaceServlet.java,730,FP,FP,1.00,Analyzer claims user input reaches sink. Evidence shows data flow from line 702 to 730. No path cons...
DSpace__DSpace_CVE-2022-31195_5.10,java/path-injection,dspace-jspui/src/main/java/org/dspace/app/webui/servlet/SitemapServlet.java,82,FP,TP,1.00,Analyzer claims user input reaches sink. Evidence shows flow from line 69 (likely user input source)...
DSpace__DSpace_CVE-2022-31195_5.10,java/path-injection,dspace-jspui/src/main/java/org/dspace/app/webui/servlet/SitemapServlet.java,111,FP,TP,1.00,Analyzer claims user input reaches sink. Evidence shows data flow from line 69 (source) to 111 (sink...
DSpace__DSpace_CVE-2022-31195_5.10,java/path-injection,dspace-jspui/src/main/java/org/dspace/app/webui/servlet/SubmissionController.java,284,FP,TP,1.00,Analyzer claims user input reaches sink. Evidence shows data flow from source (1701) to sink (284) v...
DSpace__DSpace_CVE-2022-31195_5.10,java/path-injection,dspace-jspui/src/main/java/org/dspace/app/webui/servlet/SubmissionController.java,1590,FP,ABSTAIN,1.00,Code slice empty. Cannot analyze taint flow....
DSpace__DSpace_CVE-2022-31195_5.10,java/path-injection,dspace-jspui/src/main/java/org/dspace/app/webui/servlet/SubmissionController.java,1599,FP,TP,1.00,Analyzer claims user input reaches sink. Evidence shows data flow from source (1583) to sink (1599) ...
DSpace__DSpace_CVE-2022-31195_5.10,java/path-injection,dspace-jspui/src/main/java/org/dspace/app/webui/servlet/SubmissionController.java,1706,FP,ABSTAIN,1.00,"Code slice empty. Cannot analyze flow. Analyzer claims unknown type, missing constraints, and partia..."
DSpace__DSpace_CVE-2022-31195_5.10,java/path-injection,dspace-jspui/src/main/java/org/dspace/app/webui/servlet/SubmissionController.java,1711,FP,ABSTAIN,1.00,Code slice empty. Cannot analyze data flow....
DSpace__DSpace_CVE-2022-31195_5.10,java/path-injection,dspace-jspui/src/main/java/org/dspace/app/webui/servlet/SubmissionController.java,1712,FP,TP,1.00,Analyzer claims user input reaches sink. Evidence shows flow from line 1701 to 1712. Constraints mis...
DSpace__DSpace_CVE-2022-31195_5.10,java/path-injection,dspace-sword/src/main/java/org/dspace/sword/DepositManager.java,267,FP,TP,1.00,Analyzer claims user input reaches sink without sanitization. Evidence shows data flow from `Deposit...
DSpace__DSpace_CVE-2022-31195_5.10,java/path-injection,dspace-sword/src/main/java/org/dspace/sword/DepositManager.java,268,FP,FP,1.00,Alert claims user-controlled value flows to sink. Evidence shows flow from `DepositServlet` (likely ...
DSpace__DSpace_CVE-2022-31195_5.10,java/path-injection,dspace-sword/src/main/java/org/dspace/sword/DepositManager.java,271,FP,TP,1.00,CodeQL claims user input (source: DepositServlet.java:402) flows to a sensitive operation (sink: Dep...
DSpace__DSpace_CVE-2022-31195_5.10,java/path-injection,dspace-sword/src/main/java/org/dspace/sword/DepositManager.java,277,FP,TP,1.00,Analyzer claims user input reaches a sensitive sink without sanitization. Evidence shows a flow from...
DSpace__DSpace_CVE-2022-31195_5.10,java/xxe,dspace-api/src/main/java/org/dspace/app/sherpa/SHERPAResponse.java,55,FP,ABSTAIN,1.00,"Error calling gemini: 503 UNAVAILABLE. {'error': {'code': 503, 'message': 'This model is currently e..."
DSpace__DSpace_CVE-2022-31195_5.10,java/xxe,dspace-api/src/main/java/org/dspace/authority/orcid/xml/Converter.java,39,FP,TP,1.00,Analyzer claims unchecked XML external entity expansion. Evidence shows user-controlled input (sourc...
DSpace__DSpace_CVE-2022-31195_5.10,java/xxe,dspace-api/src/main/java/org/dspace/content/authority/LCNameAuthority.java,180,FP,TP,1.00,Analyzer claims XML parsing uses user input without entity expansion protection. Evidence points to ...
DSpace__DSpace_CVE-2022-31195_5.10,java/xxe,dspace-api/src/main/java/org/dspace/content/authority/SHERPARoMEOProtocol.java,116,FP,TP,1.00,Analyzer claims XML parse vulnerable to external entity expansion. Evidence points to user-provided ...
DSpace__DSpace_CVE-2022-31195_5.10,java/xxe,dspace-api/src/main/java/org/dspace/content/packager/METSManifest.java,708,FP,TP,1.00,Analyzer claims XML parsing uses user input without external entity protection. Evidence shows data ...
DSpace__DSpace_CVE-2022-31195_5.10,java/xxe,dspace-api/src/main/java/org/dspace/ctask/general/MetadataWebService.java,272,FP,TP,1.00,Analyzer claims XML parsing uses user input without external entity expansion protection. Evidence s...
DSpace__DSpace_CVE-2022-31195_5.10,java/xxe,dspace-api/src/main/java/org/dspace/license/CCLookup.java,196,FP,TP,1.00,Analyzer claims XML parsing vulnerable to XXE via user input. Evidence shows user input flows to XML...
DSpace__DSpace_CVE-2022-31195_5.10,java/xxe,dspace-api/src/main/java/org/dspace/license/CCLookup.java,306,FP,TP,1.00,Analyzer claims insecure XML parsing. Evidence shows user input flows to XML parsing without sanitiz...
DSpace__DSpace_CVE-2022-31195_5.10,java/xxe,dspace-api/src/main/java/org/dspace/license/CCLookup.java,354,FP,TP,1.00,"Claim: XML parse uses user input, vulnerable to XXE. Preconditions: XML parser, user input, no exter..."
DSpace__DSpace_CVE-2022-31195_5.10,java/xxe,dspace-api/src/main/java/org/dspace/submit/lookup/ArXivService.java,130,FP,TP,1.00,Analyzer claims XML parsing uses user input without external entity protection. Evidence points to u...
DSpace__DSpace_CVE-2022-31195_5.10,java/xxe,dspace-api/src/main/java/org/dspace/submit/lookup/CiNiiService.java,112,FP,TP,1.00,Analyzer claims XML parsing vulnerable to external entity expansion. Evidence points to user-provide...
DSpace__DSpace_CVE-2022-31195_5.10,java/xxe,dspace-api/src/main/java/org/dspace/submit/lookup/CiNiiService.java,192,FP,TP,1.00,Analyzer claims XML parsing uses user input without external entity expansion protection. Evidence p...
DSpace__DSpace_CVE-2022-31195_5.10,java/xxe,dspace-api/src/main/java/org/dspace/submit/lookup/CrossRefService.java,117,FP,TP,1.00,Analyzer claims XML parsing uses user input without external entity expansion protection. Evidence p...
DSpace__DSpace_CVE-2022-31195_5.10,java/xxe,dspace-api/src/main/java/org/dspace/submit/lookup/PubmedService.java,140,FP,TP,1.00,Analyzer claims XML parsing vulnerable to external entities via user input. Evidence points to user ...
DSpace__DSpace_CVE-2022-31195_5.10,java/xxe,dspace-api/src/main/java/org/dspace/submit/lookup/PubmedService.java,259,FP,TP,1.00,Analyzer claims XML parsing uses user input unsafely. Evidence points to code at line 259 processing...
DSpace__DSpace_CVE-2022-31195_5.10,java/tainted-numeric-cast,dspace-xmlui/src/main/java/org/dspace/app/xmlui/cocoon/servlet/multipart/DSpaceTokenStream.java,133,FP,TP,1.00,Analyzer claims user input cast to narrower type may truncate. Evidence shows data flows from DSpace...
DSpace__DSpace_CVE-2022-31195_5.10,java/tainted-numeric-cast,dspace-xmlui/src/main/java/org/dspace/app/xmlui/cocoon/servlet/multipart/DSpaceTokenStream.java,148,FP,ABSTAIN,1.00,"Error calling gemini: 503 UNAVAILABLE. {'error': {'code': 503, 'message': 'This model is currently e..."
DSpace__DSpace_CVE-2022-31195_5.10,java/xml/xpath-injection,dspace-api/src/main/java/org/dspace/content/authority/DSpaceControlledVocabulary.java,168,FP,ABSTAIN,1.00,"Error calling gemini: 503 UNAVAILABLE. {'error': {'code': 503, 'message': 'This model is currently e..."
DSpace__DSpace_CVE-2022-31195_5.10,java/maven/non-https-url,dspace/modules/xmlui-mirage2/pom.xml,331,FP,TP,1.00,Analyzer claims artifact download/upload via insecure protocol (HTTP). Evidence points to 'rubygems-...
DSpace__DSpace_CVE-2022-31195_5.10,java/maven/non-https-url,pom.xml,1632,FP,TP,1.00,Analyzer claims insecure protocol download/upload from http://maven.restlet.org. Evidence points to ...
vert-x3__vertx-web_CVE-2019-17640_3.9.3,java/weak-cryptographic-algorithm,vertx-web/src/main/java/io/vertx/ext/web/handler/impl/DigestAuthHandlerImpl.java,58,FP,TP,1.00,Analyzer claims MD5 use is a vulnerability. Evidence points to MD5 use in DigestAuthHandlerImpl. Cod...
vert-x3__vertx-web_CVE-2019-17640_3.9.3,java/weak-cryptographic-algorithm,vertx-web/src/main/java/io/vertx/ext/web/handler/sockjs/impl/SockJSHandlerImpl.java,247,FP,TP,1.00,Analyzer claims MD5 use is weak. Evidence points to MD5 usage at line 247. No path constraints mean ...
vert-x3__vertx-web_CVE-2019-17640_3.9.3,java/redos,vertx-web-api-contract/src/main/java/io/vertx/ext/web/api/validation/impl/RegularExpressions.java,8,FP,TP,1.00,"Alert: Regex exponential backtracking. Evidence: Location 8, regex. Preconditions: Regex vulnerable ..."
apache__mina-sshd_CVE-2023-35887_2.9.2,java/weak-cryptographic-algorithm,sshd-common/src/main/java/org/apache/sshd/common/cipher/BaseCipher.java,107,FP,TP,1.00,"Analyzer claims RC4, a weak crypto, used. Evidence shows RC4 used in `BaseRC4Cipher` (source) and re..."
apache__mina-sshd_CVE-2023-35887_2.9.2,java/weak-cryptographic-algorithm,sshd-common/src/main/java/org/apache/sshd/common/cipher/BaseRC4Cipher.java,47,FP,TP,1.00,"Analyzer claims ARCFOUR is weak. Evidence shows ARCFOUR usage in BaseRC4Cipher.java, called from var..."
apache__mina-sshd_CVE-2023-35887_2.9.2,java/weak-cryptographic-algorithm,sshd-contrib/src/main/java/org/apache/sshd/contrib/common/signature/LegacyDSASigner.java,61,FP,TP,1.00,Analyzer claims LegacySHA1withDSA is weak. Evidence shows code using LegacyDSASigner at specified lo...
apache__mina-sshd_CVE-2023-35887_2.9.2,java/implicit-cast-in-compound-assignment,sshd-common/src/main/java/org/apache/sshd/common/mac/Poly1305Mac.java,196,FP,TP,1.00,Analyzer claims implicit cast long to int. Evidence points to a `long` being assigned to an `int` at...
apache__mina-sshd_CVE-2023-35887_2.9.2,java/implicit-cast-in-compound-assignment,sshd-common/src/main/java/org/apache/sshd/common/mac/Poly1305Mac.java,197,FP,FP,1.00,Analyzer claims implicit `long` to `int` cast. Evidence shows cast at line 197. Program slice empty....
apache__mina-sshd_CVE-2023-35887_2.9.2,java/implicit-cast-in-compound-assignment,sshd-common/src/main/java/org/apache/sshd/common/mac/Poly1305Mac.java,198,FP,FP,1.00,Analyzer claims implicit `long` to `int` cast. Evidence shows cast at line 198. Program slice is emp...
apache__mina-sshd_CVE-2023-35887_2.9.2,java/implicit-cast-in-compound-assignment,sshd-common/src/main/java/org/apache/sshd/common/mac/Poly1305Mac.java,199,FP,FP,1.00,Claim: Implicit long to int cast. Evidence: Source/sink line 199. Slice: Empty. No path constraints....
apache__mina-sshd_CVE-2023-35887_2.9.2,java/implicit-cast-in-compound-assignment,sshd-common/src/main/java/org/apache/sshd/common/mac/Poly1305Mac.java,200,FP,TP,1.00,Analyzer claims implicit `long` to `int` cast. Evidence points to `Poly1305Mac.java:200`. This cast ...
apache__mina-sshd_CVE-2023-35887_2.9.2,java/implicit-cast-in-compound-assignment,sshd-common/src/test/java/org/apache/sshd/common/cipher/BaseAuthenticatedCipherTest.java,58,FP,FP,1.00,"Analyzer claims implicit int to byte cast. Evidence points to a test file. No path constraints, flow..."
apache__mina-sshd_CVE-2023-35887_2.9.2,java/implicit-cast-in-compound-assignment,sshd-core/src/main/java/org/apache/sshd/common/channel/ChannelOutputStream.java,194,FP,FP,1.00,Analyzer claims implicit long-to-int cast. Evidence points to ChannelOutputStream.java:194. No path ...
apache__mina-sshd_CVE-2023-35887_2.9.2,java/implicit-cast-in-compound-assignment,sshd-core/src/main/java/org/apache/sshd/common/channel/ChannelOutputStream.java,195,FP,TP,1.00,Analyzer claims implicit cast from long to int. Evidence points to ChannelOutputStream.java:195. Mis...
dromara__hutool_CVE-2018-17297_4.1.11,java/unsafe-hostname-verification,hutool-http/src/main/java/cn/hutool/http/HttpConnection.java,578,FP,TP,1.00,Analyzer claims hostname verifier always accepts any cert. Evidence points to `HttpConnection.java:5...
dromara__hutool_CVE-2018-17297_4.1.11,java/weak-cryptographic-algorithm,hutool-core/src/main/java/cn/hutool/core/lang/UUID.java,116,FP,TP,1.00,Analyzer claims MD5 is weak. Evidence points to MD5 usage at UUID.java:116. No path constraints mean...
dromara__hutool_CVE-2018-17297_4.1.11,java/weak-cryptographic-algorithm,hutool-crypto/src/main/java/cn/hutool/crypto/SecureUtil.java,93,FP,TP,1.00,"Analyzer claims weak crypto algorithms (MD5, SHA1, DES, DESede) used. Evidence shows these algorithm..."
dromara__hutool_CVE-2018-17297_4.1.11,java/weak-cryptographic-algorithm,hutool-crypto/src/main/java/cn/hutool/crypto/SecureUtil.java,122,FP,TP,1.00,Analyzer claims DES/DESede usage. Evidence shows DES/DESede instantiation at sink. Weak crypto usage...
dromara__hutool_CVE-2018-17297_4.1.11,java/weak-cryptographic-algorithm,hutool-crypto/src/main/java/cn/hutool/crypto/SecureUtil.java,187,FP,TP,1.00,"Analyzer claims DES/DESede weak crypto. Evidence shows DES/DESede usage in SecureUtil.java, called f..."
dromara__hutool_CVE-2018-17297_4.1.11,java/weak-cryptographic-algorithm,hutool-crypto/src/main/java/cn/hutool/crypto/digest/Digester.java,53,FP,TP,1.00,Analyzer claims MD5 crypto alg is weak. Evidence traces MD5 (source) through code to Digester.java:5...
dromara__hutool_CVE-2018-17297_4.1.11,java/weak-cryptographic-algorithm,hutool-crypto/src/main/java/cn/hutool/crypto/digest/HMac.java,70,FP,TP,1.00,Analyzer claims HmacMD5/SHA1 weak. Evidence shows HmacAlgorithm enum constants for these weak algori...
dromara__hutool_CVE-2018-17297_4.1.11,java/weak-cryptographic-algorithm,hutool-crypto/src/main/java/cn/hutool/crypto/symmetric/SymmetricCrypto.java,133,FP,TP,1.00,"Analyzer claims DES, DES/{} etc. weak. Evidence shows `SymmetricCrypto.java` at line 133 uses `DES.j..."
dromara__hutool_CVE-2018-17297_4.1.11,java/insecure-cookie,hutool-extra/src/main/java/cn/hutool/extra/servlet/ServletUtil.java,376,FP,TP,1.00,"Analyzer claims: cookie set without 'secure' flag. Preconditions: cookie set, 'secure' flag absent. ..."
dromara__hutool_CVE-2018-17297_4.1.11,java/insecure-cookie,hutool-extra/src/main/java/cn/hutool/extra/servlet/ServletUtil.java,387,FP,TP,1.00,Analyzer claims cookie lacks 'secure' flag. Evidence points to cookie addition. Preconditions: cooki...
dromara__hutool_CVE-2018-17297_4.1.11,java/insecure-trustmanager,hutool-http/src/main/java/cn/hutool/http/ssl/SSLSocketFactoryBuilder.java,110,FP,TP,1.00,Analyzer claims `TrustManager` trusts any certificate. Evidence shows data flow from `SSLSocketFacto...
dromara__hutool_CVE-2018-17297_4.1.11,java/zipslip,hutool-core/src/main/java/cn/hutool/core/util/ZipUtil.java,389,TP,TP,1.00,Analyzer claims unsanitized archive entry with '..' used in filesystem op. Evidence shows data flow ...
dromara__hutool_CVE-2018-17297_4.1.11,java/path-injection,hutool-core/src/main/java/cn/hutool/core/convert/impl/PathConverter.java,33,FP,TP,1.00,Analyzer claims user input reaches `PathConverter`. Evidence shows `ServletUtil` (likely handles use...
dromara__hutool_CVE-2018-17297_4.1.11,java/xss,hutool-core/src/main/java/cn/hutool/core/io/IoUtil.java,173,FP,TP,1.00,Analyzer claims XSS. Source (ServletUtil.java:102) likely takes user input. Sink (IoUtil.java:173) l...
dromara__hutool_CVE-2018-17297_4.1.11,java/implicit-cast-in-compound-assignment,hutool-core/src/main/java/cn/hutool/core/date/DateUtil.java,1471,FP,FP,1.00,"Analyzer claims implicit cast double->int. Evidence shows same-line source/sink, no constraints, flo..."
apache__sling-org-apache-sling-servlets-resolver_CVE-2024-23673_2.10.0,java/xss,src/main/java/org/apache/sling/servlets/resolver/internal/console/WebConsolePlugin.java,138,FP,TP,1.00,"Analyzer claims XSS. Evidence shows user input flows to sink unsanitized. Preconditions: user input,..."
codehaus-plexus__plexus-archiver_CVE-2018-1002200_3.5,java/concatenated-command-line,src/test/java/org/codehaus/plexus/archiver/tar/TarFileAttributesTest.java,99,FP,ABSTAIN,1.00,Code slice empty. Cannot analyze....
codehaus-plexus__plexus-archiver_CVE-2018-1002200_3.5,java/concatenated-command-line,src/test/java/org/codehaus/plexus/archiver/tar/TarFileAttributesTest.java,173,FP,FP,1.00,"Analyzer claims command line built with string concat. Evidence points to test file, no explicit pat..."
codehaus-plexus__plexus-archiver_CVE-2018-1002200_3.5,java/concatenated-command-line,src/test/java/org/codehaus/plexus/archiver/tar/TarFileAttributesTest.java,242,FP,FP,1.00,Analyzer claims string concatenation for command line. Evidence points to a test file (`TarFileAttri...
codehaus-plexus__plexus-archiver_CVE-2018-1002200_3.5,java/concatenated-command-line,src/test/java/org/codehaus/plexus/archiver/tar/TarFileAttributesTest.java,308,FP,ABSTAIN,1.00,"Code slice unavailable, cannot analyze data flow or context. Analyzer claim is about string concaten..."
jeremylong__DependencyCheck_CVE-2018-12036_3.1.2,java/weak-cryptographic-algorithm,utils/src/main/java/org/owasp/dependencycheck/utils/Checksum.java,69,FP,TP,1.00,Analyzer claims MD5/SHA1 weak. Evidence shows MD5/SHA1 usage at sink (line 69) originating from sour...
jeremylong__DependencyCheck_CVE-2018-12036_3.1.2,java/weak-cryptographic-algorithm,utils/src/main/java/org/owasp/dependencycheck/utils/Checksum.java,194,FP,TP,1.00,"Analyzer claims MD5/SHA1 usage. Evidence shows MD5/SHA1 in Checksum.java.  Code slice unavailable, b..."
jeremylong__DependencyCheck_CVE-2018-12036_3.1.2,java/overly-large-range,core/src/main/java/org/owasp/dependencycheck/dependency/VulnerableSoftware.java,210,FP,ABSTAIN,1.00,Code slice empty. Cannot analyze. VulnerableSoftware.java:210 source/sink. Suspicious char range ale...
jeremylong__DependencyCheck_CVE-2018-12036_3.1.2,java/polynomial-redos,core/src/main/java/org/owasp/dependencycheck/utils/DependencyVersion.java,79,FP,TP,1.00,Analyzer claims regex depends on user input and may be slow. Evidence shows data flow from EngineVer...
jeremylong__DependencyCheck_CVE-2018-12036_3.1.2,java/zipslip,core/src/main/java/org/owasp/dependencycheck/analyzer/ArchiveAnalyzer.java,516,TP,TP,1.00,Analyzer claims unsanitized archive entry ('..') used in filesystem op. Evidence shows data flow fro...
jeremylong__DependencyCheck_CVE-2018-12036_3.1.2,java/zipslip,core/src/main/java/org/owasp/dependencycheck/utils/ExtractionUtil.java,102,TP,TP,1.00,Analyzer claims unsanitized archive entry used in file op. Evidence points to `ExtractionUtil.java` ...
jeremylong__DependencyCheck_CVE-2018-12036_3.1.2,java/zipslip,core/src/main/java/org/owasp/dependencycheck/utils/ExtractionUtil.java,199,FP,TP,1.00,Analyzer claims unsanitized archive entry ('..') used in file op. Evidence shows data flow from line...
jeremylong__DependencyCheck_CVE-2018-12036_3.1.2,java/path-injection,core/src/main/java/org/owasp/dependencycheck/analyzer/AbstractNpmAnalyzer.java,116,FP,FP,1.00,"Analyzer claim: User input flows into NSP search, potentially leading to injection or other issues. ..."
jeremylong__DependencyCheck_CVE-2018-12036_3.1.2,java/path-injection,utils/src/main/java/org/owasp/dependencycheck/utils/Checksum.java,70,FP,TP,1.00,Analyzer claims user input flows to Checksum.java. Evidence shows data from NspSearch.java (likely u...
jeremylong__DependencyCheck_CVE-2018-12036_3.1.2,java/maven/non-https-url,core/src/test/resources/dwr-pom.xml,143,FP,TP,1.00,Analyzer claims insecure artifact download/upload via HTTP. Evidence points to `dwr-pom.xml` (a POM ...
jeremylong__DependencyCheck_CVE-2018-12036_3.1.2,java/maven/non-https-url,core/src/test/resources/dwr-pom.xml,280,FP,TP,1.00,"Analyzer claims insecure protocol download/upload. Evidence points to `dwr-pom.xml` line 280, refere..."
jeremylong__DependencyCheck_CVE-2018-12036_3.1.2,java/maven/non-https-url,core/target/test-classes/dwr-pom.xml,143,FP,TP,1.00,Analyzer claims insecure artifact download/upload via HTTP. Evidence points to `dwr-pom.xml` (a Mave...
jeremylong__DependencyCheck_CVE-2018-12036_3.1.2,java/maven/non-https-url,core/target/test-classes/dwr-pom.xml,280,FP,TP,1.00,Analyzer claims insecure protocol (FTP) for artifact download/upload. Evidence points to `dwr-pom.xm...
jeremylong__DependencyCheck_CVE-2018-12036_3.1.2,java/maven/non-https-url,maven/src/it/false-positives/pom.xml,31,FP,FP,1.00,"Analyzer claims insecure artifact download. Evidence points to `pom.xml` line 31, a dependency decla..."
apache__dolphinscheduler_CVE-2022-26884_2.0.5,java/ssrf,dolphinscheduler-datasource-plugin/dolphinscheduler-datasource-api/src/main/java/org/apache/dolphinscheduler/plugin/datasource/api/provider/JdbcDataSourceProvider.java,51,FP,TP,1.00,"1. Analyzer claim: User-provided value flows to sensitive sink, potentially causing SSRF. 2. Precond..."
apache__dolphinscheduler_CVE-2022-26884_2.0.5,java/ssrf,dolphinscheduler-datasource-plugin/dolphinscheduler-datasource-api/src/main/java/org/apache/dolphinscheduler/plugin/datasource/api/provider/JdbcDataSourceProvider.java,76,FP,TP,1.00,"Analyzer claims user input reaches sink, potentially enabling SSRF. Evidence shows user input flows ..."
apache__dolphinscheduler_CVE-2022-26884_2.0.5,java/insecure-cookie,dolphinscheduler-api/src/main/java/org/apache/dolphinscheduler/api/controller/LoginController.java,114,FP,TP,1.00,Claim: Cookie set without 'secure' flag. Preconditions: Application uses cookies for sensitive data ...
apache__dolphinscheduler_CVE-2022-26884_2.0.5,java/ldap-injection,dolphinscheduler-api/src/main/java/org/apache/dolphinscheduler/api/security/impl/ldap/LdapService.java,92,FP,TP,1.00,Analyzer claims LDAP query uses user input. Evidence shows data flow from LoginController (likely us...
apache__dolphinscheduler_CVE-2022-26884_2.0.5,java/insecure-trustmanager,dolphinscheduler-common/src/main/java/org/apache/dolphinscheduler/common/utils/HttpUtils.java,100,FP,TP,1.00,Analyzer claims 'HttpUtils' uses 'TrustManager' that trusts any certificate. Evidence points to 'Htt...
apache__dolphinscheduler_CVE-2022-26884_2.0.5,java/concatenated-command-line,dolphinscheduler-server/src/main/java/org/apache/dolphinscheduler/server/monitor/AbstractMonitor.java,77,FP,ABSTAIN,1.00,Code slice empty. Cannot analyze....
joniles__mpxj_CVE-2020-35460_8.3.4,java/redos,src/main/java/net/sf/mpxj/fasttrack/FastTrackReader.java,632,FP,TP,1.00,"Claim: Regex exponential backtrack. Preconditions: Regex accepting repeated patterns, input matching..."
joniles__mpxj_CVE-2020-35460_8.3.4,java/zipslip,src/main/java/net/sf/mpxj/common/InputStreamHelper.java,126,TP,TP,1.00,Analyzer claims unsanitized archive entry (path traversal risk) used in file op. Evidence shows data...
asf__tapestry-5_CVE-2019-0207_5.4.4,java/weak-cryptographic-algorithm,tapestry-core/src/main/java/org/apache/tapestry5/internal/services/ClientDataEncoderImpl.java,68,FP,TP,1.00,Analyzer claims HmacSHA1 is weak. Evidence points to its direct use at line 68. No context suggests ...
asf__tapestry-5_CVE-2019-0207_5.4.4,java/insecure-cookie,tapestry-core/src/main/java/org/apache/tapestry5/modules/InternalModule.java,95,FP,TP,1.00,"Analyzer claim: Cookie set without 'secure' flag. Preconditions: Cookie set, 'secure' flag absent. E..."
asf__tapestry-5_CVE-2019-0207_5.4.4,java/unsafe-deserialization,tapestry-core/src/main/java/org/apache/tapestry5/corelib/components/Form.java,725,FP,TP,1.00,Analyzer claims unsafe deserialization. Source is user-provided value (request data). Sink is Form c...
asf__tapestry-5_CVE-2019-0207_5.4.4,java/regex-injection,tapestry-core/src/main/java/org/apache/tapestry5/modules/TapestryModule.java,1007,FP,FP,1.00,Analyzer claims user input builds regex. Evidence shows user input flows to `TypeCoercerImpl` then `...
asf__tapestry-5_CVE-2019-0207_5.4.4,java/redos,tapestry-core/src/main/java/org/apache/tapestry5/ContentType.java,41,FP,TP,1.00,Analyzer claims regex exponential backtracking. Evidence points to `ContentType.java:41` as source/s...
asf__tapestry-5_CVE-2019-0207_5.4.4,java/redos,tapestry-webresources/src/main/java/com/yahoo/platform/yui/compressor/CssCompressor.java,149,FP,TP,1.00,Analyzer: CodeQL. Alert: Regex exponential backtrack. Location: CssCompressor.java:149. Claim: Regex...
asf__tapestry-5_CVE-2019-0207_5.4.4,java/redos,tapestry-webresources/src/main/java/com/yahoo/platform/yui/compressor/CssCompressor.java,149,FP,TP,1.00,Analyzer: CodeQL. Alert: Regex exponential backtrack. Location: CssCompressor.java:149. Claim: Regex...
asf__tapestry-5_CVE-2019-0207_5.4.4,java/path-injection,commons/src/main/java/org/apache/tapestry5/ioc/internal/BasicTypeCoercions.java,272,FP,FP,1.00,Analyzer claims user input reaches sink. Evidence shows user input (request parameter) flows to `Req...
asf__tapestry-5_CVE-2019-0207_5.4.4,java/path-injection,tapestry-core/src/main/java/org/apache/tapestry5/internal/test/PageTesterContext.java,42,FP,FP,1.00,Analyzer claims user input reaches a sensitive sink. Evidence shows data flow from RequestImpl to Pa...
asf__tapestry-5_CVE-2019-0207_5.4.4,java/maven/non-https-url,quickstart/build/classes/main/archetype-resources/pom.xml,130,FP,TP,1.00,Analyzer claims insecure protocol (HTTP) used for artifact download/upload from a repository. Eviden...
asf__tapestry-5_CVE-2019-0207_5.4.4,java/maven/non-https-url,quickstart/filtered/archetype-resources/pom.xml,130,FP,TP,1.00,Claim: insecure artifact download. Preconditions: artifact download/upload over HTTP. Evidence: Repo...
asf__tapestry-5_CVE-2019-0207_5.4.4,java/xss,tapestry-core/src/main/java/org/apache/tapestry5/internal/TapestryInternalUtils.java,370,FP,TP,1.00,Analyzer claims XSS. Data flows from RequestImpl (likely user input) to TapestryInternalUtils (poten...
vert-x3__vertx-web_CVE-2018-12542_3.5.3.CR1,java/weak-cryptographic-algorithm,vertx-web/src/main/java/io/vertx/ext/web/handler/impl/DigestAuthHandlerImpl.java,58,FP,TP,1.00,Analyzer claims MD5 use is weak. Evidence points to MD5 usage in DigestAuthHandlerImpl. Without code...
vert-x3__vertx-web_CVE-2018-12542_3.5.3.CR1,java/weak-cryptographic-algorithm,vertx-web/src/main/java/io/vertx/ext/web/handler/sockjs/impl/SockJSHandlerImpl.java,251,FP,TP,1.00,Analyzer claims MD5 weak. Evidence shows MD5 usage at line 251. Preconditions: MD5 used in crypto. E...
vert-x3__vertx-web_CVE-2018-12542_3.5.3.CR1,java/redos,vertx-web-api-contract/src/main/java/io/vertx/ext/web/api/validation/impl/RegularExpressions.java,8,FP,TP,1.00,Analyzer claims regex causes exponential backtracking. Evidence points to regex location. No path co...
jenkinsci__perfecto-plugin_CVE-2020-2261_1.17,java/ssrf,src/main/java/io/plugins/perfecto/credentials/PerfectoCredentials.java,112,FP,ABSTAIN,1.00,Code slice unavailable. Cannot analyze data flow or preconditions....
DSpace__DSpace_CVE-2022-31194_5.10,java/stack-trace-exposure,dspace-sword/src/main/java/org/purl/sword/server/ServiceDocumentServlet.java,152,FP,ABSTAIN,1.00,Code slice unavailable. Cannot analyze source/sink or trace flow. Insufficient evidence for TP/FP de...
DSpace__DSpace_CVE-2022-31194_5.10,java/unvalidated-url-redirection,dspace-api/src/main/java/org/dspace/rdf/negotiation/Negotiator.java,277,FP,TP,1.00,Analyzer claims untrusted URL redirection via user input. Evidence shows user input at source (Negot...
DSpace__DSpace_CVE-2022-31194_5.10,java/unvalidated-url-redirection,dspace-api/src/main/java/org/dspace/rdf/negotiation/Negotiator.java,307,FP,TP,1.00,Analyzer claims untrusted URL redirection. Evidence shows user-controlled data flowing from `Negotia...
DSpace__DSpace_CVE-2022-31194_5.10,java/unvalidated-url-redirection,dspace-jspui/src/main/java/org/dspace/app/webui/servlet/ControlledVocabularyServlet.java,53,FP,TP,1.00,Analyzer claims untrusted URL redirection via user input. Evidence shows data flowing from line 38 (...
DSpace__DSpace_CVE-2022-31194_5.10,java/unvalidated-url-redirection,dspace-jspui/src/main/java/org/dspace/app/webui/servlet/SearchResultLogServlet.java,71,FP,TP,1.00,Analyzer claims untrusted URL redirect from user input. Evidence shows data flow from user input (li...
DSpace__DSpace_CVE-2022-31194_5.10,java/unvalidated-url-redirection,dspace-jspui/src/main/java/org/dspace/app/webui/servlet/VersionHistoryServlet.java,112,FP,TP,1.00,Analyzer claims untrusted URL redirection via user input. Evidence shows user input (source) flows t...
DSpace__DSpace_CVE-2022-31194_5.10,java/unvalidated-url-redirection,dspace-jspui/src/main/java/org/dspace/app/webui/servlet/admin/MetadataFieldRegistryServlet.java,211,FP,ABSTAIN,1.00,Code slice empty. Cannot analyze....
DSpace__DSpace_CVE-2022-31194_5.10,java/unvalidated-url-redirection,dspace-xmlui/src/main/java/org/dspace/app/xmlui/aspect/eperson/LoginRedirect.java,84,FP,TP,1.00,Analyzer claims untrusted URL redirect from user input. Evidence shows data flow from line 83 (likel...
DSpace__DSpace_CVE-2022-31194_5.10,java/unvalidated-url-redirection,dspace-xmlui/src/main/java/org/dspace/app/xmlui/cocoon/DSpaceCocoonServletFilter.java,258,FP,TP,1.00,Analyzer claims untrusted URL redirect from user input. Evidence shows data flow from user input (so...
DSpace__DSpace_CVE-2022-31194_5.10,java/unvalidated-url-redirection,dspace-xmlui/src/main/java/org/dspace/app/xmlui/cocoon/DSpaceCocoonServletFilter.java,270,FP,TP,1.00,Analyzer claims untrusted URL redirection from user input. Evidence shows data flow from line 267 (l...
DSpace__DSpace_CVE-2022-31194_5.10,java/http-response-splitting,dspace-api/src/main/java/org/dspace/rdf/negotiation/Negotiator.java,277,FP,TP,1.00,"Analyzer claims user input influences response headers, risking splitting. Evidence shows data flow ..."
DSpace__DSpace_CVE-2022-31194_5.10,java/http-response-splitting,dspace-api/src/main/java/org/dspace/rdf/negotiation/Negotiator.java,307,FP,TP,1.00,Analyzer claims user input to header causes response splitting. Evidence shows user input (likely fr...
DSpace__DSpace_CVE-2022-31194_5.10,java/http-response-splitting,dspace-jspui/src/main/java/org/dspace/app/webui/servlet/ItemExportArchiveServlet.java,96,FP,TP,1.00,Analyzer claims user input in header leads to response splitting. Evidence shows data flowing from l...
DSpace__DSpace_CVE-2022-31194_5.10,java/http-response-splitting,dspace-jspui/src/main/java/org/dspace/app/webui/servlet/MetadataExportServlet.java,92,FP,TP,1.00,Analyzer claims user input in header leads to response splitting. Evidence shows data from line 59 (...
DSpace__DSpace_CVE-2022-31194_5.10,java/http-response-splitting,dspace-jspui/src/main/java/org/dspace/app/webui/servlet/MyDSpaceServlet.java,727,FP,TP,1.00,"Analyzer claims user input influences header, risking response splitting. Evidence shows data flow f..."
DSpace__DSpace_CVE-2022-31194_5.10,java/weak-cryptographic-algorithm,dspace-api/src/main/java/org/dspace/checker/CheckerCommand.java,197,FP,TP,1.00,Analyzer claims MD5 usage is a vulnerability. Evidence shows MD5 being used in `CheckerCommand.java`...
DSpace__DSpace_CVE-2022-31194_5.10,java/weak-cryptographic-algorithm,dspace-api/src/main/java/org/dspace/core/Utils.java,129,FP,TP,1.00,Analyzer claims MD5 weak. Evidence points to MD5 usage at Utils.java:129. No path constraints or mis...
DSpace__DSpace_CVE-2022-31194_5.10,java/weak-cryptographic-algorithm,dspace-api/src/main/java/org/dspace/eperson/PasswordHash.java,260,FP,TP,1.00,"Analyzer claims MD5 use. Evidence points to MD5 usage at line 260, PasswordHash.java. Precondition: ..."
DSpace__DSpace_CVE-2022-31194_5.10,java/weak-cryptographic-algorithm,dspace-api/src/main/java/org/dspace/storage/bitstore/BitstreamStorageManager.java,309,FP,TP,1.00,Analyzer claims MD5 weak. Evidence points to MD5 usage at line 309. No constraints suggest sanitized...
DSpace__DSpace_CVE-2022-31194_5.10,java/weak-cryptographic-algorithm,dspace-api/src/main/java/org/dspace/storage/bitstore/BitstreamStorageManager.java,414,FP,TP,1.00,"Analyzer claims MD5, a weak crypto algo, used. Evidence points to MD5 usage at specific line. No con..."
DSpace__DSpace_CVE-2022-31194_5.10,java/weak-cryptographic-algorithm,dspace-api/src/main/java/org/dspace/storage/bitstore/BitstreamStorageManager.java,457,FP,TP,1.00,Analyzer claims MD5 use is weak. Evidence points to MD5 use at line 457. No constraints suggest miti...
DSpace__DSpace_CVE-2022-31194_5.10,java/weak-cryptographic-algorithm,dspace-sword/src/main/java/org/purl/sword/base/ChecksumUtils.java,63,FP,TP,1.00,"Analyzer claims MD5 usage is weak. Evidence shows MD5 used at line 63, `ChecksumUtils.java`. No path..."
DSpace__DSpace_CVE-2022-31194_5.10,java/weak-cryptographic-algorithm,dspace-sword/src/main/java/org/purl/sword/base/ChecksumUtils.java,123,FP,TP,1.00,"Analyzer flags MD5, a weak crypto algo. Evidence points to ChecksumUtils.java line 123, likely where..."
DSpace__DSpace_CVE-2022-31194_5.10,java/ssrf,dspace-sword/src/main/java/org/purl/sword/client/Client.java,255,FP,TP,1.00,Analyzer claims SSRF via user input. Evidence shows user input flowing to a sink `Client.java:255`. ...
DSpace__DSpace_CVE-2022-31194_5.10,java/tainted-format-string,dspace-api/src/main/java/org/dspace/content/LicenseUtils.java,89,FP,TP,1.00,Analyzer claims format string uses user input. Evidence shows user input flows to LicenseUtils.java:...
DSpace__DSpace_CVE-2022-31194_5.10,java/regex-injection,dspace-jspui/src/main/java/org/dspace/app/webui/handle/HandleJSONResolver.java,36,FP,TP,1.00,Analyzer claims regex built from user input. Evidence shows user input flowing to regex construction...
DSpace__DSpace_CVE-2022-31194_5.10,java/polynomial-redos,dspace-api/src/main/java/org/dspace/discovery/SolrServiceImpl.java,2071,FP,TP,1.00,"Analyzer claims regex depends on user input, vulnerable to ReDoS. Evidence shows user input flowing ..."
DSpace__DSpace_CVE-2022-31194_5.10,java/polynomial-redos,dspace-api/src/main/java/org/dspace/discovery/SolrServiceImpl.java,2089,FP,TP,1.00,Analyzer claims regex dependent on user input may cause ReDoS. Evidence shows user input flows to a ...
DSpace__DSpace_CVE-2022-31194_5.10,java/polynomial-redos,dspace-jspui/src/main/java/org/dspace/app/webui/discovery/DiscoverUtility.java,437,FP,TP,1.00,Analyzer claims user-input regex can cause ReDoS. Evidence shows user input flows into Solr query co...
DSpace__DSpace_CVE-2022-31194_5.10,java/zipslip,dspace-api/src/main/java/org/dspace/app/itemimport/ItemImport.java,2078,FP,TP,1.00,Analyzer claims unsanitized archive entry used in file op. Evidence shows Source and Sink at same un...
DSpace__DSpace_CVE-2022-31194_5.10,java/zipslip,dspace-api/src/main/java/org/dspace/app/itemimport/ItemImport.java,2065,FP,TP,1.00,Analyzer claims unsanitized archive entry (potentially '..') is used in file system op. Evidence sho...
DSpace__DSpace_CVE-2022-31194_5.10,java/path-injection,dspace-api/src/main/java/org/dspace/app/itemexport/ItemExport.java,1151,FP,TP,1.00,Analyzer claims user input reaches sink. Evidence shows user input (source 47) flows to ItemExport.j...
DSpace__DSpace_CVE-2022-31194_5.10,java/path-injection,dspace-api/src/main/java/org/dspace/app/itemexport/ItemExport.java,1155,FP,TP,1.00,Analyzer claims user input reaches sensitive sink. Evidence shows data flow from user input (Servlet...
DSpace__DSpace_CVE-2022-31194_5.10,java/path-injection,dspace-api/src/main/java/org/dspace/app/itemexport/ItemExport.java,1174,FP,TP,1.00,Analyzer claims user input reaches sensitive operation. Preconditions: User input used in ItemExport...
DSpace__DSpace_CVE-2022-31194_5.10,java/path-injection,dspace-api/src/main/java/org/dspace/app/itemexport/ItemExport.java,1193,FP,TP,1.00,Analyzer claims user input reaches sensitive sink 'ItemExport.java:1194'. Evidence shows data flow f...
DSpace__DSpace_CVE-2022-31194_5.10,java/path-injection,dspace-api/src/main/java/org/dspace/app/itemimport/ItemImport.java,1003,FP,TP,1.00,Analyzer claims user input flows to ItemImport.java:1003. No constraints found. User input likely co...
DSpace__DSpace_CVE-2022-31194_5.10,java/path-injection,dspace-api/src/main/java/org/dspace/app/itemimport/ItemImport.java,2443,FP,TP,1.00,Analyzer claims user input reaches ItemImport.java:2443. Evidence shows flow from MyDSpaceServlet.ja...
DSpace__DSpace_CVE-2022-31194_5.10,java/path-injection,dspace-api/src/main/java/org/dspace/core/ConfigurationManager.java,529,FP,TP,1.00,Analyzer claims user input reaches ConfigurationManager.java:529. Evidence shows data flow from Cura...
DSpace__DSpace_CVE-2022-31194_5.10,java/path-injection,dspace-api/src/main/java/org/dspace/core/ConfigurationManager.java,541,FP,TP,1.00,Analyzer claims user input reaches sensitive configuration manager. Evidence shows user input (Servl...
DSpace__DSpace_CVE-2022-31194_5.10,java/path-injection,dspace-api/src/main/java/org/dspace/core/NewsManager.java,58,FP,TP,1.00,"CodeQL claims user input reaches NewsManager.java:58, a sink. Evidence shows data flow from NewsEdit..."
DSpace__DSpace_CVE-2022-31194_5.10,java/path-injection,dspace-api/src/main/java/org/dspace/core/NewsManager.java,102,FP,TP,1.00,Analyzer claims user input reaches `NewsManager.java:102`. Preconditions: user input used in `NewsMa...
DSpace__DSpace_CVE-2022-31194_5.10,java/path-injection,dspace-jspui/src/main/java/org/dspace/app/webui/servlet/MyDSpaceServlet.java,717,FP,ABSTAIN,1.00,Code slice empty. Cannot analyze flow....
DSpace__DSpace_CVE-2022-31194_5.10,java/path-injection,dspace-jspui/src/main/java/org/dspace/app/webui/servlet/MyDSpaceServlet.java,730,FP,TP,1.00,Analyzer claims user-provided value reaches sink. Evidence shows data flow from line 702 (source) to...
DSpace__DSpace_CVE-2022-31194_5.10,java/path-injection,dspace-jspui/src/main/java/org/dspace/app/webui/servlet/SitemapServlet.java,82,FP,FP,1.00,Analyzer claims user input reaches sink. Evidence shows flow from `request.getParameter` (source) to...
DSpace__DSpace_CVE-2022-31194_5.10,java/path-injection,dspace-jspui/src/main/java/org/dspace/app/webui/servlet/SitemapServlet.java,111,FP,TP,1.00,Analyzer claims user input flows to a sink. Evidence shows data flow from line 69 (likely user input...
DSpace__DSpace_CVE-2022-31194_5.10,java/path-injection,dspace-jspui/src/main/java/org/dspace/app/webui/servlet/SubmissionController.java,284,FP,TP,1.00,CodeQL alert: user input to unknown sink. Evidence shows user input at 1701 flows to sink at 284. No...
DSpace__DSpace_CVE-2022-31194_5.10,java/path-injection,dspace-jspui/src/main/java/org/dspace/app/webui/servlet/SubmissionController.java,1590,TP,ABSTAIN,1.00,Code slice empty. Cannot analyze....
DSpace__DSpace_CVE-2022-31194_5.10,java/path-injection,dspace-jspui/src/main/java/org/dspace/app/webui/servlet/SubmissionController.java,1599,TP,FP,1.00,"Analyzer claims user input reaches sink. Evidence shows user input source and sink in same file, sam..."
DSpace__DSpace_CVE-2022-31194_5.10,java/path-injection,dspace-jspui/src/main/java/org/dspace/app/webui/servlet/SubmissionController.java,1706,TP,ABSTAIN,1.00,Code slice missing. Cannot analyze data flow....
DSpace__DSpace_CVE-2022-31194_5.10,java/path-injection,dspace-jspui/src/main/java/org/dspace/app/webui/servlet/SubmissionController.java,1711,TP,TP,1.00,Analyzer claims user input reaches sink without sanitization. Evidence shows data flows from line 17...
DSpace__DSpace_CVE-2022-31194_5.10,java/path-injection,dspace-jspui/src/main/java/org/dspace/app/webui/servlet/SubmissionController.java,1712,FP,TP,1.00,CodeQL claims user input reaches sink. Evidence shows data flow from line 1701 (source) to 1712 (sin...
DSpace__DSpace_CVE-2022-31194_5.10,java/path-injection,dspace-sword/src/main/java/org/dspace/sword/DepositManager.java,267,FP,TP,1.00,Analyzer claims user input reaches sensitive operation (Sink: DepositManager.java:267). Evidence sho...
DSpace__DSpace_CVE-2022-31194_5.10,java/path-injection,dspace-sword/src/main/java/org/dspace/sword/DepositManager.java,268,FP,TP,1.00,"CodeQL claims user input reaches sink. Source in DepositServlet, sink in DepositManager. Data flows ..."
DSpace__DSpace_CVE-2022-31194_5.10,java/path-injection,dspace-sword/src/main/java/org/dspace/sword/DepositManager.java,271,FP,TP,1.00,1. Analyzer claims user input reaches a sensitive sink. 2. Preconditions: User input is used in a wa...
DSpace__DSpace_CVE-2022-31194_5.10,java/path-injection,dspace-sword/src/main/java/org/dspace/sword/DepositManager.java,277,FP,TP,1.00,Analyzer claims user input reaches a sensitive sink (`DepositManager.java:277`). Evidence shows a da...
DSpace__DSpace_CVE-2022-31194_5.10,java/xxe,dspace-api/src/main/java/org/dspace/app/sherpa/SHERPAResponse.java,55,FP,TP,1.00,"Analyzer claims XML parse uses user input, risks external entity expansion (XXE). Evidence shows dat..."
DSpace__DSpace_CVE-2022-31194_5.10,java/xxe,dspace-api/src/main/java/org/dspace/authority/orcid/xml/Converter.java,39,FP,TP,1.00,"Analyzer claims: XML parse vulnerable to XXE. Preconditions: User input XML, XML parser lacks extern..."
DSpace__DSpace_CVE-2022-31194_5.10,java/xxe,dspace-api/src/main/java/org/dspace/content/authority/LCNameAuthority.java,180,FP,TP,1.00,Analyzer claims XML parsing uses user input without external entity expansion protection. Evidence p...
DSpace__DSpace_CVE-2022-31194_5.10,java/xxe,dspace-api/src/main/java/org/dspace/content/authority/SHERPARoMEOProtocol.java,116,FP,TP,1.00,Analyzer claims XML parsing uses user input without external entity expansion protection. Evidence p...
DSpace__DSpace_CVE-2022-31194_5.10,java/xxe,dspace-api/src/main/java/org/dspace/content/packager/METSManifest.java,708,FP,TP,1.00,Analyzer claims XML parsing vulnerable to XXE via user input. Evidence shows user-controlled data fl...
DSpace__DSpace_CVE-2022-31194_5.10,java/xxe,dspace-api/src/main/java/org/dspace/ctask/general/MetadataWebService.java,272,FP,TP,1.00,Analyzer claims XML parsing uses user input without DTD validation. Evidence shows data flow from li...
DSpace__DSpace_CVE-2022-31194_5.10,java/xxe,dspace-api/src/main/java/org/dspace/license/CCLookup.java,196,FP,TP,1.00,Analyzer claims external entity expansion risk from user input XML parsing. Evidence shows user inpu...
DSpace__DSpace_CVE-2022-31194_5.10,java/xxe,dspace-api/src/main/java/org/dspace/license/CCLookup.java,306,FP,TP,1.00,Analyzer claims XML parsing vulnerable to external entity expansion via user input. Evidence shows d...
DSpace__DSpace_CVE-2022-31194_5.10,java/xxe,dspace-api/src/main/java/org/dspace/license/CCLookup.java,354,FP,TP,1.00,Analyzer claims XML parsing uses user input without disabling external entities. Evidence points to ...
DSpace__DSpace_CVE-2022-31194_5.10,java/xxe,dspace-api/src/main/java/org/dspace/submit/lookup/ArXivService.java,130,FP,TP,1.00,"Analyzer claims user input to XML parser, no external entity protection. Evidence points to user-pro..."
DSpace__DSpace_CVE-2022-31194_5.10,java/xxe,dspace-api/src/main/java/org/dspace/submit/lookup/CiNiiService.java,112,FP,TP,1.00,"Analyzer claims XML parsing uses user input, no external entity expansion guard. Evidence points to ..."
DSpace__DSpace_CVE-2022-31194_5.10,java/xxe,dspace-api/src/main/java/org/dspace/submit/lookup/CiNiiService.java,192,FP,TP,1.00,Analyzer claims XML parsing uses user input without XXE protection. Evidence points to user input be...
DSpace__DSpace_CVE-2022-31194_5.10,java/xxe,dspace-api/src/main/java/org/dspace/submit/lookup/CrossRefService.java,117,FP,TP,1.00,"Analyzer claims XML parsing uses user data, no external entity expansion guard. Evidence points to `..."
DSpace__DSpace_CVE-2022-31194_5.10,java/xxe,dspace-api/src/main/java/org/dspace/submit/lookup/PubmedService.java,140,FP,TP,1.00,"Analyzer claims XML parsing uses user input, no external entity expansion guard. Evidence points to ..."
DSpace__DSpace_CVE-2022-31194_5.10,java/xxe,dspace-api/src/main/java/org/dspace/submit/lookup/PubmedService.java,259,FP,TP,1.00,Analyzer claims XML parsing uses user input without external entity expansion protection. Evidence p...
DSpace__DSpace_CVE-2022-31194_5.10,java/tainted-numeric-cast,dspace-xmlui/src/main/java/org/dspace/app/xmlui/cocoon/servlet/multipart/DSpaceTokenStream.java,133,FP,TP,1.00,Analyzer claims cast to narrower type from user input causes truncation. Evidence shows user input (...
DSpace__DSpace_CVE-2022-31194_5.10,java/tainted-numeric-cast,dspace-xmlui/src/main/java/org/dspace/app/xmlui/cocoon/servlet/multipart/DSpaceTokenStream.java,148,FP,TP,1.00,Analyzer claims user input cast to narrower type may truncate. Evidence shows data flow from user-co...
DSpace__DSpace_CVE-2022-31194_5.10,java/xml/xpath-injection,dspace-api/src/main/java/org/dspace/content/authority/DSpaceControlledVocabulary.java,168,FP,TP,1.00,Analyzer claim: XPath expression depends on user input. Preconditions: User input reaches XPath eval...
DSpace__DSpace_CVE-2022-31194_5.10,java/maven/non-https-url,dspace/modules/xmlui-mirage2/pom.xml,331,FP,TP,1.00,Analyzer claims insecure protocol for artifact download/upload. Evidence points to `rubygems-proxy.t...
DSpace__DSpace_CVE-2022-31194_5.10,java/maven/non-https-url,pom.xml,1632,FP,TP,1.00,Analyzer claims insecure artifact download/upload via HTTP. Evidence points to pom.xml (Maven config...
ESAPI__esapi-java-legacy_CVE-2022-23457_2.2.3.1,java/unvalidated-url-redirection,src/main/java/org/owasp/esapi/filters/SecurityWrapperResponse.java,436,FP,TP,1.00,Analyzer claims untrusted URL redirection. Source (user input) flows to sink (response redirect). Da...
ESAPI__esapi-java-legacy_CVE-2022-23457_2.2.3.1,java/unvalidated-url-redirection,src/main/java/org/owasp/esapi/waf/ESAPIWebApplicationFirewallFilter.java,463,FP,TP,1.00,Analyzer claims untrusted URL redirection via user-provided value. Evidence shows data flow from use...
ESAPI__esapi-java-legacy_CVE-2022-23457_2.2.3.1,java/http-response-splitting,src/main/java/org/owasp/esapi/reference/DefaultHTTPUtilities.java,242,FP,TP,1.00,Analyzer claims user input to HTTP header causes response splitting. Flow traces show user input (so...
ESAPI__esapi-java-legacy_CVE-2022-23457_2.2.3.1,java/weak-cryptographic-algorithm,src/main/java/org/owasp/esapi/crypto/CipherText.java,833,FP,TP,1.00,Analyzer claims HmacSHA1 is weak. Evidence points to its use at src/main/java/org/owasp/esapi/crypto...
ESAPI__esapi-java-legacy_CVE-2022-23457_2.2.3.1,java/weak-cryptographic-algorithm,src/main/java/org/owasp/esapi/crypto/KeyDerivationFunction.java,371,FP,TP,1.00,"Analyzer claims HmacSHA1, a weak crypto algo, used. Evidence shows HmacSHA1 used at src/main/java/or..."
ESAPI__esapi-java-legacy_CVE-2022-23457_2.2.3.1,java/weak-cryptographic-algorithm,src/main/java/org/owasp/esapi/reference/crypto/JavaEncryptor.java,665,FP,TP,1.00,Analyzer claims weak crypto (ECB/NoPadding). Evidence shows data flow from CipherSpec (source) to Ja...
ESAPI__esapi-java-legacy_CVE-2022-23457_2.2.3.1,java/weak-cryptographic-algorithm,src/main/java/org/owasp/esapi/reference/crypto/JavaEncryptor.java,1038,FP,TP,1.00,"Analyzer claims SHA1withDSA is weak. Evidence shows it's used via JavaEncryptor.java:1038, originati..."
ESAPI__esapi-java-legacy_CVE-2022-23457_2.2.3.1,java/weak-cryptographic-algorithm,src/test/java/org/owasp/esapi/reference/crypto/CryptoPolicy.java,63,FP,TP,1.00,Analyzer claims AES/ECB/NoPadding is weak. Evidence points to this algorithm usage at CryptoPolicy.j...
ESAPI__esapi-java-legacy_CVE-2022-23457_2.2.3.1,java/insecure-cookie,src/main/java/org/owasp/esapi/filters/SecurityWrapperRequest.java,748,FP,TP,1.00,Analyzer claims cookie lacks 'secure' flag. Evidence points to code setting cookie. No path constrai...
ESAPI__esapi-java-legacy_CVE-2022-23457_2.2.3.1,java/insecure-cookie,src/main/java/org/owasp/esapi/filters/SecurityWrapperResponse.java,110,FP,TP,1.00,"Analyzer claims cookie missing 'secure' flag. Evidence points to `SecurityWrapperResponse.java:110`,..."
ESAPI__esapi-java-legacy_CVE-2022-23457_2.2.3.1,java/insecure-cookie,src/main/java/org/owasp/esapi/reference/DefaultHTTPUtilities.java,203,FP,TP,1.00,Analyzer claims cookie lacks 'secure' flag. Evidence points to cookie setting code. Precondition: co...
ESAPI__esapi-java-legacy_CVE-2022-23457_2.2.3.1,java/insecure-cookie,src/main/java/org/owasp/esapi/reference/DefaultHTTPUtilities.java,729,FP,TP,1.00,"Analyzer claims: Cookie set without 'secure' flag. Preconditions: Cookie set, 'secure' flag absent. ..."
ESAPI__esapi-java-legacy_CVE-2022-23457_2.2.3.1,java/insecure-cookie,src/main/java/org/owasp/esapi/reference/DefaultHTTPUtilities.java,961,FP,TP,1.00,Analyzer claims cookie set without 'secure' flag. Evidence points to cookie setting code. 'Secure' f...
ESAPI__esapi-java-legacy_CVE-2022-23457_2.2.3.1,java/insecure-cookie,src/main/java/org/owasp/esapi/reference/DefaultHTTPUtilities.java,993,FP,TP,1.00,Analyzer claims missing 'secure' flag on cookie. Evidence points to cookie setting code. Missing pat...
ESAPI__esapi-java-legacy_CVE-2022-23457_2.2.3.1,java/insecure-cookie,src/test/java/org/owasp/esapi/http/MockFilterChain.java,43,FP,TP,1.00,"Analyzer claims cookie lacks 'secure' flag. Evidence points to `MockFilterChain.java:43`, likely set..."
ESAPI__esapi-java-legacy_CVE-2022-23457_2.2.3.1,java/insecure-cookie,src/test/java/org/owasp/esapi/waf/HttpOnlyTest.java,80,FP,FP,1.00,"Analyzer claim: Cookie added without 'secure' flag. Preconditions: Cookie manipulation, sensitive da..."
ESAPI__esapi-java-legacy_CVE-2022-23457_2.2.3.1,java/polynomial-redos,src/main/java/org/owasp/esapi/codecs/ref/EncodingPatternPreservation.java,58,FP,TP,1.00,Analyzer claims regex depends on user input leading to ReDoS. Evidence shows user input flows into r...
ESAPI__esapi-java-legacy_CVE-2022-23457_2.2.3.1,java/xss,src/test/java/org/owasp/esapi/http/MockFilterChain.java,42,FP,FP,1.00,Analyzer claims XSS. Evidence shows data flow from SecurityWrapperRequest to MockFilterChain. Howeve...
kubernetes-client__java_CVE-2020-8570_client-java-parent-9.0.1,java/insecure-trustmanager,kubernetes/src/main/java/io/kubernetes/client/openapi/ApiClient.java,1343,FP,TP,1.00,Analyzer claims `TrustManager` trusts any certificate. Evidence points to `ApiClient.java` at lines ...
kubernetes-client__java_CVE-2020-8570_client-java-parent-9.0.1,java/zipslip,util/src/main/java/io/kubernetes/client/Copy.java,140,FP,TP,1.00,Analyzer claims unsanitized archive entry used in file op. Evidence shows data flowing from source (...
spring-cloud__spring-cloud-config_CVE-2020-5405_2.1.6.RELEASE,java/polynomial-redos,spring-cloud-config-server/src/main/java/org/springframework/cloud/config/server/encryption/EnvironmentPrefixHelper.java,128,FP,TP,1.00,Analyzer claims regex with user input vulnerable to ReDoS. Evidence shows data flow from EncryptionC...
spring-cloud__spring-cloud-config_CVE-2020-5405_2.1.6.RELEASE,java/polynomial-redos,spring-cloud-config-server/src/main/java/org/springframework/cloud/config/server/encryption/EnvironmentPrefixHelper.java,132,FP,TP,1.00,"Analyzer claims regex depends on user input, causing ReDoS. Evidence shows data flow from Encryption..."
spring-cloud__spring-cloud-config_CVE-2020-5405_2.1.6.RELEASE,java/polynomial-redos,spring-cloud-config-server/src/main/java/org/springframework/cloud/config/server/encryption/EnvironmentPrefixHelper.java,132,FP,TP,1.00,"Analyzer claims regex depends on user input, causing ReDoS. Evidence shows data flow from Encryption..."
spring-cloud__spring-cloud-config_CVE-2020-5405_2.1.6.RELEASE,java/path-injection,spring-cloud-config-server/src/main/java/org/springframework/cloud/config/server/environment/SvnKitEnvironmentRepository.java,191,FP,TP,1.00,Analyzer claims user input flows to SCM operations. Preconditions: user input influences SCM reposit...
spring-cloud__spring-cloud-config_CVE-2020-5405_2.1.6.RELEASE,java/path-injection,spring-cloud-config-server/src/main/java/org/springframework/cloud/config/server/environment/SvnKitEnvironmentRepository.java,193,FP,TP,1.00,Analyzer claims user input reaches SCM operation (SvnKitEnvironmentRepository.java:193). Preconditio...
spring-cloud__spring-cloud-config_CVE-2020-5405_2.1.6.RELEASE,java/path-injection,spring-cloud-config-server/src/main/java/org/springframework/cloud/config/server/environment/SvnKitEnvironmentRepository.java,195,FP,TP,1.00,Analyzer claims user input reaches SvnKitEnvironmentRepository sink. Evidence shows user input flowi...
spring-cloud__spring-cloud-config_CVE-2020-5405_2.1.6.RELEASE,java/path-injection,spring-cloud-config-server/src/main/java/org/springframework/cloud/config/server/support/AbstractScmAccessor.java,266,FP,TP,1.00,Analyzer claims user input reaches sensitive SCM accessor. Evidence shows data flow from Environment...
spring-cloud__spring-cloud-config_CVE-2020-5405_2.1.6.RELEASE,java/xss,spring-cloud-config-server/src/main/java/org/springframework/cloud/config/server/encryption/EncryptionController.java,101,FP,TP,1.00,Analyzer claims XSS. Evidence shows user input (source) flows to sink without sanitization. Missing ...
spring-cloud__spring-cloud-config_CVE-2020-5405_2.1.6.RELEASE,java/xss,spring-cloud-config-server/src/main/java/org/springframework/cloud/config/server/encryption/EncryptionController.java,115,FP,FP,1.00,Analyzer claims XSS. Evidence shows user input flowing from EncryptionController.java:105 to Encrypt...
spring-cloud__spring-cloud-config_CVE-2020-5410_2.1.8.RELEASE,java/polynomial-redos,spring-cloud-config-server/src/main/java/org/springframework/cloud/config/server/encryption/EnvironmentPrefixHelper.java,128,FP,TP,1.00,Reconstructed claim: User input to regex leading to ReDoS. Preconditions: User input influences rege...
spring-cloud__spring-cloud-config_CVE-2020-5410_2.1.8.RELEASE,java/polynomial-redos,spring-cloud-config-server/src/main/java/org/springframework/cloud/config/server/encryption/EnvironmentPrefixHelper.java,132,FP,TP,1.00,Analyzer claims a regex dependent on user input may be slow with specific patterns. Data flow shows ...
spring-cloud__spring-cloud-config_CVE-2020-5410_2.1.8.RELEASE,java/polynomial-redos,spring-cloud-config-server/src/main/java/org/springframework/cloud/config/server/encryption/EnvironmentPrefixHelper.java,132,FP,TP,1.00,Analyzer claims a regex dependent on user input may be slow with specific patterns. Data flow shows ...
spring-cloud__spring-cloud-config_CVE-2020-5410_2.1.8.RELEASE,java/path-injection,spring-cloud-config-server/src/main/java/org/springframework/cloud/config/server/environment/SvnKitEnvironmentRepository.java,191,FP,TP,1.00,"Analyzer claim: User input flows to SvnKitEnvironmentRepository, potentially leading to command inje..."
spring-cloud__spring-cloud-config_CVE-2020-5410_2.1.8.RELEASE,java/path-injection,spring-cloud-config-server/src/main/java/org/springframework/cloud/config/server/environment/SvnKitEnvironmentRepository.java,193,FP,TP,1.00,Analyzer claims user input reaches SvnKitEnvironmentRepository. Data flow traces confirm this. No co...
spring-cloud__spring-cloud-config_CVE-2020-5410_2.1.8.RELEASE,java/path-injection,spring-cloud-config-server/src/main/java/org/springframework/cloud/config/server/environment/SvnKitEnvironmentRepository.java,195,FP,TP,1.00,Analyzer claims user-controlled input reaches SvnKitEnvironmentRepository sink. Evidence shows data ...
spring-cloud__spring-cloud-config_CVE-2020-5410_2.1.8.RELEASE,java/path-injection,spring-cloud-config-server/src/main/java/org/springframework/cloud/config/server/support/AbstractScmAccessor.java,266,FP,TP,1.00,Analyzer claims user-input flows to SCM accessor. Evidence shows flow from EnvironmentController (li...
spring-cloud__spring-cloud-config_CVE-2020-5410_2.1.8.RELEASE,java/xss,spring-cloud-config-server/src/main/java/org/springframework/cloud/config/server/encryption/EncryptionController.java,101,FP,TP,1.00,Analyzer claims XSS. Evidence shows user input flows to sink without sanitization. Preconditions met...
spring-cloud__spring-cloud-config_CVE-2020-5410_2.1.8.RELEASE,java/xss,spring-cloud-config-server/src/main/java/org/springframework/cloud/config/server/encryption/EncryptionController.java,115,FP,TP,1.00,Analyzer claims XSS. Evidence shows user input (Source 105) flows to sink (115) via EnvironmentPrefi...
apache__jspwiki_CVE-2019-0225_2.11.0.M2,java/stack-trace-exposure,jspwiki-main/src/main/java/org/apache/wiki/attachment/AttachmentServlet.java,324,FP,ABSTAIN,1.00,"Code slice is unavailable, preventing analysis of source/sink interaction and precondition validatio..."
apache__jspwiki_CVE-2019-0225_2.11.0.M2,java/stack-trace-exposure,jspwiki-main/src/main/java/org/apache/wiki/attachment/AttachmentServlet.java,353,FP,ABSTAIN,1.00,Code slice is empty. Cannot analyze taint flow or preconditions....
apache__jspwiki_CVE-2019-0225_2.11.0.M2,java/stack-trace-exposure,jspwiki-main/src/main/java/org/apache/wiki/tags/AuthorTag.java,72,FP,ABSTAIN,1.00,Code slice unreadable. Cannot verify taint flow or vulnerability preconditions....
apache__jspwiki_CVE-2019-0225_2.11.0.M2,java/stack-trace-exposure,jspwiki-main/src/main/java/org/apache/wiki/tags/InsertPageTag.java,128,FP,ABSTAIN,1.00,Code slice unreadable. Cannot analyze data flow or verify preconditions....
apache__jspwiki_CVE-2019-0225_2.11.0.M2,java/stack-trace-exposure,jspwiki-main/src/main/java/org/apache/wiki/tags/PageSizeTag.java,63,FP,ABSTAIN,1.00,Code slice empty. Cannot analyze flow or constraints. Analyzer claim: Error info exposed externally....
apache__jspwiki_CVE-2019-0225_2.11.0.M2,java/stack-trace-exposure,jspwiki-main/src/main/java/org/apache/wiki/tags/PluginTag.java,126,FP,ABSTAIN,1.00,Code slice empty. Cannot analyze flow....
apache__jspwiki_CVE-2019-0225_2.11.0.M2,java/stack-trace-exposure,jspwiki-main/src/main/java/org/apache/wiki/tags/VariableTag.java,107,FP,ABSTAIN,1.00,Code slice is empty. Cannot analyze data flow or determine vulnerability....
apache__jspwiki_CVE-2019-0225_2.11.0.M2,java/unvalidated-url-redirection,jspwiki-main/src/main/java/org/apache/wiki/attachment/AttachmentServlet.java,304,FP,TP,1.00,Analyzer claims untrusted URL redirect. Evidence shows user-provided value from source (204) flows t...
apache__jspwiki_CVE-2019-0225_2.11.0.M2,java/weak-cryptographic-algorithm,jspwiki-main/src/main/java/org/apache/wiki/ReferenceManager.java,384,FP,TP,1.00,Analyzer claims MD5 weak. Evidence points to MD5 usage at specific line. No path constraints or expl...
apache__jspwiki_CVE-2019-0225_2.11.0.M2,java/weak-cryptographic-algorithm,jspwiki-main/src/main/java/org/apache/wiki/parser/CreoleToJSPWikiTranslator.java,515,FP,TP,1.00,Analyzer claims MD5 use. Evidence points to MD5 usage. No constraints negate. TP....
apache__jspwiki_CVE-2019-0225_2.11.0.M2,java/insecure-cookie,jspwiki-main/src/main/java/org/apache/wiki/auth/login/CookieAssertionLoginModule.java,148,FP,TP,1.00,Analyzer claims cookie lacks 'secure' flag. Evidence points to cookie setting code. Precondition: co...
apache__jspwiki_CVE-2019-0225_2.11.0.M2,java/insecure-cookie,jspwiki-main/src/main/java/org/apache/wiki/auth/login/CookieAssertionLoginModule.java,161,FP,TP,1.00,Analyzer claims cookie lacks 'secure' flag. Evidence points to cookie addition at line 161. No path ...
apache__jspwiki_CVE-2019-0225_2.11.0.M2,java/insecure-cookie,jspwiki-main/src/main/java/org/apache/wiki/auth/login/CookieAuthenticationLoginModule.java,250,FP,TP,1.00,Analyzer claims cookie lacks 'secure' flag. Evidence points to cookie creation. Lack of 'secure' fla...
apache__jspwiki_CVE-2019-0225_2.11.0.M2,java/insecure-cookie,jspwiki-main/src/main/java/org/apache/wiki/auth/login/CookieAuthenticationLoginModule.java,299,FP,TP,1.00,Analyzer claims cookie added without 'secure' flag. Evidence points to cookie setting code. Missing ...
apache__jspwiki_CVE-2019-0225_2.11.0.M2,java/insecure-cookie,jspwiki-main/src/main/java/org/apache/wiki/tags/CookieTag.java,282,FP,TP,1.00,"Analyzer claims cookie set without 'secure' flag. Evidence points to CookieTag.java:282, likely sett..."
apache__jspwiki_CVE-2019-0225_2.11.0.M2,java/insecure-cookie,jspwiki-main/src/main/java/org/apache/wiki/tags/CookieTag.java,286,FP,TP,1.00,Analyzer claims cookie lacks 'secure' flag. Evidence points to `CookieTag.java:286`. This suggests a...
apache__jspwiki_CVE-2019-0225_2.11.0.M2,java/regex-injection,jspwiki-main/src/main/java/org/apache/wiki/forms/FormSelect.java,137,FP,TP,1.00,Alert claims regex built from user input. Data flows from WikiContext (likely user-controlled) to Fo...
apache__jspwiki_CVE-2019-0225_2.11.0.M2,java/regex-injection,jspwiki-main/src/main/java/org/apache/wiki/plugin/IndexPlugin.java,142,FP,TP,1.00,"Analyzer claim: User input forms regex, potentially leading to ReDoS. Preconditions: User input used..."
apache__jspwiki_CVE-2019-0225_2.11.0.M2,java/regex-injection,jspwiki-main/src/main/java/org/apache/wiki/plugin/IndexPlugin.java,143,FP,TP,1.00,Analyzer claims user input builds regex. Evidence shows user input flows into `WikiContext` (source)...
apache__jspwiki_CVE-2019-0225_2.11.0.M2,java/polynomial-redos,jspwiki-main/src/main/java/org/apache/wiki/parser/CreoleToJSPWikiTranslator.java,507,FP,TP,1.00,"Analyzer claims regex depends on user input, leading to ReDoS. Evidence shows data flow from WikiCon..."
apache__jspwiki_CVE-2019-0225_2.11.0.M2,java/polynomial-redos,jspwiki-main/src/main/java/org/apache/wiki/plugin/WeblogPlugin.java,341,FP,TP,1.00,Analyzer claims regex with user input may be slow. Evidence shows user input flows to regex in Weblo...
apache__jspwiki_CVE-2019-0225_2.11.0.M2,java/path-injection,jspwiki-main/src/main/java/org/apache/wiki/auth/login/CookieAuthenticationLoginModule.java,124,FP,TP,1.00,Analyzer claims user input reaches sensitive sink. Evidence shows data flow from HttpUtil (likely pa...
apache__jspwiki_CVE-2019-0225_2.11.0.M2,java/path-injection,jspwiki-main/src/main/java/org/apache/wiki/auth/login/CookieAuthenticationLoginModule.java,213,FP,TP,1.00,Analyzer claims user input reaches sensitive sink (CookieAuthenticationLoginModule). Evidence shows ...
apache__jspwiki_CVE-2019-0225_2.11.0.M2,java/concatenated-command-line,jspwiki-util/src/test/java/org/apache/wiki/util/FileUtilTest.java,102,FP,FP,1.00,Analyzer claims command line built with string concatenation. Evidence shows alert on a test file (F...
apache__jspwiki_CVE-2019-0225_2.11.0.M2,java/xss,jspwiki-main/src/main/java/org/apache/wiki/plugin/SampleAjaxPlugin.java,59,FP,TP,1.00,CodeQL claims XSS. Evidence shows user input (source) flows to a sink (SampleAjaxPlugin.java:59) via...
apache__jspwiki_CVE-2019-0225_2.11.0.M2,java/xss,jspwiki-main/src/main/java/org/apache/wiki/tags/AuthorTag.java,72,FP,TP,1.00,Analyzer claims XSS. Source is user-controlled input (WikiContext). Sink is AuthorTag (likely render...
apache__jspwiki_CVE-2019-0225_2.11.0.M2,java/xss,jspwiki-main/src/main/java/org/apache/wiki/tags/CalendarTag.java,320,FP,TP,1.00,"Analyzer claims XSS. Source is user-provided value in WikiEngine. Data flows through multiple calls,..."
apache__jspwiki_CVE-2019-0225_2.11.0.M2,java/xss,jspwiki-main/src/main/java/org/apache/wiki/tags/CookieTag.java,256,FP,TP,1.00,Analyzer claims XSS from user input to sink. Evidence shows data flow: Source (user input) -> Sink. ...
apache__jspwiki_CVE-2019-0225_2.11.0.M2,java/xss,jspwiki-main/src/main/java/org/apache/wiki/tags/FeedDiscoveryTag.java,59,FP,TP,1.00,Analyzer claims XSS. Source: WikiContext.java (user input likely). Sink: FeedDiscoveryTag.java (outp...
apache__jspwiki_CVE-2019-0225_2.11.0.M2,java/xss,jspwiki-main/src/main/java/org/apache/wiki/tags/FeedDiscoveryTag.java,72,FP,TP,1.00,"Analyzer claims XSS. Source: WikiContext, Sink: FeedDiscoveryTag. Data flows through VariableManager..."
apache__jspwiki_CVE-2019-0225_2.11.0.M2,java/xss,jspwiki-main/src/main/java/org/apache/wiki/tags/FeedDiscoveryTag.java,75,FP,TP,1.00,"Analyzer claims XSS. Source is WikiContext, sink FeedDiscoveryTag. Data flows via VariableManager, F..."
apache__jspwiki_CVE-2019-0225_2.11.0.M2,java/xss,jspwiki-main/src/main/java/org/apache/wiki/tags/InsertPageTag.java,128,FP,TP,1.00,"Analyzer claims XSS from user input. Source is WikiContext, sink is InsertPageTag. Data flows throug..."
apache__jspwiki_CVE-2019-0225_2.11.0.M2,java/xss,jspwiki-main/src/main/java/org/apache/wiki/tags/PluginTag.java,126,FP,TP,1.00,Analyzer claims XSS. Source: WikiContext.java:503 (user input). Sink: PluginTag.java:126 (rendering)...
apache__jspwiki_CVE-2019-0225_2.11.0.M2,java/xss,jspwiki-main/src/main/java/org/apache/wiki/tags/VariableTag.java,107,FP,FP,1.00,Analyzer claims XSS from user input to sink. Evidence shows data flow from WikiContext.java (likely ...
codehaus-plexus__plexus-utils_CVE-2017-1000487_3.0.15,java/polynomial-redos,src/main/java/org/codehaus/plexus/util/xml/XmlReader.java,742,FP,TP,1.00,Alert claims regex on user input vulnerable to ReDoS on '<?xml' prefixes. Evidence shows user input ...
codehaus-plexus__plexus-utils_CVE-2017-1000487_3.0.15,java/zipslip,src/main/java/org/codehaus/plexus/util/Expand.java,116,FP,TP,1.00,Analyzer claims unsanitized archive entry ('..') used in filesystem op. Evidence shows data flow fro...
apache__rocketmq_CVE-2019-17572_4.6.0,java/weak-cryptographic-algorithm,common/src/main/java/org/apache/rocketmq/common/consistenthash/ConsistentHashRouter.java,117,FP,ABSTAIN,1.00,Code slice empty. Cannot analyze MD5 usage. Analyzer claim: MD5 weak. Precondition: MD5 used in cryp...
apache__rocketmq_CVE-2019-17572_4.6.0,java/weak-cryptographic-algorithm,srvutil/src/main/java/org/apache/rocketmq/srvutil/FileWatchService.java,43,FP,TP,1.00,"Analyzer claims MD5, a weak crypto alg, is used. Evidence points to MD5 usage at FileWatchService.ja..."
apache__rocketmq_CVE-2019-17572_4.6.0,java/sql-injection,broker/src/main/java/org/apache/rocketmq/broker/transaction/jdbc/JDBCTransactionStore.java,128,FP,FP,1.00,Analyzer claim: User-controlled data reaches sink. Preconditions: User input reaches MixAll.java:222...
codehaus-plexus__plexus-utils_CVE-2022-4244_3.0.23,java/polynomial-redos,src/main/java/org/codehaus/plexus/util/xml/XmlReader.java,742,FP,TP,1.00,Claim: User input to regex causes ReDoS. Preconditions: Regex used on user input. XML parsing involv...
codehaus-plexus__plexus-utils_CVE-2022-4244_3.0.23,java/zipslip,src/main/java/org/codehaus/plexus/util/Expand.java,116,FP,TP,1.00,Analyzer claims unsanitized archive entry ('..') used in filesystem op. Evidence shows data flows fr...
perwendel__spark_CVE-2016-9177_2.5.1,java/insecure-cookie,src/main/java/spark/Response.java,235,FP,TP,1.00,"Analyzer claims cookie set without 'secure' flag. Evidence points to Response.java:235, a likely coo..."
perwendel__spark_CVE-2016-9177_2.5.1,java/insecure-cookie,src/main/java/spark/Response.java,246,FP,TP,1.00,Analyzer claims cookie lacks 'secure' flag. Evidence points to `Response.java:246` as source/sink. S...
perwendel__spark_CVE-2016-9177_2.5.1,java/insecure-cookie,src/test/java/spark/ResponseTest.java,121,FP,TP,1.00,Analyzer claims cookie lacks 'secure' flag. Evidence points to `ResponseTest.java:121`. While code s...
perwendel__spark_CVE-2016-9177_2.5.1,java/insecure-cookie,src/test/java/spark/ResponseTest.java,137,FP,TP,1.00,Analyzer claims insecure cookie set. Evidence points to `ResponseTest.java:137`. Missing code slice ...
perwendel__spark_CVE-2016-9177_2.5.1,java/insecure-cookie,src/test/java/spark/ResponseTest.java,152,FP,ABSTAIN,1.00,Code slice is empty. Cannot analyze....
perwendel__spark_CVE-2016-9177_2.5.1,java/insecure-cookie,src/test/java/spark/ResponseTest.java,167,FP,TP,1.00,Analyzer claims cookie lacks 'secure' flag. Evidence points to `ResponseTest.java:167`. Although cod...
perwendel__spark_CVE-2016-9177_2.5.1,java/insecure-cookie,src/test/java/spark/ResponseTest.java,182,FP,ABSTAIN,1.00,Code slice empty. Cannot analyze....
perwendel__spark_CVE-2016-9177_2.5.1,java/insecure-cookie,src/test/java/spark/ResponseTest.java,197,FP,TP,1.00,Analyzer claims cookie lacks 'secure' flag. Evidence points to a test file setting a cookie. Without...
perwendel__spark_CVE-2016-9177_2.5.1,java/insecure-cookie,src/test/java/spark/ResponseTest.java,213,FP,TP,1.00,Analyzer claims cookie lacks 'secure' flag. Evidence points to a cookie being set at line 213. Missi...
perwendel__spark_CVE-2016-9177_2.5.1,java/path-injection,src/main/java/spark/resource/ClassPathResource.java,120,FP,TP,1.00,Analyzer claims user input reaches sensitive sink. Evidence shows data flow from AbstractResourceHan...
perwendel__spark_CVE-2016-9177_2.5.1,java/path-injection,src/main/java/spark/resource/ClassPathResource.java,139,FP,TP,1.00,Analyzer claims user input path is used in resource loading. Evidence shows data flows from Abstract...
perwendel__spark_CVE-2016-9177_2.5.1,java/path-injection,src/main/java/spark/resource/ClassPathResource.java,161,FP,TP,1.00,1. Analyzer claim: User input flows to `ClassPathResource.java:161` without sanitization. 2. Precond...
perwendel__spark_CVE-2016-9177_2.5.1,java/path-injection,src/main/java/spark/resource/ExternalResource.java,40,FP,TP,1.00,Analyzer claims user input reaches `ExternalResource.java:40`. Evidence shows data flow from `Abstra...
perwendel__spark_CVE-2016-9177_2.5.1,java/path-injection,src/main/java/spark/resource/ExternalResource.java,67,FP,TP,1.00,"Analyzer claims user input influences file path retrieval, leading to potential path traversal. Evid..."
perwendel__spark_CVE-2016-9177_2.5.1,java/path-injection,src/main/java/spark/resource/JarResourceHandler.java,109,FP,TP,1.00,Analyzer claims user input reaches sink. Evidence shows data flow from source (line 68) to sink (lin...
perwendel__spark_CVE-2016-9177_2.5.1,java/path-injection,src/main/java/spark/utils/ResourceUtils.java,222,FP,TP,1.00,Analyzer claims user input reaches sensitive sink (ResourceUtils.java:222). Evidence shows direct fl...
perwendel__spark_CVE-2018-9159_2.7.1,java/insecure-cookie,src/main/java/spark/Response.java,251,FP,TP,1.00,Analyzer claims cookie lacks 'secure' flag. Evidence points to cookie setting code. Precondition: co...
perwendel__spark_CVE-2018-9159_2.7.1,java/insecure-cookie,src/main/java/spark/Response.java,273,FP,TP,1.00,"Analyzer claims cookie lacks 'secure' flag. Evidence points to Response.java:273, the likely source/..."
perwendel__spark_CVE-2018-9159_2.7.1,java/insecure-cookie,src/test/java/spark/ResponseTest.java,124,FP,TP,1.00,Analyzer claims cookie lacks 'secure' flag. Evidence points to cookie setting code. Without 'secure'...
perwendel__spark_CVE-2018-9159_2.7.1,java/insecure-cookie,src/test/java/spark/ResponseTest.java,141,FP,TP,1.00,"Analyzer claims cookie lacks 'secure' flag. Evidence points to line 141 in ResponseTest.java, settin..."
perwendel__spark_CVE-2018-9159_2.7.1,java/insecure-cookie,src/test/java/spark/ResponseTest.java,157,FP,TP,1.00,Analyzer claims cookie added without 'secure' flag. Evidence points to code setting cookie. Lack of ...
perwendel__spark_CVE-2018-9159_2.7.1,java/insecure-cookie,src/test/java/spark/ResponseTest.java,173,FP,ABSTAIN,1.00,Code slice empty. Cannot analyze....
perwendel__spark_CVE-2018-9159_2.7.1,java/insecure-cookie,src/test/java/spark/ResponseTest.java,189,FP,TP,1.00,Analyzer claims cookie lacks 'secure' flag. Evidence points to test code setting a cookie. Test code...
perwendel__spark_CVE-2018-9159_2.7.1,java/insecure-cookie,src/test/java/spark/ResponseTest.java,205,FP,TP,1.00,Analyzer claims cookie lacks 'secure' flag. Evidence points to a cookie being set at ResponseTest.ja...
perwendel__spark_CVE-2018-9159_2.7.1,java/insecure-cookie,src/test/java/spark/ResponseTest.java,221,FP,TP,1.00,"Analyzer claims: Cookie added without 'secure' flag. Preconditions: Cookie set, 'secure' flag absent..."
perwendel__spark_CVE-2018-9159_2.7.1,java/insecure-cookie,src/test/java/spark/ResponseTest.java,237,FP,TP,1.00,Analyzer claims cookie lacks 'secure' flag. Evidence points to a cookie being set without it. Missin...
perwendel__spark_CVE-2018-9159_2.7.1,java/path-injection,src/main/java/spark/resource/ClassPathResource.java,120,TP,TP,1.00,Analyzer claims user input reaches sensitive `ClassPathResource.java:120`. Traces show input flowing...
perwendel__spark_CVE-2018-9159_2.7.1,java/path-injection,src/main/java/spark/resource/ClassPathResource.java,139,TP,TP,1.00,Analyzer claims user input reaches sensitive `ClassPathResource.java:139`. Evidence shows data flow ...
perwendel__spark_CVE-2018-9159_2.7.1,java/path-injection,src/main/java/spark/resource/ClassPathResource.java,161,TP,TP,1.00,Analyzer claims user input reaches `ClassPathResource.java:161`. Evidence shows data flows from `Abs...
perwendel__spark_CVE-2018-9159_2.7.1,java/path-injection,src/main/java/spark/resource/ExternalResource.java,40,FP,TP,1.00,Analyzer claims user input reaches sink `ExternalResource.java:40`. Evidence shows data flow from `A...
perwendel__spark_CVE-2018-9159_2.7.1,java/path-injection,src/main/java/spark/resource/ExternalResource.java,67,FP,TP,1.00,Analyzer claims user input reaches ExternalResource.java:67. Evidence shows flow from AbstractResour...
perwendel__spark_CVE-2018-9159_2.7.1,java/path-injection,src/main/java/spark/staticfiles/DirectoryTraversal.java,19,FP,TP,1.00,Analyzer claims user input reaches DirectoryTraversal sink. Evidence shows data flow from AbstractRe...
perwendel__spark_CVE-2018-9159_2.7.1,java/path-injection,src/main/java/spark/utils/ResourceUtils.java,222,FP,TP,1.00,"1. Analyzer claim: User input reaches a sensitive sink (ResourceUtils.java:222) via multiple paths, ..."
rhuss__jolokia_CVE-2018-1000129_1.4.0,java/unsafe-hostname-verification,agent/jvm/src/test/java/org/jolokia/jvmagent/JolokiaServerTest.java,308,FP,FP,1.00,"Alert claims hostname verifier always accepts. Evidence points to `JolokiaServerTest.java`, a test f..."
rhuss__jolokia_CVE-2018-1000129_1.4.0,java/unsafe-hostname-verification,agent/jvm/src/test/java/org/jolokia/jvmagent/JolokiaServerTest.java,467,FP,FP,1.00,Analyzer claims insecure hostname verifier. Evidence points to a test file (JolokiaServerTest.java)....
rhuss__jolokia_CVE-2018-1000129_1.4.0,java/weak-cryptographic-algorithm,agent/core/src/main/java/org/jolokia/util/JolokiaCipher.java,141,FP,TP,1.00,Analyzer claims AES/CBC/PKCS5Padding is weak. Evidence points to this algorithm's usage at specific ...
rhuss__jolokia_CVE-2018-1000129_1.4.0,java/overly-large-range,agent/core/src/main/java/org/jolokia/util/NetworkUtil.java,328,FP,ABSTAIN,1.00,Code slice missing. Cannot analyze alert without code context....
rhuss__jolokia_CVE-2018-1000129_1.4.0,java/insecure-trustmanager,agent/jvm/src/main/java/org/jolokia/jvmagent/security/DelegatingAuthenticator.java,156,FP,TP,1.00,Analyzer claims TrustManager trusts any cert. Evidence points to DelegatingAuthenticator using Trust...
rhuss__jolokia_CVE-2018-1000129_1.4.0,java/insecure-trustmanager,agent/jvm/src/test/java/org/jolokia/jvmagent/JolokiaServerTest.java,306,FP,FP,1.00,Analyzer claims TrustManager trusts any cert. Evidence shows this is in a test file (JolokiaServerTe...
rhuss__jolokia_CVE-2018-1000129_1.4.0,java/insecure-trustmanager,agent/jvm/src/test/java/org/jolokia/jvmagent/JolokiaServerTest.java,486,FP,FP,1.00,Analyzer claims TrustManager trusts any cert. Evidence shows code is in a test file (JolokiaServerTe...
rhuss__jolokia_CVE-2018-1000129_1.4.0,java/regex-injection,agent/core/src/main/java/org/jolokia/http/HttpRequestHandler.java,358,FP,TP,1.00,Analyzer claims regex built from user input. Evidence shows user input flowing to regex construction...
rhuss__jolokia_CVE-2018-1000129_1.4.0,java/polynomial-redos,agent/core/src/main/java/org/jolokia/handler/ExecHandler.java,220,FP,TP,1.00,1. **Claim**: User input processed by `AgentServlet` can lead to a ReDoS vulnerability in a regex wi...
rhuss__jolokia_CVE-2018-1000129_1.4.0,java/polynomial-redos,agent/core/src/main/java/org/jolokia/handler/ExecHandler.java,226,FP,TP,1.00,"Analyzer claim: User input to regex causes ReDoS. Preconditions: User input used in regex, regex vul..."
rhuss__jolokia_CVE-2018-1000129_1.4.0,java/maven/non-https-url,client/javascript/pom.xml,70,FP,TP,1.00,Analyzer claims artifact download/upload over insecure protocol (HTTP). Evidence points to `pom.xml`...
rhuss__jolokia_CVE-2018-1000129_1.4.0,java/maven/non-https-url,client/javascript/test-app/pom.xml,115,FP,TP,1.00,"Analyzer claims insecure protocol download/upload. Evidence points to pom.xml, likely artifact repos..."
rhuss__jolokia_CVE-2018-1000129_1.4.0,java/maven/non-https-url,tools/roo-addon/pom.xml,40,FP,TP,1.00,Analyzer claims insecure protocol use for artifact download/upload. Evidence points to pom.xml (40) ...
rhuss__jolokia_CVE-2018-1000129_1.4.0,java/maven/non-https-url,tools/roo-addon/pom.xml,47,FP,TP,1.00,Analyzer claims insecure artifact download. Evidence points to `pom.xml` defining artifact source. N...
rhuss__jolokia_CVE-2018-1000129_1.4.0,java/xss,agent/core/src/main/java/org/jolokia/http/AgentServlet.java,503,TP,TP,1.00,Analyzer claims XSS from user input. Evidence shows data flow from line 472 (likely user input sourc...
undertow-io__undertow_CVE-2014-7816_1.0.16.Final,java/unvalidated-url-redirection,servlet/src/test/java/io/undertow/servlet/test/request/RedirectServlet.java,16,FP,TP,1.00,Analyzer claims untrusted URL redirect from user input. Evidence shows data flow from a wrapper to a...
undertow-io__undertow_CVE-2014-7816_1.0.16.Final,java/unvalidated-url-redirection,servlet/src/test/java/io/undertow/servlet/test/wrapper/NonStandardResponseWrapper.java,341,FP,TP,1.00,Analyzer claims untrusted URL redirection. Evidence shows user input (source) flows to a response wr...
undertow-io__undertow_CVE-2014-7816_1.0.16.Final,java/http-response-splitting,servlet/src/main/java/io/undertow/servlet/websockets/ServletWebSocketHttpExchange.java,126,FP,TP,1.00,Analyzer claims user input in header can cause response splitting. Evidence shows data flow from sou...
undertow-io__undertow_CVE-2014-7816_1.0.16.Final,java/http-response-splitting,servlet/src/test/java/io/undertow/servlet/test/wrapper/NonStandardResponseWrapper.java,368,FP,FP,1.00,Analyzer claims user input in header causes response splitting. Evidence shows flow from WebSocket h...
undertow-io__undertow_CVE-2014-7816_1.0.16.Final,java/weak-cryptographic-algorithm,core/src/main/java/io/undertow/security/idm/DigestAlgorithm.java,71,FP,TP,1.00,Analyzer claims MD5 is weak. Evidence shows MD5 used in `DigestAlgorithm.java` (source 33 to sink 71...
undertow-io__undertow_CVE-2014-7816_1.0.16.Final,java/weak-cryptographic-algorithm,core/src/main/java/io/undertow/security/impl/SimpleNonceManager.java,142,FP,TP,1.00,"Analyzer claims MD5, a weak crypto algo, used. Evidence shows MD5 usage via data flow from line 63 t..."
undertow-io__undertow_CVE-2014-7816_1.0.16.Final,java/weak-cryptographic-algorithm,core/src/main/java/io/undertow/websockets/client/WebSocket13ClientHandshake.java,150,FP,TP,1.00,Analyzer claims SHA1 crypto weak. Evidence points to SHA1 usage at line 150. No evidence contradicts...
undertow-io__undertow_CVE-2014-7816_1.0.16.Final,java/weak-cryptographic-algorithm,core/src/main/java/io/undertow/websockets/core/WebSocketUtils.java,58,FP,TP,1.00,"Analyzer claims MD5, a weak crypto algorithm, used. Evidence points to MD5 usage at WebSocketUtils.j..."
undertow-io__undertow_CVE-2014-7816_1.0.16.Final,java/ssrf,servlet/src/test/java/io/undertow/servlet/test/servletcontext/ReadFileServlet.java,22,FP,TP,1.00,Analyzer claims SSRF. Evidence shows user input (source: ReadFileServlet.java:20) flows to file reso...
undertow-io__undertow_CVE-2014-7816_1.0.16.Final,java/insecure-cookie,servlet/src/test/java/io/undertow/servlet/test/wrapper/NonStandardResponseWrapper.java,263,FP,TP,1.00,Analyzer claims missing 'secure' flag on cookie. Evidence points to cookie addition without flag. No...
undertow-io__undertow_CVE-2014-7816_1.0.16.Final,java/path-injection,core/src/main/java/io/undertow/server/handlers/resource/FileResourceManager.java,89,FP,TP,1.00,CodeQL claims user input reaches FileResourceManager.java:89. Evidence shows data flow from DefaultS...
undertow-io__undertow_CVE-2014-7816_1.0.16.Final,java/maven/non-https-url,pom.xml,378,FP,TP,1.00,Analyzer claims artifact download/upload over insecure protocol. Evidence points to `pom.xml:378` (l...
undertow-io__undertow_CVE-2014-7816_1.0.16.Final,java/maven/non-https-url,pom.xml,395,FP,TP,1.00,"Analyzer claims insecure artifact download. Evidence points to pom.xml line 395, likely a dependency..."
undertow-io__undertow_CVE-2014-7816_1.0.16.Final,java/xss,servlet/src/main/java/io/undertow/servlet/handlers/DefaultServlet.java,155,TP,TP,1.00,Analyzer claims XSS via user input. Evidence shows user input flowing from source (DefaultServlet.ja...
undertow-io__undertow_CVE-2014-7816_1.0.16.Final,java/xss,servlet/src/test/java/io/undertow/servlet/test/charset/DefaultCharsetFormParserServlet.java,17,FP,ABSTAIN,1.00,Code slice unavailable. Cannot verify analyzer claim or preconditions....
undertow-io__undertow_CVE-2014-7816_1.0.16.Final,java/xss,servlet/src/test/java/io/undertow/servlet/test/charset/EchoServlet.java,29,FP,FP,1.00,Analyzer claims XSS. Evidence shows data flow from line 24 to 29 in EchoServlet.java. No path constr...
undertow-io__undertow_CVE-2014-7816_1.0.16.Final,java/xss,servlet/src/test/java/io/undertow/servlet/test/errorpage/PathServlet.java,16,FP,ABSTAIN,1.00,"Code slice empty. Cannot analyze flow. Evidence points to XSS, but missing code prevents verificatio..."
undertow-io__undertow_CVE-2014-7816_1.0.16.Final,java/xss,servlet/src/test/java/io/undertow/servlet/test/path/PathMappingServlet.java,37,FP,ABSTAIN,1.00,Code slice missing. Cannot analyze taint flow....
undertow-io__undertow_CVE-2014-7816_1.0.16.Final,java/xss,servlet/src/test/java/io/undertow/servlet/test/request/RequestPathServlet.java,43,FP,ABSTAIN,1.00,"Code slice empty. Cannot analyze. Source/sink at same line, but no code to inspect. Constraints miss..."
undertow-io__undertow_CVE-2014-7816_1.0.16.Final,java/xss,servlet/src/test/java/io/undertow/servlet/test/request/RequestPathServlet.java,45,FP,ABSTAIN,1.00,Code slice unavailable. Cannot analyze taint flow....
undertow-io__undertow_CVE-2014-7816_1.0.16.Final,java/xss,servlet/src/test/java/io/undertow/servlet/test/request/RequestPathServlet.java,46,FP,ABSTAIN,1.00,Code slice empty. Cannot analyze....
undertow-io__undertow_CVE-2014-7816_1.0.16.Final,java/xss,servlet/src/test/java/io/undertow/servlet/test/request/RequestPathServlet.java,47,FP,TP,1.00,"Analyzer claims XSS. Source/sink same line, 47. Data flow traces same line, 47. No path constraints...."
undertow-io__undertow_CVE-2014-7816_1.0.16.Final,java/xss,servlet/src/test/java/io/undertow/servlet/test/response/contenttype/ContentTypeServlet.java,45,FP,TP,1.00,Analyzer claims XSS. Evidence shows user input flows from source (ContentTypeServlet.java:36) to sin...
undertow-io__undertow_CVE-2014-7816_1.0.16.Final,java/xss,servlet/src/test/java/io/undertow/servlet/test/security/form/EchoServlet.java,20,FP,TP,1.00,Analyzer claims XSS. Evidence shows user input (source: EchoServlet.java:19) flowing to output (sink...
undertow-io__undertow_CVE-2014-7816_1.0.16.Final,java/xss,servlet/src/test/java/io/undertow/servlet/test/security/form/RequestParamEchoServlet.java,41,FP,TP,1.00,Analyzer claims XSS. Evidence shows user input (source) directly flows to output (sink) without sani...
undertow-io__undertow_CVE-2014-7816_1.0.16.Final,java/xss,servlet/src/test/java/io/undertow/servlet/test/session/ChangeSessionIdServlet.java,22,FP,FP,1.00,Analyzer claims XSS. Source is `ServletCookieAdaptor.java:46` (likely cookie creation/manipulation)....
undertow-io__undertow_CVE-2014-7816_1.0.16.Final,java/xss,servlet/src/test/java/io/undertow/servlet/test/streams/BlockingInputStreamServlet.java,45,FP,TP,1.00,Analyzer claims XSS. Evidence shows user input (source at 39) flowing to output (sink at 45) via Ser...
undertow-io__undertow_CVE-2014-7816_1.0.16.Final,java/xss,servlet/src/test/java/io/undertow/servlet/test/util/ParameterEchoServlet.java,71,FP,TP,1.00,Analyzer claims XSS. Evidence shows user input flowing from source (ParameterEchoServlet.java:37) to...
undertow-io__undertow_CVE-2014-7816_1.0.16.Final,java/xss,servlet/src/test/java/io/undertow/servlet/test/util/PathTestServlet.java,19,FP,ABSTAIN,1.00,Code slice unavailable. Cannot verify analyzer claim or preconditions....
undertow-io__undertow_CVE-2014-7816_1.0.16.Final,java/xss,servlet/src/test/java/io/undertow/servlet/test/util/PathTestServlet.java,20,FP,ABSTAIN,1.00,Code slice is empty. Cannot analyze....
undertow-io__undertow_CVE-2014-7816_1.0.16.Final,java/xss,servlet/src/test/java/io/undertow/servlet/test/util/PathTestServlet.java,22,FP,ABSTAIN,1.00,Code slice empty. Cannot analyze vulnerability without source code....
undertow-io__undertow_CVE-2014-7816_1.0.16.Final,java/implicit-cast-in-compound-assignment,core/src/main/java/io/undertow/conduits/ChunkedStreamSourceConduit.java,209,FP,TP,1.00,Analyzer claims implicit `long` to `int` cast. Evidence shows `long` to `int` cast at line 209. No p...
undertow-io__undertow_CVE-2014-7816_1.0.16.Final,java/implicit-cast-in-compound-assignment,core/src/main/java/io/undertow/io/UndertowOutputStream.java,237,FP,FP,1.00,"Analyzer claims implicit cast of long to int. Evidence shows source/sink at same line, no path const..."
undertow-io__undertow_CVE-2014-7816_1.0.16.Final,java/implicit-cast-in-compound-assignment,core/src/main/java/io/undertow/server/HttpServerExchange.java,1425,FP,FP,1.00,"Analyzer claims implicit long-to-int cast. Evidence shows source/sink at same line (1425), no path c..."
asf__commons-io_CVE-2021-29425_2.6,java/weak-cryptographic-algorithm,src/main/java/org/apache/commons/io/input/MessageDigestCalculatingInputStream.java,88,FP,TP,1.00,"Analyzer claims MD5, a weak crypto algo, is used. Evidence points to MessageDigestCalculatingInputSt..."
asf__commons-io_CVE-2021-29425_2.6,java/polynomial-redos,src/main/java/org/apache/commons/io/input/XmlStreamReader.java,742,FP,TP,1.00,Analyzer claims regex dependent on user input may cause ReDoS. Evidence shows user input flowing int...
asf__commons-io_CVE-2021-29425_2.6,java/polynomial-redos,src/test/java/org/apache/commons/io/input/compatibility/XmlStreamReader.java,700,FP,FP,1.00,"Analyzer claims regex, user input, slow regex. Evidence shows test code. Regex in test code likely c..."
asf__commons-io_CVE-2021-29425_2.6,java/concatenated-command-line,src/test/java/org/apache/commons/io/FileUtilsTestCase.java,838,FP,FP,1.00,Analyzer claims command line built with string concatenation. Evidence shows source/sink at same lin...
asf__commons-io_CVE-2021-29425_2.6,java/concatenated-command-line,src/test/java/org/apache/commons/io/FileUtilsTestCase.java,842,FP,ABSTAIN,1.00,Code slice unavailable. Cannot analyze string concatenation for command line construction....
zeroturnaround__zt-zip_CVE-2018-1002201_1.12,java/zipslip,src/main/java/org/zeroturnaround/zip/ZipUtil.java,1150,TP,TP,1.00,Analyzer claims unsanitized archive entry (with '..') used in filesystem op. Evidence shows data flo...
zeroturnaround__zt-zip_CVE-2018-1002201_1.12,java/zipslip,src/main/java/org/zeroturnaround/zip/ZipUtil.java,1196,FP,TP,1.00,Analyzer claims unsanitized archive entry used in file op. Evidence shows data flowing from ZipUtil ...
zeroturnaround__zt-zip_CVE-2018-1002201_1.12,java/zipslip,src/main/java/org/zeroturnaround/zip/ZipUtil.java,1258,TP,TP,1.00,Analyzer claims unsanitized archive entry used in filesystem op. Evidence shows data flows from zip ...
zeroturnaround__zt-zip_CVE-2018-1002201_1.12,java/zipslip,src/main/java/org/zeroturnaround/zip/Zips.java,676,FP,TP,1.00,Analyzer claims unsanitized archive entry used in file op. Evidence shows data flow from archive ent...
zeroturnaround__zt-zip_CVE-2018-1002201_1.12,java/zipslip,src/test/java/example/UnpackExample.java,29,FP,TP,1.00,Analyzer claims unsanitized archive entry used in file op. Evidence points to `..` in archive entry ...
apache__tika_CVE-2018-11762_1.18,java/ssrf,tika-core/src/main/java/org/apache/tika/io/TikaInputStream.java,408,FP,TP,1.00,Analyzer claims SSRF. User input flows from DetectorResource to TikaInputStream. No path constraints...
apache__tika_CVE-2018-11762_1.18,java/ssrf,tika-translate/src/main/java/org/apache/tika/language/translate/JoshuaNetworkTranslator.java,208,FP,TP,1.00,"Analyzer claims SSRF. User input flows from TranslateResource to JoshuaNetworkTranslator, potentiall..."
apache__tika_CVE-2018-11762_1.18,java/redos,tika-core/src/main/java/org/apache/tika/sax/StandardsText.java,56,FP,TP,1.00,Analyzer claim: Regex exponential backtrack (ReDoS) on '9.' + '9' repeats. Preconditions: Vulnerable...
apache__tika_CVE-2018-11762_1.18,java/polynomial-redos,tika-parsers/src/main/java/org/apache/tika/parser/code/SourceCodeParser.java,140,FP,TP,1.00,"Analyzer claims regex depends on user input, leading to potential DoS via ReDoS. Evidence shows user..."
apache__tika_CVE-2018-11762_1.18,java/polynomial-redos,tika-parsers/src/main/java/org/apache/tika/parser/mail/MailUtil.java,90,FP,TP,1.00,Analyzer claims regex depends on user input ('!' character) causing denial of service (ReDoS). Evide...
apache__tika_CVE-2018-11762_1.18,java/polynomial-redos,tika-parsers/src/main/java/org/apache/tika/parser/mbox/MboxParser.java,164,FP,TP,1.00,Analyzer claims regex from user input may cause ReDoS. Evidence shows user input flows to MboxParser...
apache__tika_CVE-2018-11762_1.18,java/polynomial-redos,tika-parsers/src/main/java/org/apache/tika/parser/mbox/MboxParser.java,178,FP,TP,1.00,"Analyzer claim: User input to regex in MboxParser.java. Preconditions: User input reaches regex, reg..."
apache__tika_CVE-2018-11762_1.18,java/path-injection,tika-core/src/main/java/org/apache/tika/io/TemporaryResources.java,81,FP,TP,1.00,Analyzer claims user input reaches TemporaryResources.java:81. Evidence shows data flow from Detecto...
apache__tika_CVE-2018-11762_1.18,java/path-injection,tika-core/src/main/java/org/apache/tika/io/TikaInputStream.java,399,FP,TP,1.00,Analyzer claims user input reaches a dangerous sink (TikaInputStream.java:399). Evidence shows a cle...
apache__tika_CVE-2018-11762_1.18,java/path-injection,tika-core/src/main/java/org/apache/tika/io/TikaInputStream.java,480,FP,FP,1.00,Analyzer claim: User input reaches TikaInputStream. Evidence: User input indeed reaches TikaInputStr...
apache__tika_CVE-2018-11762_1.18,java/path-injection,tika-core/src/main/java/org/apache/tika/io/TikaInputStream.java,589,FP,TP,1.00,Analyzer claims user input reaches `TikaInputStream.java:589`. Evidence shows data flow from `Detect...
apache__tika_CVE-2018-11762_1.18,java/path-injection,tika-core/src/main/java/org/apache/tika/io/TikaInputStream.java,586,FP,TP,1.00,Analyzer claims user input reaches sensitive sink. Evidence shows data flow from DetectorResource (l...
apache__tika_CVE-2018-11762_1.18,java/path-injection,tika-core/src/main/java/org/apache/tika/parser/digest/InputStreamDigester.java,164,FP,TP,1.00,Analyzer claims user input flows into `InputStreamDigester.java:164`. Evidence shows data from `Meta...
apache__tika_CVE-2018-11762_1.18,java/path-injection,tika-core/src/main/java/org/apache/tika/utils/RereadableInputStream.java,194,FP,TP,1.00,Analyzer claims user input reaches `RereadableInputStream.java:194`. Evidence shows user input from ...
apache__tika_CVE-2018-11762_1.18,java/path-injection,tika-core/src/main/java/org/apache/tika/utils/RereadableInputStream.java,251,FP,TP,1.00,Analyzer claim: User input flows to RereadableInputStream. Preconditions: User input must reach Rere...
apache__tika_CVE-2018-11762_1.18,java/path-injection,tika-example/src/main/java/org/apache/tika/example/RollbackSoftware.java,114,FP,TP,1.00,Analyzer claims user input reaches `RollbackSoftware.java:114`. Evidence shows user input from `Meta...
apache__tika_CVE-2018-11762_1.18,java/path-injection,tika-parsers/src/main/java/org/apache/tika/parser/journal/GrobidRESTParser.java,72,FP,TP,1.00,Analyzer claims user input reaches sensitive sink (GrobidRESTParser.java:72). Evidence shows user-co...
apache__tika_CVE-2018-11762_1.18,java/path-injection,tika-parsers/src/main/java/org/apache/tika/parser/journal/GrobidRESTParser.java,75,FP,TP,1.00,Analyzer claims user input reaches sensitive sink (GrobidRESTParser.java:75). Evidence shows data fl...
apache__tika_CVE-2018-11762_1.18,java/path-injection,tika-parsers/src/main/java/org/apache/tika/parser/journal/JournalParser.java,63,FP,TP,1.00,Analyzer claims user input reaches JournalParser.java:63. Evidence shows data flows from MetadataRes...
apache__tika_CVE-2018-11762_1.18,java/path-injection,tika-parsers/src/main/java/org/apache/tika/parser/mp4/DirectFileReadDataSource.java,45,FP,TP,1.00,"Analyzer claims user input reaches MP4Parser's DirectFileReadDataSource, a known vulnerability point..."
apache__tika_CVE-2018-11762_1.18,java/path-injection,tika-parsers/src/main/java/org/apache/tika/parser/pot/PooledTimeSeriesParser.java,133,FP,TP,1.00,Analyzer claims user input reaches sensitive parser. Evidence shows data flow from MetadataResource ...
apache__tika_CVE-2018-11762_1.18,java/path-injection,tika-parsers/src/main/java/org/apache/tika/parser/pot/PooledTimeSeriesParser.java,135,FP,TP,1.00,Analyzer claims user input reaches sensitive sink (PooledTimeSeriesParser). Evidence shows data flow...
apache__tika_CVE-2018-11762_1.18,java/xxe,tika-core/src/main/java/org/apache/tika/detect/XmlRootExtractor.java,63,FP,TP,1.00,Analyzer claims untrusted XML input processed without disabling external entity expansion. Evidence ...
apache__tika_CVE-2018-11762_1.18,java/xxe,tika-core/src/main/java/org/apache/tika/parser/NetworkParser.java,129,FP,TP,1.00,"Analyzer claims XML parse uses user input, no external entity protection. Evidence shows data flow f..."
apache__tika_CVE-2018-11762_1.18,java/xxe,tika-core/src/test/java/org/apache/tika/parser/mock/MockParser.java,84,FP,TP,1.00,1. Analyzer claim: XML parsing (MockParser.java:84) uses user-provided data (MetadataResource.java:8...
apache__tika_CVE-2018-11762_1.18,java/xxe,tika-parsers/src/main/java/org/apache/tika/parser/dif/DIFParser.java,66,FP,TP,1.00,Analyzer claims user input is used in XML parsing without entity expansion protection. Evidence show...
apache__tika_CVE-2018-11762_1.18,java/xxe,tika-parsers/src/main/java/org/apache/tika/parser/epub/EpubContentParser.java,53,FP,TP,1.00,Analyzer claims XML parsing uses user input without protection against external entity expansion. Ev...
apache__tika_CVE-2018-11762_1.18,java/xxe,tika-parsers/src/main/java/org/apache/tika/parser/image/xmp/JempboxExtractor.java,70,FP,TP,1.00,Analyzer claims user input (MetadataResource.java:88) reaches XML parser (JempboxExtractor.java:70) ...
apache__tika_CVE-2018-11762_1.18,java/xxe,tika-parsers/src/main/java/org/apache/tika/parser/iwork/IWorkPackageParser.java,207,FP,TP,1.00,Analyzer claims XML parsing uses user input without entity expansion protection. Evidence shows data...
apache__tika_CVE-2018-11762_1.18,java/xxe,tika-parsers/src/main/java/org/apache/tika/parser/microsoft/ooxml/xwpf/ml2006/Word2006MLParser.java,61,FP,TP,1.00,Analyzer claims XML parsing uses user input without external entity expansion protection. Evidence s...
apache__tika_CVE-2018-11762_1.18,java/xxe,tika-parsers/src/main/java/org/apache/tika/parser/microsoft/xml/AbstractXML2003Parser.java,99,FP,TP,1.00,Analyzer claims XML parsing uses user input without protection against external entity expansion. Ev...
apache__tika_CVE-2018-11762_1.18,java/xxe,tika-parsers/src/main/java/org/apache/tika/parser/odf/OpenDocumentContentParser.java,601,FP,TP,1.00,Analyzer claims XML parsing uses user input without external entity expansion protection. Evidence s...
apache__tika_CVE-2018-11762_1.18,java/xxe,tika-parsers/src/main/java/org/apache/tika/parser/xml/XMLParser.java,73,FP,TP,1.00,Analyzer claims: XML parsing uses user input without XXE protection. Evidence shows user input (from...
apache__tika_CVE-2018-11762_1.18,java/xxe,tika-parsers/src/test/java/org/apache/tika/XMLTestBase.java,116,FP,FP,1.00,Analyzer claims XML parsing uses user input without protection. Evidence shows data flows to `XMLTes...
apache__tika_CVE-2018-11762_1.18,java/xxe,tika-parsers/src/test/java/org/apache/tika/XMLTestBase.java,141,FP,TP,1.00,Analyzer claims XML parsing uses user input without protection against external entity expansion. Ev...
apache__tika_CVE-2018-11762_1.18,java/concatenated-command-line,tika-parsers/src/main/java/org/apache/tika/parser/ocr/TesseractOCRParser.java,219,FP,TP,1.00,Analyzer claims command line built with string concat. Evidence shows data flow to command line buil...
apache__tika_CVE-2018-11762_1.18,java/command-line-injection,tika-core/src/main/java/org/apache/tika/parser/external/ExternalParser.java,236,FP,TP,1.00,Analyzer claims user input reaches ExternalParser's command line. Evidence shows data flow from Meta...
apache__tika_CVE-2018-11762_1.18,java/command-line-injection,tika-core/src/main/java/org/apache/tika/parser/external/ExternalParser.java,238,FP,TP,1.00,Analyzer claims external parser command line depends on user input. Evidence shows data flows from T...
apache__tika_CVE-2018-11762_1.18,java/command-line-injection,tika-parsers/src/main/java/org/apache/tika/parser/gdal/GDALParser.java,362,FP,TP,1.00,"Analyzer claims user input reaches GDALParser.java:362, a command execution sink. Evidence shows dat..."
apache__tika_CVE-2018-11762_1.18,java/command-line-injection,tika-parsers/src/main/java/org/apache/tika/parser/gdal/GDALParser.java,364,FP,TP,1.00,Analyzer claim: User input to command line. Preconditions: User input (source) reaches command line ...
apache__tika_CVE-2018-11762_1.18,java/command-line-injection,tika-parsers/src/main/java/org/apache/tika/parser/ocr/TesseractOCRParser.java,528,FP,TP,1.00,Analyzer claims user input reaches TesseractOCRParser command line. Evidence shows user input (Metad...
apache__tika_CVE-2018-11762_1.18,java/tainted-numeric-cast,tika-core/src/main/java/org/apache/tika/utils/RereadableInputStream.java,256,FP,TP,1.00,"Analyzer claims user input cast to narrower type, causing truncation. Evidence shows user input flow..."
apache__tika_CVE-2018-11762_1.18,java/tainted-numeric-cast,tika-parsers/src/main/java/org/apache/tika/parser/rtf/TextExtractor.java,386,FP,TP,1.00,Analyzer claims user input cast to narrower type. Evidence shows user input (likely from HTTP reques...
apache__tika_CVE-2018-11762_1.18,java/tainted-numeric-cast,tika-parsers/src/main/java/org/apache/tika/parser/rtf/TextExtractor.java,400,FP,TP,1.00,Analyzer claims user input causes truncation via cast. Evidence shows user input flows to TextExtrac...
apache__tika_CVE-2018-11762_1.18,java/maven/non-https-url,tika-server/pom.xml,35,FP,TP,1.00,Analyzer claims insecure protocol (HTTP) for artifact download/upload. Evidence points to `tika-serv...
apache__tika_CVE-2018-11762_1.18,java/xss,tika-server/src/main/java/org/apache/tika/server/resource/MetadataResource.java,105,FP,TP,1.00,Analyzer claims XSS. Evidence shows user input (source) flows to output (sink) without sanitization....
apache__tika_CVE-2018-11762_1.18,java/implicit-cast-in-compound-assignment,tika-batch/src/main/java/org/apache/tika/batch/fs/strawman/StrawManTikaAppDriver.java,140,FP,FP,1.00,"Analyzer claim: Implicit long to int cast. Preconditions: long value exceeds int max, code relies on..."
apache__tika_CVE-2018-11762_1.18,java/implicit-cast-in-compound-assignment,tika-core/src/main/java/org/apache/tika/detect/MagicDetector.java,365,FP,FP,1.00,"Analyzer claims implicit long-to-int cast. Evidence shows source/sink at same line (365), no path co..."
apache__tika_CVE-2018-11762_1.18,java/implicit-cast-in-compound-assignment,tika-core/src/main/java/org/apache/tika/io/LookaheadInputStream.java,120,FP,TP,1.00,Analyzer claims implicit `long` to `int` cast. Evidence points to `LookaheadInputStream.java:120`. T...
apache__tika_CVE-2018-11762_1.18,java/implicit-cast-in-compound-assignment,tika-parsers/src/main/java/org/apache/tika/parser/chm/lzx/ChmLzxBlock.java,333,FP,FP,1.00,"Analyzer claims implicit int to short cast. Evidence shows no code slice, no constraints. Flow parti..."
apache__tika_CVE-2018-11762_1.18,java/implicit-cast-in-compound-assignment,tika-parsers/src/main/java/org/apache/tika/parser/chm/lzx/ChmLzxBlock.java,368,FP,ABSTAIN,1.00,"Error calling gemini: 503 UNAVAILABLE. {'error': {'code': 503, 'message': 'The service is currently ..."
apache__tika_CVE-2018-11762_1.18,java/implicit-cast-in-compound-assignment,tika-parsers/src/main/java/org/apache/tika/parser/chm/lzx/ChmLzxBlock.java,403,FP,ABSTAIN,1.00,Code slice empty. Cannot analyze implicit cast without code context. No path constraints. Flow parti...
apache__tika_CVE-2018-11762_1.18,java/implicit-cast-in-compound-assignment,tika-parsers/src/main/java/org/apache/tika/parser/chm/lzx/ChmLzxBlock.java,477,FP,TP,1.00,"Analyzer: Implicit int to short cast. Evidence: Source/Sink line 477, ChmLzxBlock.java. Flow partial..."
apache__tika_CVE-2018-11762_1.18,java/implicit-cast-in-compound-assignment,tika-parsers/src/main/java/org/apache/tika/parser/chm/lzx/ChmLzxBlock.java,775,FP,ABSTAIN,1.00,Code slice empty. Cannot analyze implicit cast. Need context for `long` to `int` conversion. Potenti...
apache__tika_CVE-2018-11762_1.18,java/implicit-cast-in-compound-assignment,tika-parsers/src/main/java/org/apache/tika/parser/chm/lzx/ChmLzxBlock.java,827,FP,TP,1.00,Analyzer claims implicit long to int cast. Evidence points to line 827 in ChmLzxBlock.java. No code ...
wildfly__wildfly_CVE-2018-1047_11.0.0.Final,java/unsafe-hostname-verification,testsuite/integration/web/src/test/java/org/jboss/as/test/integration/web/handlers/RequestDumpingHandlerTestImpl.java,353,FP,ABSTAIN,1.00,Code slice empty. Cannot analyze....
wildfly__wildfly_CVE-2018-1047_11.0.0.Final,java/stack-trace-exposure,testsuite/shared/src/main/java/org/jboss/as/test/integration/management/util/SimpleServlet.java,59,FP,ABSTAIN,1.00,Code slice empty. Cannot analyze....
wildfly__wildfly_CVE-2018-1047_11.0.0.Final,java/stack-trace-exposure,testsuite/shared/src/main/java/org/jboss/as/test/integration/security/common/servlets/DataSourceTestServlet.java,95,FP,ABSTAIN,1.00,Code slice empty. Cannot analyze....
wildfly__wildfly_CVE-2018-1047_11.0.0.Final,java/stack-trace-exposure,testsuite/shared/src/main/java/org/jboss/as/test/integration/security/common/servlets/DataSourceTestServlet.java,97,FP,ABSTAIN,1.00,Code slice is empty. Cannot analyze data flow or verify preconditions....
wildfly__wildfly_CVE-2018-1047_11.0.0.Final,java/stack-trace-exposure,testsuite/shared/src/main/java/org/wildfly/test/security/servlets/CheckIdentityPermissionServlet.java,89,FP,ABSTAIN,1.00,Code slice empty. Cannot analyze....
wildfly__wildfly_CVE-2018-1047_11.0.0.Final,java/insufficient-key-size,testsuite/shared/src/main/java/org/jboss/as/test/integration/security/common/VaultHandler.java,127,FP,TP,1.00,Analyzer claims weak key size. Evidence shows data flow from line 191 to 127 in VaultHandler.java. L...
wildfly__wildfly_CVE-2018-1047_11.0.0.Final,java/weak-cryptographic-algorithm,jdr/jboss-as-jdr/src/main/java/org/jboss/as/jdr/commands/JarCheck.java,60,FP,TP,1.00,Analyzer claims MD5 is weak. Evidence points to MD5 usage at line 60. No path constraints or other e...
wildfly__wildfly_CVE-2018-1047_11.0.0.Final,java/weak-cryptographic-algorithm,security/subsystem/src/main/java/org/jboss/as/security/vault/VaultSession.java,171,FP,TP,1.00,Analyzer claims PBEwithMD5andDES is weak. Evidence shows this algorithm is used (source/sink). No pa...
wildfly__wildfly_CVE-2018-1047_11.0.0.Final,java/weak-cryptographic-algorithm,testsuite/shared/src/main/java/org/jboss/as/test/integration/security/common/Utils.java,163,FP,TP,1.00,"Analyzer claims MD5 usage is weak. Evidence shows MD5 instantiation at line 157, call to digest() at..."
wildfly__wildfly_CVE-2018-1047_11.0.0.Final,java/insecure-cookie,testsuite/integration/web/src/test/java/org/jboss/as/test/integration/web/cookie/CookieReadServlet.java,72,FP,TP,1.00,Analyzer claims cookie lacks 'secure' flag. Evidence points to cookie creation at line 72. No eviden...
wildfly__wildfly_CVE-2018-1047_11.0.0.Final,java/insecure-cookie,testsuite/integration/web/src/test/java/org/jboss/as/test/integration/web/cookie/CookieReadServlet.java,73,FP,TP,1.00,Analyzer claims cookie sent without 'secure' flag. Evidence shows cookie creation at line 73. No pat...
wildfly__wildfly_CVE-2018-1047_11.0.0.Final,java/insecure-cookie,testsuite/integration/web/src/test/java/org/jboss/as/test/integration/web/cookie/CookieServlet.java,58,FP,TP,1.00,Analyzer claims cookie lacks 'secure' flag. Evidence points to cookie creation at specific line. Lac...
wildfly__wildfly_CVE-2018-1047_11.0.0.Final,java/insecure-cookie,testsuite/integration/web/src/test/java/org/jboss/as/test/integration/web/cookie/CookieServlet.java,62,FP,TP,1.00,Analyzer claims cookie lacks 'secure' flag. Evidence points to cookie creation at line 62. Program s...
wildfly__wildfly_CVE-2018-1047_11.0.0.Final,java/insecure-cookie,testsuite/integration/web/src/test/java/org/jboss/as/test/integration/web/cookie/CookieServlet.java,76,FP,TP,1.00,Analyzer claims cookie set without 'secure' flag. Evidence points to code setting cookie. Lack of 's...
wildfly__wildfly_CVE-2018-1047_11.0.0.Final,java/insecure-cookie,testsuite/integration/web/src/test/java/org/jboss/as/test/integration/web/cookie/CookieServlet.java,79,FP,TP,1.00,Analyzer claims cookie set without 'secure' flag. Evidence points to cookie setting code. No path co...
wildfly__wildfly_CVE-2018-1047_11.0.0.Final,java/insecure-cookie,testsuite/integration/web/src/test/java/org/jboss/as/test/integration/web/cookie/CookieServlet.java,83,FP,TP,1.00,Analyzer claims cookie lacks 'secure' flag. Evidence points to cookie setting at line 83. Code slice...
wildfly__wildfly_CVE-2018-1047_11.0.0.Final,java/jndi-injection,testsuite/shared/src/main/java/org/jboss/as/test/integration/common/JndiServlet.java,63,FP,TP,1.00,Analyzer claims JNDI lookup uses user input. Evidence shows data flow from a likely user input sourc...
wildfly__wildfly_CVE-2018-1047_11.0.0.Final,java/jndi-injection,testsuite/shared/src/main/java/org/jboss/as/test/integration/management/util/SimpleServlet.java,56,FP,TP,1.00,Analyzer claims JNDI lookup may use user input. Evidence shows user input flows to a JNDI lookup. No...
wildfly__wildfly_CVE-2018-1047_11.0.0.Final,java/jndi-injection,testsuite/shared/src/main/java/org/jboss/as/test/integration/security/common/servlets/DataSourceTestServlet.java,84,FP,TP,1.00,Analyzer claims JNDI lookup uses user input. Evidence shows user input (source) flows to JNDI lookup...
wildfly__wildfly_CVE-2018-1047_11.0.0.Final,java/insecure-trustmanager,testsuite/integration/web/src/test/java/org/jboss/as/test/integration/web/handlers/RequestDumpingHandlerTestImpl.java,346,FP,TP,1.00,Analyzer claims TrustManager trusts any cert. Evidence shows TrustManager usage in test code. Test c...
wildfly__wildfly_CVE-2018-1047_11.0.0.Final,java/insecure-trustmanager,testsuite/shared/src/main/java/org/jboss/as/test/http/util/TestHttpClientUtils.java,91,FP,TP,1.00,Analyzer claims 'TrustManager' defined in 'TestHttpClientUtils' trusts any certificate. Evidence sho...
wildfly__wildfly_CVE-2018-1047_11.0.0.Final,java/insecure-trustmanager,testsuite/shared/src/main/java/org/jboss/as/test/http/util/TestHttpClientUtils.java,93,FP,TP,1.00,Analyzer claims 'TrustManager' trusts any certificate. Evidence points to 'TestHttpClientUtils.java'...
wildfly__wildfly_CVE-2018-1047_11.0.0.Final,java/maven/non-https-url,pom.xml,6249,FP,TP,1.00,"Analyzer claims insecure download/upload via HTTP. Evidence points to pom.xml:6249, likely a depende..."
wildfly__wildfly_CVE-2018-1047_11.0.0.Final,java/maven/non-https-url,pom.xml,6266,FP,TP,1.00,"Analyzer claims insecure artifact download. Evidence points to pom.xml, a dependency configuration f..."
wildfly__wildfly_CVE-2018-1047_11.0.0.Final,java/maven/non-https-url,testsuite/pom.xml,660,FP,TP,1.00,"Analyzer claims artifact download/upload via HTTP. Evidence points to testsuite/pom.xml:660, likely ..."
wildfly__wildfly_CVE-2018-1047_11.0.0.Final,java/xss,testsuite/integration/web/src/test/java/org/jboss/as/test/integration/web/cookie/CookieReadServlet.java,56,FP,ABSTAIN,1.00,Code slice empty. Cannot analyze....
wildfly__wildfly_CVE-2018-1047_11.0.0.Final,java/xss,testsuite/integration/web/src/test/java/org/jboss/as/test/integration/web/formauth/SecuredPostServlet.java,59,FP,ABSTAIN,1.00,Program slice empty. Cannot analyze data flow. Source/sink unclear without code....
wildfly__wildfly_CVE-2018-1047_11.0.0.Final,java/xss,testsuite/integration/web/src/test/java/org/jboss/as/test/integration/web/formauth/SecuredPostServlet.java,60,FP,ABSTAIN,1.00,Code slice empty. Cannot analyze source/sink. Insufficient info....
wildfly__wildfly_CVE-2018-1047_11.0.0.Final,java/xss,testsuite/integration/web/src/test/java/org/jboss/as/test/integration/web/security/SecuredServlet.java,50,FP,ABSTAIN,1.00,Code slice unavailable. Cannot verify taint flow....
wildfly__wildfly_CVE-2018-1047_11.0.0.Final,java/xss,testsuite/integration/web/src/test/java/org/jboss/as/test/smoke/web/SimpleLegacyServlet.java,47,FP,ABSTAIN,1.00,"Program slice empty. Cannot analyze data flow. Analyzer claims XSS from user input to sink, but code..."
wildfly__wildfly_CVE-2018-1047_11.0.0.Final,java/xss,testsuite/integration/web/src/test/java/org/jboss/as/test/smoke/web/SimpleServlet.java,56,FP,TP,1.00,"Analyzer claims XSS. Source (53) to Sink (56) flow shown. No path constraints, but flow is partial=F..."
wildfly__wildfly_CVE-2018-1047_11.0.0.Final,java/xss,testsuite/shared/src/main/java/org/jboss/as/test/integration/security/common/servlets/RolePrintingServlet.java,75,FP,ABSTAIN,1.00,Program slice empty. Cannot analyze source/sink interaction or verify preconditions....
wildfly__wildfly_CVE-2018-1047_11.0.0.Final,java/xss,testsuite/shared/src/main/java/org/wildfly/test/security/servlets/ReadCredentialServlet.java,109,FP,ABSTAIN,1.00,Code slice is empty. Cannot verify analyzer claim or preconditions....
wildfly__wildfly_CVE-2018-1047_11.0.0.Final,java/xss,testsuite/shared/src/main/java/org/wildfly/test/security/servlets/ReadCredentialServlet.java,118,FP,ABSTAIN,1.00,Code slice empty. Cannot analyze flow....
wildfly__wildfly_CVE-2018-1047_11.0.0.Final,java/xss,testsuite/shared/src/main/java/org/wildfly/test/security/servlets/ReadCredentialServlet.java,127,FP,ABSTAIN,1.00,Code slice empty. Cannot analyze....
wildfly__wildfly_CVE-2018-1047_11.0.0.Final,java/xss,testsuite/shared/src/main/java/org/wildfly/test/security/servlets/ReadCredentialServlet.java,149,FP,TP,1.00,Analyzer claims XSS. Evidence shows user input (source at 97) flows directly to output (sink at 149)...
apache__myfaces_CVE-2011-4367_2.0.11,java/stack-trace-exposure,api/src/main/java/javax/faces/webapp/_PageContextOutWriter.java,73,FP,ABSTAIN,1.00,Code slice empty. Cannot analyze....
apache__myfaces_CVE-2011-4367_2.0.11,java/stack-trace-exposure,impl/src/main/java/org/apache/myfaces/application/ViewHandlerImpl.java,460,FP,ABSTAIN,1.00,Code slice is empty. Cannot verify analyzer claim or preconditions....
apache__myfaces_CVE-2011-4367_2.0.11,java/stack-trace-exposure,impl/src/main/java/org/apache/myfaces/application/jsp/JspViewHandlerImpl.java,269,FP,ABSTAIN,1.00,Code slice empty. Cannot analyze....
apache__myfaces_CVE-2011-4367_2.0.11,java/stack-trace-exposure,impl/src/main/java/org/apache/myfaces/context/PartialResponseWriterImpl.java,467,FP,ABSTAIN,1.00,Code slice unavailable. Cannot analyze taint flow....
apache__myfaces_CVE-2011-4367_2.0.11,java/stack-trace-exposure,impl/src/main/java/org/apache/myfaces/context/servlet/ServletExternalContextImpl.java,507,FP,ABSTAIN,1.00,Program slice empty. Cannot assess taint flow or vulnerability....
apache__myfaces_CVE-2011-4367_2.0.11,java/stack-trace-exposure,impl/src/main/java/org/apache/myfaces/renderkit/ErrorPageWriter.java,320,FP,ABSTAIN,1.00,Code slice empty. Cannot analyze....
apache__myfaces_CVE-2011-4367_2.0.11,java/stack-trace-exposure,impl/src/main/java/org/apache/myfaces/renderkit/ErrorPageWriter.java,712,FP,ABSTAIN,1.00,Code slice empty. Cannot analyze....
apache__myfaces_CVE-2011-4367_2.0.11,java/stack-trace-exposure,impl/src/main/java/org/apache/myfaces/renderkit/ErrorPageWriter.java,745,FP,ABSTAIN,1.00,Program slice is empty. Cannot analyze....
apache__myfaces_CVE-2011-4367_2.0.11,java/stack-trace-exposure,impl/src/main/java/org/apache/myfaces/view/jsp/JspViewDeclarationLanguage.java,227,FP,ABSTAIN,1.00,Code slice empty. Cannot analyze....
apache__myfaces_CVE-2011-4367_2.0.11,java/stack-trace-exposure,impl/src/test/java/org/apache/myfaces/mc/test/core/MockDefaultViewDeclarationLanguage.java,145,FP,ABSTAIN,1.00,Code slice empty. Cannot analyze....
apache__myfaces_CVE-2011-4367_2.0.11,java/stack-trace-exposure,shared/src/main/java/org/apache/myfaces/shared/context/AjaxExceptionHandlerImpl.java,284,FP,ABSTAIN,1.00,Code slice missing. Cannot analyze flow....
apache__myfaces_CVE-2011-4367_2.0.11,java/unvalidated-url-redirection,impl/src/main/java/org/apache/myfaces/context/servlet/ServletExternalContextImpl.java,465,FP,ABSTAIN,1.00,"Error calling gemini: 503 UNAVAILABLE. {'error': {'code': 503, 'message': 'This model is currently e..."
apache__myfaces_CVE-2011-4367_2.0.11,java/http-response-splitting,shared/src/main/java/org/apache/myfaces/shared/context/flash/FlashImpl.java,637,FP,TP,1.00,Analyzer claims user input in header leads to response splitting. Evidence shows data flow from Exte...
apache__myfaces_CVE-2011-4367_2.0.11,java/weak-cryptographic-algorithm,shared/src/main/java/org/apache/myfaces/shared/util/StateUtils.java,308,FP,TP,1.00,"Alert claims DES, ECB/PKCS5Padding weak. Evidence shows data flow through StateUtils.java using thes..."
apache__myfaces_CVE-2011-4367_2.0.11,java/weak-cryptographic-algorithm,shared/src/main/java/org/apache/myfaces/shared/util/StateUtils.java,451,FP,TP,1.00,Analyzer claims DES/ECB/PKCS5Padding weak crypto used. Evidence shows DES/ECB/PKCS5Padding at `State...
apache__myfaces_CVE-2011-4367_2.0.11,java/weak-cryptographic-algorithm,shared/src/main/java/org/apache/myfaces/shared/util/StateUtils.java,735,FP,TP,1.00,Analyzer claims DES crypto is weak. Evidence shows DES usage (implied by alert type/description and ...
apache__myfaces_CVE-2011-4367_2.0.11,java/weak-cryptographic-algorithm,shared/src/main/java/org/apache/myfaces/shared/util/StateUtils.java,752,FP,ABSTAIN,1.00,"Error calling gemini: 503 UNAVAILABLE. {'error': {'code': 503, 'message': 'This model is currently e..."
apache__myfaces_CVE-2011-4367_2.0.11,java/weak-cryptographic-algorithm,shared/src/main/java/org/apache/myfaces/shared/util/StateUtils.java,786,FP,TP,1.00,Analyzer claims DES crypto use is weak. Evidence shows DES usage from source line 99 to sink line 78...
apache__myfaces_CVE-2011-4367_2.0.11,java/weak-cryptographic-algorithm,shared/src/main/java/org/apache/myfaces/shared/util/StateUtils.java,834,FP,TP,1.00,Analyzer claims DES algorithm use. Evidence shows DES usage in StateUtils.java. No constraints sugge...
apache__myfaces_CVE-2011-4367_2.0.11,java/weak-cryptographic-algorithm,shared/src/main/java/org/apache/myfaces/shared/util/StateUtils.java,931,FP,TP,1.00,Analyzer claims HmacSHA1 weak. Evidence shows HmacSHA1 used. No constraints to mitigate. Likely TP....
apache__myfaces_CVE-2011-4367_2.0.11,java/weak-cryptographic-algorithm,shared/src/main/java/org/apache/myfaces/shared/util/StateUtils.java,979,FP,TP,1.00,Analyzer claims HmacSHA1 is weak. Evidence shows HmacSHA1 (source) used in StateUtils.java and data ...
apache__myfaces_CVE-2011-4367_2.0.11,java/ssrf,impl/src/main/java/org/apache/myfaces/view/facelets/compiler/SAXCompiler.java,670,FP,TP,1.00,Analyzer claims SSRF. Evidence shows user-controlled data (from cookie ImplicitObject) flowing to SA...
apache__myfaces_CVE-2011-4367_2.0.11,java/ssrf,impl/src/main/java/org/apache/myfaces/view/facelets/compiler/SAXCompiler.java,707,FP,TP,1.00,Analyzer claims SSRF. Evidence shows user-controlled input (CookieImplicitObject) flowing to a parsi...
apache__myfaces_CVE-2011-4367_2.0.11,java/ssrf,impl/src/test/java/org/apache/myfaces/view/facelets/mock/MockServletContext.java,104,FP,FP,1.00,Alert claims SSRF. Source `CookieImplicitObject.java:43` (likely user-controlled cookie data). Sink ...
apache__myfaces_CVE-2011-4367_2.0.11,java/insecure-cookie,impl/src/main/java/org/apache/myfaces/context/servlet/ServletExternalContextImpl.java,710,FP,TP,1.00,"Claim: Cookie set without 'secure' flag. Preconditions: Cookie set, 'secure' flag absent. Evidence: ..."
apache__myfaces_CVE-2011-4367_2.0.11,java/insecure-cookie,shared/src/main/java/org/apache/myfaces/shared/context/flash/FlashImpl.java,594,FP,TP,1.00,Analyzer claims cookie missing 'secure' flag. Evidence points to cookie setting code. Missing flag i...
apache__myfaces_CVE-2011-4367_2.0.11,java/insecure-cookie,shared/src/main/java/org/apache/myfaces/shared/context/flash/FlashImpl.java,637,FP,TP,1.00,Analyzer claims cookie lacks 'secure' flag. Evidence points to cookie setting in FlashImpl.java. Mis...
apache__myfaces_CVE-2011-4367_2.0.11,java/insecure-cookie,shared/src/main/java/org/apache/myfaces/shared/context/flash/FlashImpl.java,740,FP,TP,1.00,"Analyzer claims: Cookie lacks 'secure' flag. Preconditions: Cookie set without 'secure' flag, transm..."
apache__myfaces_CVE-2011-4367_2.0.11,java/unsafe-deserialization,shared/src/main/java/org/apache/myfaces/shared/util/StateUtils.java,538,FP,TP,1.00,Analyzer claims unsafe deserialization from user input. Evidence shows user-controlled data flows to...
apache__myfaces_CVE-2011-4367_2.0.11,java/unsafe-deserialization,shared/src/main/java/org/apache/myfaces/shared/util/StateUtils.java,552,FP,TP,1.00,"Analyzer claims unsafe deserialization from user input. Source is ExternalContextWrapper, sink is St..."
apache__myfaces_CVE-2011-4367_2.0.11,java/path-injection,impl/src/main/java/org/apache/myfaces/view/facelets/util/Resource.java,100,FP,TP,1.00,Analyzer claims user input reaches sink. Evidence shows data flow from `ExternalContextWrapper` (use...
apache__myfaces_CVE-2011-4367_2.0.11,java/path-injection,impl/src/test/java/org/apache/myfaces/view/facelets/mock/MockServletContext.java,64,FP,FP,1.00,Analyzer claim: User input reaches sink. Preconditions: User input must be controllable and reach a ...
apache__myfaces_CVE-2011-4367_2.0.11,java/path-injection,impl/src/test/java/org/apache/myfaces/view/facelets/mock/MockServletContext.java,85,FP,FP,1.00,"Analyzer claims user input into `ExternalContextWrapper` reaches `MockServletContext`, a test class...."
apache__myfaces_CVE-2011-4367_2.0.11,java/path-injection,impl/src/test/java/org/apache/myfaces/view/facelets/mock/MockServletContext.java,101,FP,FP,1.00,Analyzer claims user input reaches a sink. Evidence shows data flow from ExternalContextWrapper to M...
apache__myfaces_CVE-2011-4367_2.0.11,java/path-injection,impl/src/test/java/org/apache/myfaces/view/facelets/mock/MockServletContext.java,126,FP,FP,1.00,Analyzer claims user-controlled data flows to a sink. Evidence shows flow through test code (`MockSe...
apache__myfaces_CVE-2011-4367_2.0.11,java/path-injection,impl/src/test/java/org/apache/myfaces/view/facelets/mock/MockServletContext.java,149,FP,FP,1.00,Analyzer claims user input flows to sink. Evidence shows flow is within test code (MockServletContex...
apache__myfaces_CVE-2011-4367_2.0.11,java/xxe,impl/src/main/java/org/apache/myfaces/config/ConfigFilesXmlValidationUtils.java,223,FP,TP,1.00,Analyzer claims XML parsing uses user input unsafely. Evidence shows data flow from line 220 (likely...
apache__myfaces_CVE-2011-4367_2.0.11,java/xxe,impl/src/main/java/org/apache/myfaces/config/ConfigFilesXmlValidationUtils.java,271,FP,TP,1.00,"Analyzer claims XML parse uses user input, vulnerable to XXE. Evidence shows data flow from line 267..."
apache__myfaces_CVE-2011-4367_2.0.11,java/xxe,impl/src/main/java/org/apache/myfaces/config/ConfigFilesXmlValidationUtils.java,372,FP,TP,1.00,Analyzer claims XML parsing uses user input without DTD disabling. Evidence shows data flow from lin...
apache__myfaces_CVE-2011-4367_2.0.11,java/xxe,impl/src/main/java/org/apache/myfaces/config/ConfigFilesXmlValidationUtils.java,430,FP,TP,1.00,Analyzer claims XML parsing uses user input without external entity expansion protection. Evidence s...
apache__myfaces_CVE-2011-4367_2.0.11,java/xxe,impl/src/main/java/org/apache/myfaces/config/impl/digester/DigesterFacesConfigUnmarshallerImpl.java,289,FP,TP,1.00,"Analyzer claims XML parsing takes user input, vulnerable to XXE. Evidence shows data flowing from a ..."
apache__myfaces_CVE-2011-4367_2.0.11,java/xxe,impl/src/main/java/org/apache/myfaces/view/facelets/compiler/TagLibraryConfig.java,640,FP,TP,1.00,"Analyzer claims XML parsing uses user input, vulnerable to XXE. Evidence shows data flow from line 6..."
apache__myfaces_CVE-2011-4367_2.0.11,java/maven/non-https-url,api/pom.xml,540,FP,TP,1.00,"Analyzer claims artifact download via insecure HTTP. Evidence points to pom.xml, a common artifact c..."
apache__myfaces_CVE-2011-4367_2.0.11,java/maven/non-https-url,impl/pom.xml,920,FP,TP,1.00,Analyzer claims insecure protocol (HTTP) for artifact download. Evidence points to a pom.xml depende...
apache__myfaces_CVE-2011-4367_2.0.11,java/maven/non-https-url,pom.xml,583,FP,TP,1.00,Analyzer claims insecure protocol for artifact download. Evidence points to `pom.xml` using `http://...
apache__myfaces_CVE-2011-4367_2.0.11,java/xss,api/src/main/java/javax/faces/webapp/_PageContextOutWriter.java,73,FP,TP,1.00,"Analyzer claims XSS. Source is ExternalContextWrapper, sink is _PageContextOutWriter. Data flow show..."
apache__myfaces_CVE-2011-4367_2.0.11,java/xss,impl/src/main/java/org/apache/myfaces/context/PartialResponseWriterImpl.java,467,FP,TP,1.00,Analyzer claims XSS. Source is ExternalContextWrapper (likely user input access). Sink is PartialRes...
apache__myfaces_CVE-2011-4367_2.0.11,java/xss,impl/src/main/java/org/apache/myfaces/renderkit/ErrorPageWriter.java,281,FP,TP,1.00,CodeQL claims XSS from user input to ErrorPageWriter. Evidence shows data flow from ExternalContextW...
apache__myfaces_CVE-2011-4367_2.0.11,java/xss,impl/src/main/java/org/apache/myfaces/renderkit/ErrorPageWriter.java,295,FP,FP,1.00,Analyzer claims XSS. Source: ExternalContextWrapper (likely internal). Sink: ErrorPageWriter (render...
apache__myfaces_CVE-2011-4367_2.0.11,java/xss,impl/src/main/java/org/apache/myfaces/renderkit/ErrorPageWriter.java,796,FP,FP,1.00,Analyzer claims XSS via user input to sink. Evidence shows data flow from ExternalContextWrapper (li...
apache__myfaces_CVE-2011-4367_2.0.11,java/xss,impl/src/main/java/org/apache/myfaces/renderkit/html/HtmlLabelRenderer.java,168,FP,TP,1.00,Analyzer claims XSS via user input. Evidence shows data flow from ExternalContextWrapper (potential ...
apache__myfaces_CVE-2011-4367_2.0.11,java/xss,impl/src/main/java/org/apache/myfaces/view/facelets/el/ELText.java,201,FP,ABSTAIN,1.00,"Error calling gemini: 503 UNAVAILABLE. {'error': {'code': 503, 'message': 'This model is currently e..."
apache__myfaces_CVE-2011-4367_2.0.11,java/xss,impl/src/main/java/org/apache/myfaces/view/facelets/el/ELText.java,303,FP,TP,1.00,Analyzer claims XSS. Source is `ExternalContextWrapper.java` (likely user input via external context...
apache__myfaces_CVE-2011-4367_2.0.11,java/xss,impl/src/main/java/org/apache/myfaces/view/facelets/tag/ui/UIDebug.java,135,FP,ABSTAIN,1.00,"Error calling gemini: 503 UNAVAILABLE. {'error': {'code': 503, 'message': 'This model is currently e..."
apache__myfaces_CVE-2011-4367_2.0.11,java/xss,shared/src/main/java/org/apache/myfaces/shared/renderkit/html/HtmlRendererUtils.java,1155,FP,TP,1.00,Analyzer claims XSS from user input. Evidence shows user-controlled cookie data flowing through mult...
apache__myfaces_CVE-2011-4367_2.0.11,java/xss,shared/src/main/java/org/apache/myfaces/shared/renderkit/html/HtmlTextRendererBase.java,160,FP,TP,1.00,Analyzer claims XSS. Evidence shows data from `ExternalContextWrapper` (likely user input via `getRe...
