Project,Alert ID,File,Line,Ground Truth,EVICT Prediction,Confidence,Rationale
jenkinsci__workflow-cps-global-lib-plugin_CVE-2022-25174_544.vff04fa68714d,java/polynomial-redos,src/main/java/org/jenkinsci/plugins/workflow/libs/SCMSourceRetriever.java,246,FP,TP,1.00,The alert suggests a regex with user-provided input may cause performance issues due to slow executi...
apache__shiro_CVE-2023-34478_1.11.0,java/tainted-permissions-check,core/src/main/java/org/apache/shiro/authz/permission/WildcardPermissionResolver.java,75,FP,ABSTAIN,1.00,"The program slice is empty, making it impossible to evaluate the data flow and determine if the aler..."
apache__shiro_CVE-2023-34478_1.11.0,java/unvalidated-url-redirection,web/src/main/java/org/apache/shiro/web/util/RedirectView.java,300,FP,TP,1.00,"The alert indicates untrusted URL redirection based on user-provided values, which is a classic open..."
apache__shiro_CVE-2023-34478_1.11.0,java/unvalidated-url-redirection,web/src/main/java/org/apache/shiro/web/util/RedirectView.java,304,FP,FP,1.00,"The data flow shows that a user-provided value can lead to a URL redirection, but the source file fo..."
apache__shiro_CVE-2023-34478_1.11.0,java/http-response-splitting,web/src/main/java/org/apache/shiro/web/util/RedirectView.java,304,FP,FP,1.00,"While the alert mentions a user-provided value influencing a header, the data flow traces and lack o..."
apache__shiro_CVE-2023-34478_1.11.0,java/unsafe-deserialization,lang/src/main/java/org/apache/shiro/io/DefaultSerializer.java,77,FP,TP,1.00,The alert indicates unsafe deserialization from a user-provided value. The data flow traces show the...
apache__shiro_CVE-2023-34478_1.11.0,java/unsafe-deserialization,lang/src/main/java/org/apache/shiro/io/XmlSerializer.java,76,FP,ABSTAIN,1.00,"The code slice for the sink is completely empty, making it impossible to evaluate the deserializatio..."
apache__shiro_CVE-2023-34478_1.11.0,java/xxe,lang/src/main/java/org/apache/shiro/io/XmlSerializer.java,76,FP,TP,1.00,The alert indicates XML parsing with a user-provided value without guarding against external entity ...
alibaba__one-java-agent_CVE-2022-25842_0.0.1,java/zipslip,one-java-agent-plugin/src/main/java/com/alibaba/oneagent/utils/IOUtils.java,122,FP,ABSTAIN,1.00,"The program slice is completely empty, making it impossible to evaluate the data flow and determine ..."
DSpace__DSpace_CVE-2022-31195_5.10,java/stack-trace-exposure,dspace-sword/src/main/java/org/purl/sword/server/ServiceDocumentServlet.java,152,FP,ABSTAIN,1.00,"The program slice is completely empty, making it impossible to evaluate the data flow and determine ..."
DSpace__DSpace_CVE-2022-31195_5.10,java/unvalidated-url-redirection,dspace-api/src/main/java/org/dspace/rdf/negotiation/Negotiator.java,277,FP,ABSTAIN,1.00,"The code slice for the source file is completely empty, making it impossible to evaluate the data fl..."
DSpace__DSpace_CVE-2022-31195_5.10,java/unvalidated-url-redirection,dspace-api/src/main/java/org/dspace/rdf/negotiation/Negotiator.java,307,FP,ABSTAIN,1.00,"The source file for Negotiator.java could not be read, making it impossible to fully analyze the dat..."
DSpace__DSpace_CVE-2022-31195_5.10,java/unvalidated-url-redirection,dspace-jspui/src/main/java/org/dspace/app/webui/servlet/ControlledVocabularyServlet.java,53,FP,ABSTAIN,1.00,"The program slice is empty, making it impossible to evaluate the data flow and preconditions for the..."
DSpace__DSpace_CVE-2022-31195_5.10,java/unvalidated-url-redirection,dspace-jspui/src/main/java/org/dspace/app/webui/servlet/SearchResultLogServlet.java,71,FP,ABSTAIN,1.00,"The program slice is empty, making it impossible to determine if the data flow from the source to th..."
DSpace__DSpace_CVE-2022-31195_5.10,java/unvalidated-url-redirection,dspace-jspui/src/main/java/org/dspace/app/webui/servlet/VersionHistoryServlet.java,112,FP,ABSTAIN,1.00,"The code slice for the sink location is completely empty, making it impossible to verify the data fl..."
DSpace__DSpace_CVE-2022-31195_5.10,java/unvalidated-url-redirection,dspace-jspui/src/main/java/org/dspace/app/webui/servlet/admin/MetadataFieldRegistryServlet.java,211,FP,ABSTAIN,1.00,"The provided code slice is empty, making it impossible to evaluate the alert's validity...."
DSpace__DSpace_CVE-2022-31195_5.10,java/unvalidated-url-redirection,dspace-xmlui/src/main/java/org/dspace/app/xmlui/aspect/eperson/LoginRedirect.java,84,FP,ABSTAIN,1.00,"The program slice could not be read, making it impossible to determine if the alert is a True Positi..."
DSpace__DSpace_CVE-2022-31195_5.10,java/unvalidated-url-redirection,dspace-xmlui/src/main/java/org/dspace/app/xmlui/cocoon/DSpaceCocoonServletFilter.java,258,FP,ABSTAIN,1.00,"The program slice is completely empty, making it impossible to reconstruct the analyzer's claim or c..."
DSpace__DSpace_CVE-2022-31195_5.10,java/unvalidated-url-redirection,dspace-xmlui/src/main/java/org/dspace/app/xmlui/cocoon/DSpaceCocoonServletFilter.java,270,FP,ABSTAIN,1.00,"The code slice is completely empty, making it impossible to verify the data flow and check the preco..."
DSpace__DSpace_CVE-2022-31195_5.10,java/http-response-splitting,dspace-api/src/main/java/org/dspace/rdf/negotiation/Negotiator.java,277,FP,ABSTAIN,1.00,"The program slice for Negotiator.java could not be read, making it impossible to fully evaluate the ..."
DSpace__DSpace_CVE-2022-31195_5.10,java/http-response-splitting,dspace-api/src/main/java/org/dspace/rdf/negotiation/Negotiator.java,307,FP,ABSTAIN,1.00,"The program slice is completely empty for the relevant file, making it impossible to verify the data..."
DSpace__DSpace_CVE-2022-31195_5.10,java/http-response-splitting,dspace-jspui/src/main/java/org/dspace/app/webui/servlet/ItemExportArchiveServlet.java,96,FP,ABSTAIN,1.00,"The program slice is completely empty and irrelevant to the alert, making it impossible to make an e..."
DSpace__DSpace_CVE-2022-31195_5.10,java/http-response-splitting,dspace-jspui/src/main/java/org/dspace/app/webui/servlet/MetadataExportServlet.java,92,FP,ABSTAIN,1.00,"The program slice is unavailable, making it impossible to verify the data flow and reconstruct the a..."
DSpace__DSpace_CVE-2022-31195_5.10,java/http-response-splitting,dspace-jspui/src/main/java/org/dspace/app/webui/servlet/MyDSpaceServlet.java,727,FP,ABSTAIN,1.00,"The program slice could not be read, making it impossible to verify the data flow and determine if t..."
DSpace__DSpace_CVE-2022-31195_5.10,java/weak-cryptographic-algorithm,dspace-api/src/main/java/org/dspace/checker/CheckerCommand.java,197,FP,TP,1.00,"The alert indicates the use of MD5, a weak cryptographic algorithm, which is flagged at multiple loc..."
DSpace__DSpace_CVE-2022-31195_5.10,java/weak-cryptographic-algorithm,dspace-api/src/main/java/org/dspace/core/Utils.java,129,FP,ABSTAIN,1.00,"The program slice is completely empty and irrelevant to the alert, making it impossible to determine..."
DSpace__DSpace_CVE-2022-31195_5.10,java/weak-cryptographic-algorithm,dspace-api/src/main/java/org/dspace/eperson/PasswordHash.java,260,FP,ABSTAIN,1.00,"The code slice is empty, making it impossible to verify the use of MD5 or any related vulnerabilitie..."
DSpace__DSpace_CVE-2022-31195_5.10,java/weak-cryptographic-algorithm,dspace-api/src/main/java/org/dspace/storage/bitstore/BitstreamStorageManager.java,309,FP,ABSTAIN,1.00,"The code slice is completely empty, making it impossible to determine if the MD5 usage is a true vul..."
DSpace__DSpace_CVE-2022-31195_5.10,java/weak-cryptographic-algorithm,dspace-api/src/main/java/org/dspace/storage/bitstore/BitstreamStorageManager.java,414,FP,ABSTAIN,1.00,"The code slice is completely empty, making it impossible to determine if the MD5 usage is part of a ..."
DSpace__DSpace_CVE-2022-31195_5.10,java/weak-cryptographic-algorithm,dspace-api/src/main/java/org/dspace/storage/bitstore/BitstreamStorageManager.java,457,FP,ABSTAIN,1.00,"The program slice is empty, making it impossible to evaluate the specific usage of MD5 in the contex..."
DSpace__DSpace_CVE-2022-31195_5.10,java/weak-cryptographic-algorithm,dspace-sword/src/main/java/org/purl/sword/base/ChecksumUtils.java,63,FP,TP,1.00,CodeQL alert mentions MD5 as a weak cryptographic algorithm. Given the source and sink location poin...
DSpace__DSpace_CVE-2022-31195_5.10,java/weak-cryptographic-algorithm,dspace-sword/src/main/java/org/purl/sword/base/ChecksumUtils.java,123,FP,ABSTAIN,1.00,"The program slice is completely empty, making it impossible to determine if the code at the given lo..."
DSpace__DSpace_CVE-2022-31195_5.10,java/ssrf,dspace-sword/src/main/java/org/purl/sword/client/Client.java,255,FP,ABSTAIN,1.00,"The code slice is completely empty, making it impossible to verify the data flow and preconditions n..."
DSpace__DSpace_CVE-2022-31195_5.10,java/tainted-format-string,dspace-api/src/main/java/org/dspace/content/LicenseUtils.java,89,FP,ABSTAIN,1.00,"The program slice for the sink location is completely empty, making it impossible to verify the data..."
DSpace__DSpace_CVE-2022-31195_5.10,java/regex-injection,dspace-jspui/src/main/java/org/dspace/app/webui/handle/HandleJSONResolver.java,36,FP,ABSTAIN,1.00,"The program slice for the relevant source file (HandleJSONResolver.java) could not be read, making i..."
DSpace__DSpace_CVE-2022-31195_5.10,java/polynomial-redos,dspace-api/src/main/java/org/dspace/discovery/SolrServiceImpl.java,2071,FP,TP,1.00,The alert describes a potential regex DoS (Denial of Service) vulnerability where user-provided inpu...
DSpace__DSpace_CVE-2022-31195_5.10,java/polynomial-redos,dspace-api/src/main/java/org/dspace/discovery/SolrServiceImpl.java,2089,FP,TP,1.00,The alert indicates a potential ReDoS (Regular Expression Denial of Service) vulnerability due to a ...
DSpace__DSpace_CVE-2022-31195_5.10,java/polynomial-redos,dspace-jspui/src/main/java/org/dspace/app/webui/discovery/DiscoverUtility.java,437,FP,TP,1.00,The alert identifies potential ReDoS (Regular Expression Denial of Service) vulnerabilities due to u...
DSpace__DSpace_CVE-2022-31195_5.10,java/zipslip,dspace-api/src/main/java/org/dspace/app/itemimport/ItemImport.java,2078,TP,ABSTAIN,1.00,"The code slice is completely empty, making it impossible to determine if the alert is a True Positiv..."
DSpace__DSpace_CVE-2022-31195_5.10,java/zipslip,dspace-api/src/main/java/org/dspace/app/itemimport/ItemImport.java,2065,TP,TP,1.00,"The alert indicates unsanitized archive entries used in file system operations, which may contain '...."
DSpace__DSpace_CVE-2022-31195_5.10,java/path-injection,dspace-api/src/main/java/org/dspace/app/itemexport/ItemExport.java,1151,FP,ABSTAIN,1.00,"The code slice for the sink location is missing, making it impossible to evaluate the flow of data a..."
DSpace__DSpace_CVE-2022-31195_5.10,java/path-injection,dspace-api/src/main/java/org/dspace/app/itemexport/ItemExport.java,1155,FP,ABSTAIN,1.00,"The code slice is completely empty for the sink location, making it impossible to determine if the d..."
DSpace__DSpace_CVE-2022-31195_5.10,java/path-injection,dspace-api/src/main/java/org/dspace/app/itemexport/ItemExport.java,1174,FP,ABSTAIN,1.00,"The program slice for the sink location is missing, making it impossible to determine the exact data..."
DSpace__DSpace_CVE-2022-31195_5.10,java/path-injection,dspace-api/src/main/java/org/dspace/app/itemexport/ItemExport.java,1193,FP,ABSTAIN,1.00,"Program slice is completely empty for the sink location, making it impossible to determine if the da..."
DSpace__DSpace_CVE-2022-31195_5.10,java/path-injection,dspace-api/src/main/java/org/dspace/app/itemimport/ItemImport.java,1003,FP,ABSTAIN,1.00,"The code slice for the sink location is completely empty, making it impossible to evaluate the data ..."
DSpace__DSpace_CVE-2022-31195_5.10,java/path-injection,dspace-api/src/main/java/org/dspace/app/itemimport/ItemImport.java,2443,FP,ABSTAIN,1.00,"The code slice for the sink location is completely empty, making it impossible to determine the data..."
DSpace__DSpace_CVE-2022-31195_5.10,java/path-injection,dspace-api/src/main/java/org/dspace/core/ConfigurationManager.java,529,FP,ABSTAIN,1.00,"The code slice for the sink location in ConfigurationManager.java is missing, making it impossible t..."
DSpace__DSpace_CVE-2022-31195_5.10,java/path-injection,dspace-api/src/main/java/org/dspace/core/ConfigurationManager.java,541,FP,ABSTAIN,1.00,"The source file for ConfigurationManager.java could not be read, making it impossible to fully evalu..."
DSpace__DSpace_CVE-2022-31195_5.10,java/path-injection,dspace-api/src/main/java/org/dspace/core/NewsManager.java,58,FP,ABSTAIN,1.00,"The provided code slice for the sink location is missing, making it impossible to determine if there..."
DSpace__DSpace_CVE-2022-31195_5.10,java/path-injection,dspace-api/src/main/java/org/dspace/core/NewsManager.java,102,FP,ABSTAIN,1.00,"The program slice for the sink location is missing, making it impossible to determine if the user-pr..."
DSpace__DSpace_CVE-2022-31195_5.10,java/path-injection,dspace-jspui/src/main/java/org/dspace/app/webui/servlet/MyDSpaceServlet.java,717,FP,ABSTAIN,1.00,"The code slice is completely empty, making it impossible to evaluate the data flow and determine if ..."
DSpace__DSpace_CVE-2022-31195_5.10,java/path-injection,dspace-jspui/src/main/java/org/dspace/app/webui/servlet/MyDSpaceServlet.java,730,FP,ABSTAIN,1.00,"The program slice is completely empty, making it impossible to evaluate the data flow and determine ..."
DSpace__DSpace_CVE-2022-31195_5.10,java/path-injection,dspace-jspui/src/main/java/org/dspace/app/webui/servlet/SitemapServlet.java,82,FP,ABSTAIN,1.00,"The program slice is completely empty and irrelevant to the alert, making it impossible to make an e..."
DSpace__DSpace_CVE-2022-31195_5.10,java/path-injection,dspace-jspui/src/main/java/org/dspace/app/webui/servlet/SitemapServlet.java,111,FP,ABSTAIN,1.00,"The program slice is completely empty, making it impossible to determine if the data flow constitute..."
DSpace__DSpace_CVE-2022-31195_5.10,java/path-injection,dspace-jspui/src/main/java/org/dspace/app/webui/servlet/SubmissionController.java,284,FP,ABSTAIN,1.00,"The code slice is completely empty, making it impossible to determine if the data flow represents a ..."
DSpace__DSpace_CVE-2022-31195_5.10,java/path-injection,dspace-jspui/src/main/java/org/dspace/app/webui/servlet/SubmissionController.java,1590,FP,ABSTAIN,1.00,"The program slice could not be read, making it impossible to evaluate the data flow and determine if..."
DSpace__DSpace_CVE-2022-31195_5.10,java/path-injection,dspace-jspui/src/main/java/org/dspace/app/webui/servlet/SubmissionController.java,1599,FP,ABSTAIN,1.00,"The program slice is completely empty, making it impossible to evaluate the alert without the actual..."
DSpace__DSpace_CVE-2022-31195_5.10,java/path-injection,dspace-jspui/src/main/java/org/dspace/app/webui/servlet/SubmissionController.java,1706,FP,ABSTAIN,1.00,"The source code slice provided is empty, making it impossible to evaluate the data flow and determin..."
DSpace__DSpace_CVE-2022-31195_5.10,java/path-injection,dspace-jspui/src/main/java/org/dspace/app/webui/servlet/SubmissionController.java,1711,FP,ABSTAIN,1.00,"The code slice is completely empty, making it impossible to reconstruct the analyzer claim or check ..."
DSpace__DSpace_CVE-2022-31195_5.10,java/path-injection,dspace-jspui/src/main/java/org/dspace/app/webui/servlet/SubmissionController.java,1712,FP,ABSTAIN,1.00,"The program slice is completely empty, making it impossible to evaluate the data flow and determine ..."
DSpace__DSpace_CVE-2022-31195_5.10,java/path-injection,dspace-sword/src/main/java/org/dspace/sword/DepositManager.java,267,FP,ABSTAIN,1.00,"The program slice for the sink location is missing, making it impossible to determine if the user-pr..."
DSpace__DSpace_CVE-2022-31195_5.10,java/path-injection,dspace-sword/src/main/java/org/dspace/sword/DepositManager.java,268,FP,ABSTAIN,1.00,"The program slice for the sink location is completely empty, making it impossible to determine if th..."
DSpace__DSpace_CVE-2022-31195_5.10,java/path-injection,dspace-sword/src/main/java/org/dspace/sword/DepositManager.java,271,FP,FP,1.00,"The alert indicates a potential vulnerability based on user-provided input, but the data flow traces..."
DSpace__DSpace_CVE-2022-31195_5.10,java/path-injection,dspace-sword/src/main/java/org/dspace/sword/DepositManager.java,277,FP,ABSTAIN,1.00,"The program slice for DepositManager.java is not available, making it impossible to conclusively det..."
DSpace__DSpace_CVE-2022-31195_5.10,java/xxe,dspace-api/src/main/java/org/dspace/app/sherpa/SHERPAResponse.java,55,FP,TP,1.00,The alert indicates XML parsing with a user-provided value without guarding against external entity ...
DSpace__DSpace_CVE-2022-31195_5.10,java/xxe,dspace-api/src/main/java/org/dspace/authority/orcid/xml/Converter.java,39,FP,TP,1.00,The alert indicates XML parsing uses a user-provided value without guarding against external entity ...
DSpace__DSpace_CVE-2022-31195_5.10,java/xxe,dspace-api/src/main/java/org/dspace/content/authority/LCNameAuthority.java,180,FP,TP,1.00,The alert indicates XML parsing depends on a user-provided value without guarding against external e...
DSpace__DSpace_CVE-2022-31195_5.10,java/xxe,dspace-api/src/main/java/org/dspace/content/authority/SHERPARoMEOProtocol.java,116,FP,ABSTAIN,1.00,"The program slice is empty, making it impossible to verify the presence of the vulnerability or conf..."
DSpace__DSpace_CVE-2022-31195_5.10,java/xxe,dspace-api/src/main/java/org/dspace/content/packager/METSManifest.java,708,FP,TP,1.00,The alert indicates XML parsing depends on a user-provided value without guarding against external e...
DSpace__DSpace_CVE-2022-31195_5.10,java/xxe,dspace-api/src/main/java/org/dspace/ctask/general/MetadataWebService.java,272,FP,TP,1.00,The alert indicates XML parsing with user-provided values without guarding against external entity e...
DSpace__DSpace_CVE-2022-31195_5.10,java/xxe,dspace-api/src/main/java/org/dspace/license/CCLookup.java,196,FP,TP,1.00,The alert indicates XML parsing using a user-provided value without guarding against external entity...
DSpace__DSpace_CVE-2022-31195_5.10,java/xxe,dspace-api/src/main/java/org/dspace/license/CCLookup.java,306,FP,TP,1.00,The alert indicates XML parsing using a user-provided value without guarding against external entity...
DSpace__DSpace_CVE-2022-31195_5.10,java/xxe,dspace-api/src/main/java/org/dspace/license/CCLookup.java,354,FP,TP,1.00,CodeQL alert indicates XML parsing with user-provided value without guarding against external entity...
DSpace__DSpace_CVE-2022-31195_5.10,java/xxe,dspace-api/src/main/java/org/dspace/submit/lookup/ArXivService.java,130,FP,ABSTAIN,1.00,"The code slice is completely empty, making it impossible to determine if the XML parsing is vulnerab..."
DSpace__DSpace_CVE-2022-31195_5.10,java/xxe,dspace-api/src/main/java/org/dspace/submit/lookup/CiNiiService.java,112,FP,TP,1.00,The alert indicates XML parsing with a user-provided value without guarding against external entity ...
DSpace__DSpace_CVE-2022-31195_5.10,java/xxe,dspace-api/src/main/java/org/dspace/submit/lookup/CiNiiService.java,192,FP,TP,1.00,The alert indicates XML parsing using a user-provided value without guarding against external entity...
DSpace__DSpace_CVE-2022-31195_5.10,java/xxe,dspace-api/src/main/java/org/dspace/submit/lookup/CrossRefService.java,117,FP,ABSTAIN,1.00,"The code slice is completely empty, making it impossible to educatedly determine if the alert is a T..."
DSpace__DSpace_CVE-2022-31195_5.10,java/xxe,dspace-api/src/main/java/org/dspace/submit/lookup/PubmedService.java,140,FP,ABSTAIN,1.00,"The code slice is completely empty, making it impossible to determine if the alert is a true or fals..."
DSpace__DSpace_CVE-2022-31195_5.10,java/xxe,dspace-api/src/main/java/org/dspace/submit/lookup/PubmedService.java,259,FP,ABSTAIN,1.00,"The code slice is completely empty, making it impossible to verify the presence of a vulnerability b..."
DSpace__DSpace_CVE-2022-31195_5.10,java/tainted-numeric-cast,dspace-xmlui/src/main/java/org/dspace/app/xmlui/cocoon/servlet/multipart/DSpaceTokenStream.java,133,FP,ABSTAIN,1.00,"The program slice is completely empty, making it impossible to evaluate the specific cast operation ..."
DSpace__DSpace_CVE-2022-31195_5.10,java/tainted-numeric-cast,dspace-xmlui/src/main/java/org/dspace/app/xmlui/cocoon/servlet/multipart/DSpaceTokenStream.java,148,FP,ABSTAIN,1.00,"The program slice for DSpaceTokenStream.java is completely empty, making it impossible to evaluate t..."
DSpace__DSpace_CVE-2022-31195_5.10,java/xml/xpath-injection,dspace-api/src/main/java/org/dspace/content/authority/DSpaceControlledVocabulary.java,168,FP,ABSTAIN,1.00,"The program slice for the sink location is missing, making it impossible to determine if the XPath e..."
DSpace__DSpace_CVE-2022-31195_5.10,java/maven/non-https-url,dspace/modules/xmlui-mirage2/pom.xml,331,FP,TP,1.00,The alert indicates use of an insecure protocol (http) for downloading artifacts from http://rubygem...
DSpace__DSpace_CVE-2022-31195_5.10,java/maven/non-https-url,pom.xml,1632,FP,TP,1.00,The alert indicates downloading artifacts over an insecure protocol (http). Given that the data flow...
vert-x3__vertx-web_CVE-2019-17640_3.9.3,java/weak-cryptographic-algorithm,vertx-web/src/main/java/io/vertx/ext/web/handler/impl/DigestAuthHandlerImpl.java,58,FP,ABSTAIN,1.00,"The program slice is empty, making it impossible to evaluate the claim or check preconditions...."
vert-x3__vertx-web_CVE-2019-17640_3.9.3,java/weak-cryptographic-algorithm,vertx-web/src/main/java/io/vertx/ext/web/handler/sockjs/impl/SockJSHandlerImpl.java,247,FP,ABSTAIN,1.00,"The program slice is not available, making it impossible to determine the exact usage of MD5 and whe..."
vert-x3__vertx-web_CVE-2019-17640_3.9.3,java/redos,vertx-web-api-contract/src/main/java/io/vertx/ext/web/api/validation/impl/RegularExpressions.java,8,FP,ABSTAIN,1.00,"The code slice is completely empty, making it impossible to evaluate the alert based on the provided..."
apache__mina-sshd_CVE-2023-35887_2.9.2,java/weak-cryptographic-algorithm,sshd-common/src/main/java/org/apache/sshd/common/cipher/BaseCipher.java,107,FP,TP,1.00,CodeQL alert indicates use of weak cryptographic algorithm ARCFOUR. Evidence shows ARCFOUR is used i...
apache__mina-sshd_CVE-2023-35887_2.9.2,java/weak-cryptographic-algorithm,sshd-common/src/main/java/org/apache/sshd/common/cipher/BaseRC4Cipher.java,47,FP,TP,1.00,CodeQL alerts that ARCFOUR is weak and should not be used. Evidence shows ARCFOUR is implemented in ...
apache__mina-sshd_CVE-2023-35887_2.9.2,java/weak-cryptographic-algorithm,sshd-contrib/src/main/java/org/apache/sshd/contrib/common/signature/LegacyDSASigner.java,61,FP,TP,1.00,"LegacySHA1withDSA is known to be weak and insecure. Despite missing code slice, the alert points dir..."
apache__mina-sshd_CVE-2023-35887_2.9.2,java/implicit-cast-in-compound-assignment,sshd-common/src/main/java/org/apache/sshd/common/mac/Poly1305Mac.java,196,FP,ABSTAIN,1.00,"The code slice is completely empty, making it impossible to determine if the implicit cast is a vuln..."
apache__mina-sshd_CVE-2023-35887_2.9.2,java/implicit-cast-in-compound-assignment,sshd-common/src/main/java/org/apache/sshd/common/mac/Poly1305Mac.java,197,FP,ABSTAIN,1.00,"The code slice is empty, making it impossible to evaluate the alert's validity...."
apache__mina-sshd_CVE-2023-35887_2.9.2,java/implicit-cast-in-compound-assignment,sshd-common/src/main/java/org/apache/sshd/common/mac/Poly1305Mac.java,198,FP,ABSTAIN,1.00,"The program slice is completely empty, making it impossible to evaluate the specific cast operation ..."
apache__mina-sshd_CVE-2023-35887_2.9.2,java/implicit-cast-in-compound-assignment,sshd-common/src/main/java/org/apache/sshd/common/mac/Poly1305Mac.java,199,FP,ABSTAIN,1.00,"The code slice is empty and irrelevant, making it impossible to determine if the implicit cast is a ..."
apache__mina-sshd_CVE-2023-35887_2.9.2,java/implicit-cast-in-compound-assignment,sshd-common/src/main/java/org/apache/sshd/common/mac/Poly1305Mac.java,200,FP,ABSTAIN,1.00,"The program slice could not be read, making it impossible to fully assess the data flow and determin..."
apache__mina-sshd_CVE-2023-35887_2.9.2,java/implicit-cast-in-compound-assignment,sshd-common/src/test/java/org/apache/sshd/common/cipher/BaseAuthenticatedCipherTest.java,58,FP,FP,1.00,"The alert is about an implicit cast from int to byte. Without the code slice, it's unclear if this c..."
apache__mina-sshd_CVE-2023-35887_2.9.2,java/implicit-cast-in-compound-assignment,sshd-core/src/main/java/org/apache/sshd/common/channel/ChannelOutputStream.java,194,FP,ABSTAIN,1.00,"The program slice could not be read, making it impossible to determine if the implicit cast is a sou..."
apache__mina-sshd_CVE-2023-35887_2.9.2,java/implicit-cast-in-compound-assignment,sshd-core/src/main/java/org/apache/sshd/common/channel/ChannelOutputStream.java,195,FP,ABSTAIN,1.00,"The code slice is empty, making it impossible to evaluate whether the implicit cast could lead to a ..."
dromara__hutool_CVE-2018-17297_4.1.11,java/unsafe-hostname-verification,hutool-http/src/main/java/cn/hutool/http/HttpConnection.java,578,FP,TP,1.00,The alert claims a hostname verifier always accepts any certificate. Given the lack of explicit path...
dromara__hutool_CVE-2018-17297_4.1.11,java/weak-cryptographic-algorithm,hutool-core/src/main/java/cn/hutool/core/lang/UUID.java,116,FP,ABSTAIN,1.00,"The code slice is completely empty and irrelevant to the alert, making it impossible to determine if..."
dromara__hutool_CVE-2018-17297_4.1.11,java/weak-cryptographic-algorithm,hutool-crypto/src/main/java/cn/hutool/crypto/SecureUtil.java,93,FP,TP,1.00,"CodeQL alert flags weak cryptographic algorithms (HmacMD5, HmacSHA1, DES, DESede) which are indeed k..."
dromara__hutool_CVE-2018-17297_4.1.11,java/weak-cryptographic-algorithm,hutool-crypto/src/main/java/cn/hutool/crypto/SecureUtil.java,122,FP,TP,1.00,The alert indicates the use of weak cryptographic algorithms (DES and DESede). The data flow traces ...
dromara__hutool_CVE-2018-17297_4.1.11,java/weak-cryptographic-algorithm,hutool-crypto/src/main/java/cn/hutool/crypto/SecureUtil.java,187,FP,TP,1.00,The alert points out the use of weak cryptographic algorithms (DES and DESede) in multiple locations...
dromara__hutool_CVE-2018-17297_4.1.11,java/weak-cryptographic-algorithm,hutool-crypto/src/main/java/cn/hutool/crypto/digest/Digester.java,53,FP,TP,1.00,"CodeQL flags MD5 as weak, and the data flow traces indicate MD5 is used in the DigestAlgorithm and D..."
dromara__hutool_CVE-2018-17297_4.1.11,java/weak-cryptographic-algorithm,hutool-crypto/src/main/java/cn/hutool/crypto/digest/HMac.java,70,FP,TP,1.00,The alert indicates that HmacMD5 and HmacSHA1 are weak cryptographic algorithms. The evidence points...
dromara__hutool_CVE-2018-17297_4.1.11,java/weak-cryptographic-algorithm,hutool-crypto/src/main/java/cn/hutool/crypto/symmetric/SymmetricCrypto.java,133,FP,TP,1.00,"CodeQL alert indicates weak cryptographic algorithms (DES, DESede) used, which is a known security r..."
dromara__hutool_CVE-2018-17297_4.1.11,java/insecure-cookie,hutool-extra/src/main/java/cn/hutool/extra/servlet/ServletUtil.java,376,FP,FP,1.00,"The alert is about a cookie being set without the 'secure' flag, but the program slice is unavailabl..."
dromara__hutool_CVE-2018-17297_4.1.11,java/insecure-cookie,hutool-extra/src/main/java/cn/hutool/extra/servlet/ServletUtil.java,387,FP,ABSTAIN,1.00,"The program slice is completely empty, making it impossible to make an educated guess about whether ..."
dromara__hutool_CVE-2018-17297_4.1.11,java/insecure-trustmanager,hutool-http/src/main/java/cn/hutool/http/ssl/SSLSocketFactoryBuilder.java,110,FP,TP,1.00,The alert indicates the use of a TrustManager that trusts any certificate. This is a critical securi...
dromara__hutool_CVE-2018-17297_4.1.11,java/zipslip,hutool-core/src/main/java/cn/hutool/core/util/ZipUtil.java,389,TP,TP,1.00,The alert indicates potential path traversal due to unsanitized archive entries. The data flow trace...
dromara__hutool_CVE-2018-17297_4.1.11,java/path-injection,hutool-core/src/main/java/cn/hutool/core/convert/impl/PathConverter.java,33,FP,FP,1.00,The data flow from ServletUtil.java to PathConverter.java involves user-provided values being conver...
dromara__hutool_CVE-2018-17297_4.1.11,java/xss,hutool-core/src/main/java/cn/hutool/core/io/IoUtil.java,173,FP,ABSTAIN,1.00,"The program slice is empty and the source file for the sink location could not be read, making it im..."
dromara__hutool_CVE-2018-17297_4.1.11,java/implicit-cast-in-compound-assignment,hutool-core/src/main/java/cn/hutool/core/date/DateUtil.java,1471,FP,ABSTAIN,1.00,"The program slice is empty, making it impossible to verify the alert's validity...."
apache__sling-org-apache-sling-servlets-resolver_CVE-2024-23673_2.10.0,java/xss,src/main/java/org/apache/sling/servlets/resolver/internal/console/WebConsolePlugin.java,138,FP,ABSTAIN,1.00,"The code slice is completely empty, making it impossible to determine if the data flow can be part o..."
codehaus-plexus__plexus-archiver_CVE-2018-1002200_3.5,java/concatenated-command-line,src/test/java/org/codehaus/plexus/archiver/tar/TarFileAttributesTest.java,99,FP,FP,1.00,The alert is about command line construction via string concatenation in a test file. Test code is n...
codehaus-plexus__plexus-archiver_CVE-2018-1002200_3.5,java/concatenated-command-line,src/test/java/org/codehaus/plexus/archiver/tar/TarFileAttributesTest.java,173,FP,ABSTAIN,1.00,"The code slice is completely empty, making it impossible to determine whether the alert is a true or..."
codehaus-plexus__plexus-archiver_CVE-2018-1002200_3.5,java/concatenated-command-line,src/test/java/org/codehaus/plexus/archiver/tar/TarFileAttributesTest.java,242,FP,ABSTAIN,1.00,"The code slice is empty and irrelevant to the alert, making it impossible to determine if the alert ..."
codehaus-plexus__plexus-archiver_CVE-2018-1002200_3.5,java/concatenated-command-line,src/test/java/org/codehaus/plexus/archiver/tar/TarFileAttributesTest.java,308,FP,ABSTAIN,1.00,"Program slice is completely empty and irrelevant to the alert, making any educated guess impossible...."
jeremylong__DependencyCheck_CVE-2018-12036_3.1.2,java/weak-cryptographic-algorithm,utils/src/main/java/org/owasp/dependencycheck/utils/Checksum.java,69,FP,FP,1.00,"The alert indicates that MD5 and SHA1 are weak cryptographic algorithms. However, the lack of a prog..."
jeremylong__DependencyCheck_CVE-2018-12036_3.1.2,java/weak-cryptographic-algorithm,utils/src/main/java/org/owasp/dependencycheck/utils/Checksum.java,194,FP,TP,1.00,"The alert mentions the use of weak cryptographic algorithms MD5 and SHA1, which are known vulnerabil..."
jeremylong__DependencyCheck_CVE-2018-12036_3.1.2,java/overly-large-range,core/src/main/java/org/owasp/dependencycheck/dependency/VulnerableSoftware.java,210,FP,ABSTAIN,1.00,"The code slice provided is empty and irrelevant to the alert, making it impossible to determine if t..."
jeremylong__DependencyCheck_CVE-2018-12036_3.1.2,java/polynomial-redos,core/src/main/java/org/owasp/dependencycheck/utils/DependencyVersion.java,79,FP,FP,1.00,"The alert describes potential regex slowdown due to user input, but the code slice is missing and no..."
jeremylong__DependencyCheck_CVE-2018-12036_3.1.2,java/zipslip,core/src/main/java/org/owasp/dependencycheck/analyzer/ArchiveAnalyzer.java,516,TP,ABSTAIN,1.00,"The code slice is completely empty, making it impossible to reconstruct the analyzer claim and check..."
jeremylong__DependencyCheck_CVE-2018-12036_3.1.2,java/zipslip,core/src/main/java/org/owasp/dependencycheck/utils/ExtractionUtil.java,102,TP,ABSTAIN,1.00,"The code slice is completely empty and irrelevant to the alert, making it impossible to make an educ..."
jeremylong__DependencyCheck_CVE-2018-12036_3.1.2,java/zipslip,core/src/main/java/org/owasp/dependencycheck/utils/ExtractionUtil.java,199,FP,TP,1.00,"The alert suggests an unsanitized archive entry with '..' used in a file system operation, which cou..."
jeremylong__DependencyCheck_CVE-2018-12036_3.1.2,java/path-injection,core/src/main/java/org/owasp/dependencycheck/analyzer/AbstractNpmAnalyzer.java,116,FP,ABSTAIN,1.00,"The program slice for AbstractNpmAnalyzer.java is completely empty, making it impossible to evaluate..."
jeremylong__DependencyCheck_CVE-2018-12036_3.1.2,java/path-injection,utils/src/main/java/org/owasp/dependencycheck/utils/Checksum.java,70,FP,ABSTAIN,1.00,"The program slice for the sink location in Checksum.java could not be read, making it impossible to ..."
jeremylong__DependencyCheck_CVE-2018-12036_3.1.2,java/maven/non-https-url,core/src/test/resources/dwr-pom.xml,143,FP,FP,1.00,The alert indicates downloading artifacts over an insecure protocol from http://repo1.maven.org/mave...
jeremylong__DependencyCheck_CVE-2018-12036_3.1.2,java/maven/non-https-url,core/src/test/resources/dwr-pom.xml,280,FP,ABSTAIN,1.00,"The program slice could not be read, making it impossible to verify the alert's validity with the pr..."
jeremylong__DependencyCheck_CVE-2018-12036_3.1.2,java/maven/non-https-url,core/target/test-classes/dwr-pom.xml,143,FP,ABSTAIN,1.00,"The program slice is empty and the source file could not be read, making it impossible to determine ..."
jeremylong__DependencyCheck_CVE-2018-12036_3.1.2,java/maven/non-https-url,core/target/test-classes/dwr-pom.xml,280,FP,ABSTAIN,1.00,"The program slice could not be read, and there's no code provided for analysis. This makes it imposs..."
jeremylong__DependencyCheck_CVE-2018-12036_3.1.2,java/maven/non-https-url,maven/src/it/false-positives/pom.xml,31,FP,ABSTAIN,1.00,"The program slice is empty and the source file could not be read, making it impossible to verify the..."
apache__dolphinscheduler_CVE-2022-26884_2.0.5,java/ssrf,dolphinscheduler-datasource-plugin/dolphinscheduler-datasource-api/src/main/java/org/apache/dolphinscheduler/plugin/datasource/api/provider/JdbcDataSourceProvider.java,51,FP,ABSTAIN,1.00,"The provided program slice is empty and unable to be read, making it impossible to evaluate the spec..."
apache__dolphinscheduler_CVE-2022-26884_2.0.5,java/ssrf,dolphinscheduler-datasource-plugin/dolphinscheduler-datasource-api/src/main/java/org/apache/dolphinscheduler/plugin/datasource/api/provider/JdbcDataSourceProvider.java,76,FP,ABSTAIN,1.00,"The code slice is completely empty, making it impossible to make an educated guess about the true na..."
apache__dolphinscheduler_CVE-2022-26884_2.0.5,java/insecure-cookie,dolphinscheduler-api/src/main/java/org/apache/dolphinscheduler/api/controller/LoginController.java,114,FP,FP,1.00,"The alert indicates a cookie being added without the 'secure' flag, but the code slice is empty. Wit..."
apache__dolphinscheduler_CVE-2022-26884_2.0.5,java/ldap-injection,dolphinscheduler-api/src/main/java/org/apache/dolphinscheduler/api/security/impl/ldap/LdapService.java,92,FP,TP,1.00,"The LDAP query directly uses a user-provided value, which can lead to LDAP injection. No explicit pa..."
apache__dolphinscheduler_CVE-2022-26884_2.0.5,java/insecure-trustmanager,dolphinscheduler-common/src/main/java/org/apache/dolphinscheduler/common/utils/HttpUtils.java,100,FP,TP,1.00,"The alert indicates usage of TrustManager which trusts any certificate, a known security vulnerabili..."
apache__dolphinscheduler_CVE-2022-26884_2.0.5,java/concatenated-command-line,dolphinscheduler-server/src/main/java/org/apache/dolphinscheduler/server/monitor/AbstractMonitor.java,77,FP,ABSTAIN,1.00,"The code slice is completely empty, making any educated guess impossible. More context is needed to ..."
joniles__mpxj_CVE-2020-35460_8.3.4,java/redos,src/main/java/net/sf/mpxj/fasttrack/FastTrackReader.java,632,FP,ABSTAIN,1.00,"The program slice is empty, making it impossible to reconstruct the analyzer claim or check precondi..."
joniles__mpxj_CVE-2020-35460_8.3.4,java/zipslip,src/main/java/net/sf/mpxj/common/InputStreamHelper.java,126,TP,ABSTAIN,1.00,"The program slice is completely empty, making it impossible to determine if the data flow can lead t..."
asf__tapestry-5_CVE-2019-0207_5.4.4,java/weak-cryptographic-algorithm,tapestry-core/src/main/java/org/apache/tapestry5/internal/services/ClientDataEncoderImpl.java,68,FP,ABSTAIN,1.00,"The code slice is completely empty, making it impossible to verify the use of HmacSHA1 and determine..."
asf__tapestry-5_CVE-2019-0207_5.4.4,java/insecure-cookie,tapestry-core/src/main/java/org/apache/tapestry5/modules/InternalModule.java,95,FP,FP,1.00,"The alert indicates a cookie is added without the 'secure' flag. However, the provided code slice is..."
asf__tapestry-5_CVE-2019-0207_5.4.4,java/unsafe-deserialization,tapestry-core/src/main/java/org/apache/tapestry5/corelib/components/Form.java,725,FP,ABSTAIN,1.00,"The code slice for Form.java is not provided, making it impossible to verify the exact data flow and..."
asf__tapestry-5_CVE-2019-0207_5.4.4,java/regex-injection,tapestry-core/src/main/java/org/apache/tapestry5/modules/TapestryModule.java,1007,FP,ABSTAIN,1.00,"The program slice for the sink location is missing, making it impossible to determine if the data fl..."
asf__tapestry-5_CVE-2019-0207_5.4.4,java/redos,tapestry-core/src/main/java/org/apache/tapestry5/ContentType.java,41,FP,ABSTAIN,1.00,"The code slice is completely empty, making it impossible to make an educated guess about whether the..."
asf__tapestry-5_CVE-2019-0207_5.4.4,java/redos,tapestry-webresources/src/main/java/com/yahoo/platform/yui/compressor/CssCompressor.java,149,FP,ABSTAIN,1.00,"The code slice is completely empty, making it impossible to reconstruct the analyzer claim and check..."
asf__tapestry-5_CVE-2019-0207_5.4.4,java/redos,tapestry-webresources/src/main/java/com/yahoo/platform/yui/compressor/CssCompressor.java,149,FP,ABSTAIN,1.00,"The code slice is completely empty, making it impossible to reconstruct the analyzer claim and check..."
asf__tapestry-5_CVE-2019-0207_5.4.4,java/path-injection,commons/src/main/java/org/apache/tapestry5/ioc/internal/BasicTypeCoercions.java,272,FP,FP,1.00,The data flow involves user-provided values being passed through several components and ultimately t...
asf__tapestry-5_CVE-2019-0207_5.4.4,java/path-injection,tapestry-core/src/main/java/org/apache/tapestry5/internal/test/PageTesterContext.java,42,FP,ABSTAIN,1.00,"The program slice for PageTesterContext.java is missing, making it impossible to determine if the da..."
asf__tapestry-5_CVE-2019-0207_5.4.4,java/maven/non-https-url,quickstart/build/classes/main/archetype-resources/pom.xml,130,FP,TP,1.00,The alert indicates use of an insecure protocol (http) for downloading/uploading artifacts from http...
asf__tapestry-5_CVE-2019-0207_5.4.4,java/maven/non-https-url,quickstart/filtered/archetype-resources/pom.xml,130,FP,ABSTAIN,1.00,"The program slice is completely empty, making it impossible to verify the exact nature of the data f..."
asf__tapestry-5_CVE-2019-0207_5.4.4,java/xss,tapestry-core/src/main/java/org/apache/tapestry5/internal/TapestryInternalUtils.java,370,FP,FP,1.00,"The data flow traces through Base64 encoding and decoding, which likely sanitizes user input. The ab..."
vert-x3__vertx-web_CVE-2018-12542_3.5.3.CR1,java/weak-cryptographic-algorithm,vertx-web/src/main/java/io/vertx/ext/web/handler/impl/DigestAuthHandlerImpl.java,58,FP,ABSTAIN,1.00,"The code slice is completely empty, making it impossible to determine if the use of MD5 is part of a..."
vert-x3__vertx-web_CVE-2018-12542_3.5.3.CR1,java/weak-cryptographic-algorithm,vertx-web/src/main/java/io/vertx/ext/web/handler/sockjs/impl/SockJSHandlerImpl.java,251,FP,ABSTAIN,1.00,"The program slice is completely empty, making it impossible to determine if the MD5 usage is part of..."
vert-x3__vertx-web_CVE-2018-12542_3.5.3.CR1,java/redos,vertx-web-api-contract/src/main/java/io/vertx/ext/web/api/validation/impl/RegularExpressions.java,8,FP,ABSTAIN,1.00,"The program slice is empty and the source file could not be read, making it impossible to evaluate t..."
jenkinsci__perfecto-plugin_CVE-2020-2261_1.17,java/ssrf,src/main/java/io/plugins/perfecto/credentials/PerfectoCredentials.java,112,FP,ABSTAIN,1.00,"The program slice is empty and the source file could not be read, making it impossible to evaluate t..."
DSpace__DSpace_CVE-2022-31194_5.10,java/stack-trace-exposure,dspace-sword/src/main/java/org/purl/sword/server/ServiceDocumentServlet.java,152,FP,ABSTAIN,1.00,"The code slice is completely empty, making it impossible to evaluate the alert based on the provided..."
DSpace__DSpace_CVE-2022-31194_5.10,java/unvalidated-url-redirection,dspace-api/src/main/java/org/dspace/rdf/negotiation/Negotiator.java,277,FP,ABSTAIN,1.00,"The code slice for the source file Negotiator.java is not available, making it impossible to verify ..."
DSpace__DSpace_CVE-2022-31194_5.10,java/unvalidated-url-redirection,dspace-api/src/main/java/org/dspace/rdf/negotiation/Negotiator.java,307,FP,ABSTAIN,1.00,"The source code slice for Negotiator.java is missing, making it impossible to fully assess the data ..."
DSpace__DSpace_CVE-2022-31194_5.10,java/unvalidated-url-redirection,dspace-jspui/src/main/java/org/dspace/app/webui/servlet/ControlledVocabularyServlet.java,53,FP,ABSTAIN,1.00,"The program slice is completely empty, making it impossible to evaluate the data flow and determine ..."
DSpace__DSpace_CVE-2022-31194_5.10,java/unvalidated-url-redirection,dspace-jspui/src/main/java/org/dspace/app/webui/servlet/SearchResultLogServlet.java,71,FP,ABSTAIN,1.00,"The program slice is completely empty, making it impossible to reconstruct the data flow and verify ..."
DSpace__DSpace_CVE-2022-31194_5.10,java/unvalidated-url-redirection,dspace-jspui/src/main/java/org/dspace/app/webui/servlet/VersionHistoryServlet.java,112,FP,ABSTAIN,1.00,"The code slice for the sink location is missing, making it impossible to determine if the user-provi..."
DSpace__DSpace_CVE-2022-31194_5.10,java/unvalidated-url-redirection,dspace-jspui/src/main/java/org/dspace/app/webui/servlet/admin/MetadataFieldRegistryServlet.java,211,FP,ABSTAIN,1.00,"The program slice is completely empty and there's no source code available for the given locations, ..."
DSpace__DSpace_CVE-2022-31194_5.10,java/unvalidated-url-redirection,dspace-xmlui/src/main/java/org/dspace/app/xmlui/aspect/eperson/LoginRedirect.java,84,FP,ABSTAIN,1.00,"The program slice is completely empty, making it impossible to determine the presence of a vulnerabi..."
DSpace__DSpace_CVE-2022-31194_5.10,java/unvalidated-url-redirection,dspace-xmlui/src/main/java/org/dspace/app/xmlui/cocoon/DSpaceCocoonServletFilter.java,258,FP,ABSTAIN,1.00,"The program slice is completely empty, making it impossible to perform an educated guess about wheth..."
DSpace__DSpace_CVE-2022-31194_5.10,java/unvalidated-url-redirection,dspace-xmlui/src/main/java/org/dspace/app/xmlui/cocoon/DSpaceCocoonServletFilter.java,270,FP,ABSTAIN,1.00,"The provided program slice is empty, making it impossible to determine if the data flow is actually ..."
DSpace__DSpace_CVE-2022-31194_5.10,java/http-response-splitting,dspace-api/src/main/java/org/dspace/rdf/negotiation/Negotiator.java,277,FP,FP,1.00,"The alert claims a response-splitting vulnerability due to user-provided values in headers. However,..."
DSpace__DSpace_CVE-2022-31194_5.10,java/http-response-splitting,dspace-api/src/main/java/org/dspace/rdf/negotiation/Negotiator.java,307,FP,ABSTAIN,1.00,"The source file for Negotiator.java could not be read, making it impossible to verify the exact data..."
DSpace__DSpace_CVE-2022-31194_5.10,java/http-response-splitting,dspace-jspui/src/main/java/org/dspace/app/webui/servlet/ItemExportArchiveServlet.java,96,FP,ABSTAIN,1.00,"The code slice is completely empty, making it impossible to evaluate whether the data flow can cause..."
DSpace__DSpace_CVE-2022-31194_5.10,java/http-response-splitting,dspace-jspui/src/main/java/org/dspace/app/webui/servlet/MetadataExportServlet.java,92,FP,ABSTAIN,1.00,"The program slice is completely empty, making it impossible to determine if the data flow can cause ..."
DSpace__DSpace_CVE-2022-31194_5.10,java/http-response-splitting,dspace-jspui/src/main/java/org/dspace/app/webui/servlet/MyDSpaceServlet.java,727,FP,ABSTAIN,1.00,"The code slice is completely empty and irrelevant to the alert, making it impossible to make an educ..."
DSpace__DSpace_CVE-2022-31194_5.10,java/weak-cryptographic-algorithm,dspace-api/src/main/java/org/dspace/checker/CheckerCommand.java,197,FP,TP,1.00,"The alert indicates use of MD5, which is a weak cryptographic algorithm. The data flow traces show M..."
DSpace__DSpace_CVE-2022-31194_5.10,java/weak-cryptographic-algorithm,dspace-api/src/main/java/org/dspace/core/Utils.java,129,FP,ABSTAIN,1.00,"The program slice is completely empty, making it impossible to determine whether the cryptographic a..."
DSpace__DSpace_CVE-2022-31194_5.10,java/weak-cryptographic-algorithm,dspace-api/src/main/java/org/dspace/eperson/PasswordHash.java,260,FP,ABSTAIN,1.00,"The code slice is empty, making it impossible to determine whether the alert is a true positive or f..."
DSpace__DSpace_CVE-2022-31194_5.10,java/weak-cryptographic-algorithm,dspace-api/src/main/java/org/dspace/storage/bitstore/BitstreamStorageManager.java,309,FP,ABSTAIN,1.00,"The program slice is completely empty, making it impossible to determine if the alert is a true or f..."
DSpace__DSpace_CVE-2022-31194_5.10,java/weak-cryptographic-algorithm,dspace-api/src/main/java/org/dspace/storage/bitstore/BitstreamStorageManager.java,414,FP,FP,1.00,"The alert indicates MD5 is used, which is weak. However, the program slice is empty, making it impos..."
DSpace__DSpace_CVE-2022-31194_5.10,java/weak-cryptographic-algorithm,dspace-api/src/main/java/org/dspace/storage/bitstore/BitstreamStorageManager.java,457,FP,ABSTAIN,1.00,"The program slice could not be read, and the source file is missing, making it impossible to verify ..."
DSpace__DSpace_CVE-2022-31194_5.10,java/weak-cryptographic-algorithm,dspace-sword/src/main/java/org/purl/sword/base/ChecksumUtils.java,63,FP,ABSTAIN,1.00,"The code slice is completely empty, making it impossible to determine if the use of MD5 is part of a..."
DSpace__DSpace_CVE-2022-31194_5.10,java/weak-cryptographic-algorithm,dspace-sword/src/main/java/org/purl/sword/base/ChecksumUtils.java,123,FP,FP,1.00,"The alert mentions MD5 as a weak cryptographic algorithm, but the code slice is missing. Without the..."
DSpace__DSpace_CVE-2022-31194_5.10,java/ssrf,dspace-sword/src/main/java/org/purl/sword/client/Client.java,255,FP,ABSTAIN,1.00,"The program slice for the relevant source file is completely empty, making it impossible to evaluate..."
DSpace__DSpace_CVE-2022-31194_5.10,java/tainted-format-string,dspace-api/src/main/java/org/dspace/content/LicenseUtils.java,89,FP,ABSTAIN,1.00,"The program slice is completely empty or irrelevant, making it impossible to make an educated guess ..."
DSpace__DSpace_CVE-2022-31194_5.10,java/regex-injection,dspace-jspui/src/main/java/org/dspace/app/webui/handle/HandleJSONResolver.java,36,FP,ABSTAIN,1.00,"The program slice for HandleJSONResolver.java is unavailable, making it impossible to fully assess t..."
DSpace__DSpace_CVE-2022-31194_5.10,java/polynomial-redos,dspace-api/src/main/java/org/dspace/discovery/SolrServiceImpl.java,2071,FP,TP,1.00,The alert indicates a potential ReDoS (Regular Expression Denial of Service) vulnerability due to a ...
DSpace__DSpace_CVE-2022-31194_5.10,java/polynomial-redos,dspace-api/src/main/java/org/dspace/discovery/SolrServiceImpl.java,2089,FP,TP,1.00,The alert indicates a potential ReDoS (Regular Expression Denial of Service) vulnerability due to a ...
DSpace__DSpace_CVE-2022-31194_5.10,java/polynomial-redos,dspace-jspui/src/main/java/org/dspace/app/webui/discovery/DiscoverUtility.java,437,FP,TP,1.00,The alert indicates potential ReDoS (Regular Expression Denial of Service) vulnerabilities due to us...
DSpace__DSpace_CVE-2022-31194_5.10,java/zipslip,dspace-api/src/main/java/org/dspace/app/itemimport/ItemImport.java,2078,FP,ABSTAIN,1.00,"The code slice is completely empty, making it impossible to evaluate the alert accurately...."
DSpace__DSpace_CVE-2022-31194_5.10,java/zipslip,dspace-api/src/main/java/org/dspace/app/itemimport/ItemImport.java,2065,FP,TP,1.00,Unsanitized archive entry that may contain '..' can lead to directory traversal attacks in file syst...
DSpace__DSpace_CVE-2022-31194_5.10,java/path-injection,dspace-api/src/main/java/org/dspace/app/itemexport/ItemExport.java,1151,FP,ABSTAIN,1.00,"The program slice for the sink is completely empty, making it impossible to determine if the data fl..."
DSpace__DSpace_CVE-2022-31194_5.10,java/path-injection,dspace-api/src/main/java/org/dspace/app/itemexport/ItemExport.java,1155,FP,ABSTAIN,1.00,"The code slice for the sink location is completely empty, making it impossible to determine if the d..."
DSpace__DSpace_CVE-2022-31194_5.10,java/path-injection,dspace-api/src/main/java/org/dspace/app/itemexport/ItemExport.java,1174,FP,ABSTAIN,1.00,"The program slice for the sink location is missing, making it impossible to determine if the alert d..."
DSpace__DSpace_CVE-2022-31194_5.10,java/path-injection,dspace-api/src/main/java/org/dspace/app/itemexport/ItemExport.java,1193,FP,ABSTAIN,1.00,"The program slice for the sink location is missing, making it impossible to determine if the data fl..."
DSpace__DSpace_CVE-2022-31194_5.10,java/path-injection,dspace-api/src/main/java/org/dspace/app/itemimport/ItemImport.java,1003,FP,ABSTAIN,1.00,"The program slice for the sink location is not available, making it impossible to reconstruct the an..."
DSpace__DSpace_CVE-2022-31194_5.10,java/path-injection,dspace-api/src/main/java/org/dspace/app/itemimport/ItemImport.java,2443,FP,ABSTAIN,1.00,"The source file for the sink location could not be read, making it impossible to fully analyze the d..."
DSpace__DSpace_CVE-2022-31194_5.10,java/path-injection,dspace-api/src/main/java/org/dspace/core/ConfigurationManager.java,529,FP,ABSTAIN,1.00,"The code slice for ConfigurationManager.java is missing, making it impossible to determine if user-p..."
DSpace__DSpace_CVE-2022-31194_5.10,java/path-injection,dspace-api/src/main/java/org/dspace/core/ConfigurationManager.java,541,FP,ABSTAIN,1.00,"The code slice for ConfigurationManager.java is completely empty, making it impossible to evaluate t..."
DSpace__DSpace_CVE-2022-31194_5.10,java/path-injection,dspace-api/src/main/java/org/dspace/core/NewsManager.java,58,FP,ABSTAIN,1.00,"The code slice for org/dspace/core/NewsManager.java is missing, making it impossible to determine th..."
DSpace__DSpace_CVE-2022-31194_5.10,java/path-injection,dspace-api/src/main/java/org/dspace/core/NewsManager.java,102,FP,ABSTAIN,1.00,"The code slice for the sink location is completely empty, making it impossible to evaluate the data ..."
DSpace__DSpace_CVE-2022-31194_5.10,java/path-injection,dspace-jspui/src/main/java/org/dspace/app/webui/servlet/MyDSpaceServlet.java,717,FP,ABSTAIN,1.00,"The code slice is completely empty, making it impossible to evaluate the data flow and determine if ..."
DSpace__DSpace_CVE-2022-31194_5.10,java/path-injection,dspace-jspui/src/main/java/org/dspace/app/webui/servlet/MyDSpaceServlet.java,730,FP,ABSTAIN,1.00,"The program slice is completely empty, making it impossible to evaluate the data flow and determine ..."
DSpace__DSpace_CVE-2022-31194_5.10,java/path-injection,dspace-jspui/src/main/java/org/dspace/app/webui/servlet/SitemapServlet.java,82,FP,ABSTAIN,1.00,"The program slice is completely empty, making it impossible to evaluate the data flow and determine ..."
DSpace__DSpace_CVE-2022-31194_5.10,java/path-injection,dspace-jspui/src/main/java/org/dspace/app/webui/servlet/SitemapServlet.java,111,FP,ABSTAIN,1.00,"The code slice is completely empty, making it impossible to evaluate the alert's validity...."
DSpace__DSpace_CVE-2022-31194_5.10,java/path-injection,dspace-jspui/src/main/java/org/dspace/app/webui/servlet/SubmissionController.java,284,FP,ABSTAIN,1.00,"The program slice is completely empty, making it impossible to determine if the data flow can be par..."
DSpace__DSpace_CVE-2022-31194_5.10,java/path-injection,dspace-jspui/src/main/java/org/dspace/app/webui/servlet/SubmissionController.java,1590,TP,FP,1.00,"The code slice is unavailable, but the alert lacks specific path constraints and indicates an incomp..."
DSpace__DSpace_CVE-2022-31194_5.10,java/path-injection,dspace-jspui/src/main/java/org/dspace/app/webui/servlet/SubmissionController.java,1599,TP,ABSTAIN,1.00,"The program slice is completely empty, making it impossible to evaluate the alert with the provided ..."
DSpace__DSpace_CVE-2022-31194_5.10,java/path-injection,dspace-jspui/src/main/java/org/dspace/app/webui/servlet/SubmissionController.java,1706,TP,ABSTAIN,1.00,"The provided code slice is completely empty, making it impossible to evaluate the alert based on the..."
DSpace__DSpace_CVE-2022-31194_5.10,java/path-injection,dspace-jspui/src/main/java/org/dspace/app/webui/servlet/SubmissionController.java,1711,TP,ABSTAIN,1.00,"The code slice is completely empty, making it impossible to reconstruct the analyzer claim or verify..."
DSpace__DSpace_CVE-2022-31194_5.10,java/path-injection,dspace-jspui/src/main/java/org/dspace/app/webui/servlet/SubmissionController.java,1712,FP,ABSTAIN,1.00,"The program slice is completely empty and irrelevant to the alert, making any educated guess impossi..."
DSpace__DSpace_CVE-2022-31194_5.10,java/path-injection,dspace-sword/src/main/java/org/dspace/sword/DepositManager.java,267,FP,ABSTAIN,1.00,"The program slice for the sink location is completely empty, making it impossible to evaluate the da..."
DSpace__DSpace_CVE-2022-31194_5.10,java/path-injection,dspace-sword/src/main/java/org/dspace/sword/DepositManager.java,268,FP,ABSTAIN,1.00,"The program slice for DepositManager.java is missing, making it impossible to determine if the data ..."
DSpace__DSpace_CVE-2022-31194_5.10,java/path-injection,dspace-sword/src/main/java/org/dspace/sword/DepositManager.java,271,FP,ABSTAIN,1.00,"The program slice for DepositManager.java is missing, making it impossible to verify the exact data ..."
DSpace__DSpace_CVE-2022-31194_5.10,java/path-injection,dspace-sword/src/main/java/org/dspace/sword/DepositManager.java,277,FP,ABSTAIN,1.00,"The provided code slice for DepositManager.java is empty, making it impossible to evaluate the data ..."
DSpace__DSpace_CVE-2022-31194_5.10,java/xxe,dspace-api/src/main/java/org/dspace/app/sherpa/SHERPAResponse.java,55,FP,TP,1.00,CodeQL alert indicates XML parsing uses user-provided value without preventing external entity expan...
DSpace__DSpace_CVE-2022-31194_5.10,java/xxe,dspace-api/src/main/java/org/dspace/authority/orcid/xml/Converter.java,39,FP,TP,1.00,XML parsing depends on a user-provided value without guarding against external entity expansion. The...
DSpace__DSpace_CVE-2022-31194_5.10,java/xxe,dspace-api/src/main/java/org/dspace/content/authority/LCNameAuthority.java,180,FP,TP,1.00,The alert indicates XML parsing using a user-provided value without guarding against external entity...
DSpace__DSpace_CVE-2022-31194_5.10,java/xxe,dspace-api/src/main/java/org/dspace/content/authority/SHERPARoMEOProtocol.java,116,FP,TP,1.00,The alert indicates XML parsing using a user-provided value without guarding against external entity...
DSpace__DSpace_CVE-2022-31194_5.10,java/xxe,dspace-api/src/main/java/org/dspace/content/packager/METSManifest.java,708,FP,TP,1.00,The alert indicates XML parsing depends on a user-provided value without guarding against external e...
DSpace__DSpace_CVE-2022-31194_5.10,java/xxe,dspace-api/src/main/java/org/dspace/ctask/general/MetadataWebService.java,272,FP,TP,1.00,The alert indicates XML parsing depends on a user-provided value without guarding against external e...
DSpace__DSpace_CVE-2022-31194_5.10,java/xxe,dspace-api/src/main/java/org/dspace/license/CCLookup.java,196,FP,TP,1.00,The alert indicates XML parsing with a user-provided value without guarding against external entity ...
DSpace__DSpace_CVE-2022-31194_5.10,java/xxe,dspace-api/src/main/java/org/dspace/license/CCLookup.java,306,FP,TP,1.00,The alert indicates XML parsing with a user-provided value without guarding against external entity ...
DSpace__DSpace_CVE-2022-31194_5.10,java/xxe,dspace-api/src/main/java/org/dspace/license/CCLookup.java,354,FP,TP,1.00,XML parsing with user-provided value without guarding against external entity expansion can lead to ...
DSpace__DSpace_CVE-2022-31194_5.10,java/xxe,dspace-api/src/main/java/org/dspace/submit/lookup/ArXivService.java,130,FP,ABSTAIN,1.00,"The code slice is empty and irrelevant to the alert, making it impossible to judge without the actua..."
DSpace__DSpace_CVE-2022-31194_5.10,java/xxe,dspace-api/src/main/java/org/dspace/submit/lookup/CiNiiService.java,112,FP,TP,1.00,The alert indicates a potential XML external entity (XXE) vulnerability due to user-provided XML par...
DSpace__DSpace_CVE-2022-31194_5.10,java/xxe,dspace-api/src/main/java/org/dspace/submit/lookup/CiNiiService.java,192,FP,TP,1.00,The alert indicates XML parsing with a user-provided value without guarding against external entity ...
DSpace__DSpace_CVE-2022-31194_5.10,java/xxe,dspace-api/src/main/java/org/dspace/submit/lookup/CrossRefService.java,117,FP,TP,1.00,The alert indicates XML parsing using a user-provided value without guarding against external entity...
DSpace__DSpace_CVE-2022-31194_5.10,java/xxe,dspace-api/src/main/java/org/dspace/submit/lookup/PubmedService.java,140,FP,ABSTAIN,1.00,"The code slice is completely empty, making it impossible to verify the presence of a security vulner..."
DSpace__DSpace_CVE-2022-31194_5.10,java/xxe,dspace-api/src/main/java/org/dspace/submit/lookup/PubmedService.java,259,FP,ABSTAIN,1.00,"The program slice is completely empty, making it impossible to determine if the alert is a True Posi..."
DSpace__DSpace_CVE-2022-31194_5.10,java/tainted-numeric-cast,dspace-xmlui/src/main/java/org/dspace/app/xmlui/cocoon/servlet/multipart/DSpaceTokenStream.java,133,FP,ABSTAIN,1.00,"The program slice for DSpaceTokenStream.java is missing, making it impossible to evaluate the datafl..."
DSpace__DSpace_CVE-2022-31194_5.10,java/tainted-numeric-cast,dspace-xmlui/src/main/java/org/dspace/app/xmlui/cocoon/servlet/multipart/DSpaceTokenStream.java,148,FP,ABSTAIN,1.00,"The program slice for DSpaceTokenStream.java could not be read, making it impossible to fully evalua..."
DSpace__DSpace_CVE-2022-31194_5.10,java/xml/xpath-injection,dspace-api/src/main/java/org/dspace/content/authority/DSpaceControlledVocabulary.java,168,FP,FP,1.00,"While the alert indicates that XPath expressions depend on user-provided values, the lack of specifi..."
DSpace__DSpace_CVE-2022-31194_5.10,java/maven/non-https-url,dspace/modules/xmlui-mirage2/pom.xml,331,FP,ABSTAIN,1.00,"The program slice could not be read, making it impossible to verify the exact data flow and context ..."
DSpace__DSpace_CVE-2022-31194_5.10,java/maven/non-https-url,pom.xml,1632,FP,TP,1.00,The alert indicates downloading artifacts over an insecure protocol (http) from http://maven.restlet...
ESAPI__esapi-java-legacy_CVE-2022-23457_2.2.3.1,java/unvalidated-url-redirection,src/main/java/org/owasp/esapi/filters/SecurityWrapperResponse.java,436,FP,FP,1.00,The data flow traces indicate that user-provided values are being processed through validation metho...
ESAPI__esapi-java-legacy_CVE-2022-23457_2.2.3.1,java/unvalidated-url-redirection,src/main/java/org/owasp/esapi/waf/ESAPIWebApplicationFirewallFilter.java,463,FP,FP,1.00,The data flow traces indicate that user-provided values are passed through validation methods in Def...
ESAPI__esapi-java-legacy_CVE-2022-23457_2.2.3.1,java/http-response-splitting,src/main/java/org/owasp/esapi/reference/DefaultHTTPUtilities.java,242,FP,FP,1.00,The alert mentions a potential response-splitting vulnerability due to user-provided values in HTTP ...
ESAPI__esapi-java-legacy_CVE-2022-23457_2.2.3.1,java/weak-cryptographic-algorithm,src/main/java/org/owasp/esapi/crypto/CipherText.java,833,FP,TP,1.00,The alert indicates that HmacSHA1 is considered weak. Given that the source and sink location point ...
ESAPI__esapi-java-legacy_CVE-2022-23457_2.2.3.1,java/weak-cryptographic-algorithm,src/main/java/org/owasp/esapi/crypto/KeyDerivationFunction.java,371,FP,TP,1.00,"The alert indicates the use of HmacSHA1, a weak cryptographic algorithm. The data flow traces show t..."
ESAPI__esapi-java-legacy_CVE-2022-23457_2.2.3.1,java/weak-cryptographic-algorithm,src/main/java/org/owasp/esapi/reference/crypto/JavaEncryptor.java,665,FP,FP,1.00,"The alert mentions using a weak cryptographic algorithm (ECB mode without padding). However, the ext..."
ESAPI__esapi-java-legacy_CVE-2022-23457_2.2.3.1,java/weak-cryptographic-algorithm,src/main/java/org/owasp/esapi/reference/crypto/JavaEncryptor.java,1038,FP,TP,1.00,SHA1withDSA is considered weak and vulnerable to collision attacks. The alert points to its usage in...
ESAPI__esapi-java-legacy_CVE-2022-23457_2.2.3.1,java/weak-cryptographic-algorithm,src/test/java/org/owasp/esapi/reference/crypto/CryptoPolicy.java,63,FP,FP,1.00,"The alert is about using AES/ECB/NoPadding, which is indeed weak. However, the source file could not..."
ESAPI__esapi-java-legacy_CVE-2022-23457_2.2.3.1,java/insecure-cookie,src/main/java/org/owasp/esapi/filters/SecurityWrapperRequest.java,748,FP,ABSTAIN,1.00,"The program slice is completely empty, making it impossible to determine if the 'secure' flag is set..."
ESAPI__esapi-java-legacy_CVE-2022-23457_2.2.3.1,java/insecure-cookie,src/main/java/org/owasp/esapi/filters/SecurityWrapperResponse.java,110,FP,ABSTAIN,1.00,"The code slice is completely empty, making it impossible to determine if the 'secure' flag is set on..."
ESAPI__esapi-java-legacy_CVE-2022-23457_2.2.3.1,java/insecure-cookie,src/main/java/org/owasp/esapi/reference/DefaultHTTPUtilities.java,203,FP,FP,1.00,"The lack of a program slice makes it impossible to verify the exact code. However, the ESAPI library..."
ESAPI__esapi-java-legacy_CVE-2022-23457_2.2.3.1,java/insecure-cookie,src/main/java/org/owasp/esapi/reference/DefaultHTTPUtilities.java,729,FP,FP,1.00,"The alert mentions that the 'secure' flag is not set for the cookie, which is a security concern. Ho..."
ESAPI__esapi-java-legacy_CVE-2022-23457_2.2.3.1,java/insecure-cookie,src/main/java/org/owasp/esapi/reference/DefaultHTTPUtilities.java,961,FP,ABSTAIN,1.00,"The program slice is completely empty, making it impossible to determine if the 'secure' flag is set..."
ESAPI__esapi-java-legacy_CVE-2022-23457_2.2.3.1,java/insecure-cookie,src/main/java/org/owasp/esapi/reference/DefaultHTTPUtilities.java,993,FP,ABSTAIN,1.00,"The code slice is completely empty, making it impossible to determine if the alert is a true positiv..."
ESAPI__esapi-java-legacy_CVE-2022-23457_2.2.3.1,java/insecure-cookie,src/test/java/org/owasp/esapi/http/MockFilterChain.java,43,FP,FP,1.00,The alert is related to a test file (MockFilterChain.java) which is likely used for testing purposes...
ESAPI__esapi-java-legacy_CVE-2022-23457_2.2.3.1,java/insecure-cookie,src/test/java/org/owasp/esapi/waf/HttpOnlyTest.java,80,FP,FP,1.00,The alert is in a test file (HttpOnlyTest.java) which is likely used for testing purposes. Code in t...
ESAPI__esapi-java-legacy_CVE-2022-23457_2.2.3.1,java/polynomial-redos,src/main/java/org/owasp/esapi/codecs/ref/EncodingPatternPreservation.java,58,FP,FP,1.00,The alert mentions potential slow regex evaluation due to many repetitions of spaces in user-provide...
ESAPI__esapi-java-legacy_CVE-2022-23457_2.2.3.1,java/xss,src/test/java/org/owasp/esapi/http/MockFilterChain.java,42,FP,FP,1.00,"The alert claims a cross-site scripting (XSS) vulnerability due to user-provided values. However, th..."
kubernetes-client__java_CVE-2020-8570_client-java-parent-9.0.1,java/insecure-trustmanager,kubernetes/src/main/java/io/kubernetes/client/openapi/ApiClient.java,1343,FP,TP,1.00,The alert indicates use of a TrustManager that trusts any certificate. This can lead to man-in-the-m...
kubernetes-client__java_CVE-2020-8570_client-java-parent-9.0.1,java/zipslip,util/src/main/java/io/kubernetes/client/Copy.java,140,FP,ABSTAIN,1.00,"The program slice is completely empty, making it impossible to evaluate the data flow and determine ..."
spring-cloud__spring-cloud-config_CVE-2020-5405_2.1.6.RELEASE,java/polynomial-redos,spring-cloud-config-server/src/main/java/org/springframework/cloud/config/server/encryption/EnvironmentPrefixHelper.java,128,FP,TP,1.00,"The alert indicates potential slow regex execution due to user-provided values, which can lead to De..."
spring-cloud__spring-cloud-config_CVE-2020-5405_2.1.6.RELEASE,java/polynomial-redos,spring-cloud-config-server/src/main/java/org/springframework/cloud/config/server/encryption/EnvironmentPrefixHelper.java,132,FP,TP,1.00,The alert indicates a potential ReDoS (Regular Expression Denial of Service) vulnerability due to a ...
spring-cloud__spring-cloud-config_CVE-2020-5405_2.1.6.RELEASE,java/polynomial-redos,spring-cloud-config-server/src/main/java/org/springframework/cloud/config/server/encryption/EnvironmentPrefixHelper.java,132,FP,TP,1.00,The alert indicates a potential ReDoS (Regular Expression Denial of Service) vulnerability due to a ...
spring-cloud__spring-cloud-config_CVE-2020-5405_2.1.6.RELEASE,java/path-injection,spring-cloud-config-server/src/main/java/org/springframework/cloud/config/server/environment/SvnKitEnvironmentRepository.java,191,FP,ABSTAIN,1.00,"The code slice is completely empty, making it impossible to make an educated guess about whether the..."
spring-cloud__spring-cloud-config_CVE-2020-5405_2.1.6.RELEASE,java/path-injection,spring-cloud-config-server/src/main/java/org/springframework/cloud/config/server/environment/SvnKitEnvironmentRepository.java,193,FP,ABSTAIN,1.00,"The program slice is empty, making it impossible to evaluate the data flow and determine if it's a t..."
spring-cloud__spring-cloud-config_CVE-2020-5405_2.1.6.RELEASE,java/path-injection,spring-cloud-config-server/src/main/java/org/springframework/cloud/config/server/environment/SvnKitEnvironmentRepository.java,195,FP,ABSTAIN,1.00,"The program slice is completely empty, making it impossible to determine if the data flow leads to a..."
spring-cloud__spring-cloud-config_CVE-2020-5405_2.1.6.RELEASE,java/path-injection,spring-cloud-config-server/src/main/java/org/springframework/cloud/config/server/support/AbstractScmAccessor.java,266,FP,ABSTAIN,1.00,"The code slice for the sink location is completely empty, making it impossible to determine if the d..."
spring-cloud__spring-cloud-config_CVE-2020-5405_2.1.6.RELEASE,java/xss,spring-cloud-config-server/src/main/java/org/springframework/cloud/config/server/encryption/EncryptionController.java,101,FP,ABSTAIN,1.00,"The provided code slice is empty, making it impossible to verify the alert without the actual source..."
spring-cloud__spring-cloud-config_CVE-2020-5405_2.1.6.RELEASE,java/xss,spring-cloud-config-server/src/main/java/org/springframework/cloud/config/server/encryption/EncryptionController.java,115,FP,ABSTAIN,1.00,"The code slice is completely empty, making it impossible to verify the data flow and preconditions f..."
spring-cloud__spring-cloud-config_CVE-2020-5410_2.1.8.RELEASE,java/polynomial-redos,spring-cloud-config-server/src/main/java/org/springframework/cloud/config/server/encryption/EnvironmentPrefixHelper.java,128,FP,TP,1.00,The alert indicates that regular expressions dependent on user-provided values can run slowly for sp...
spring-cloud__spring-cloud-config_CVE-2020-5410_2.1.8.RELEASE,java/polynomial-redos,spring-cloud-config-server/src/main/java/org/springframework/cloud/config/server/encryption/EnvironmentPrefixHelper.java,132,FP,TP,1.00,The alert suggests a potential ReDoS vulnerability due to a regex depending on user-provided input. ...
spring-cloud__spring-cloud-config_CVE-2020-5410_2.1.8.RELEASE,java/polynomial-redos,spring-cloud-config-server/src/main/java/org/springframework/cloud/config/server/encryption/EnvironmentPrefixHelper.java,132,FP,TP,1.00,The alert suggests a potential ReDoS vulnerability due to a regex depending on user-provided input. ...
spring-cloud__spring-cloud-config_CVE-2020-5410_2.1.8.RELEASE,java/path-injection,spring-cloud-config-server/src/main/java/org/springframework/cloud/config/server/environment/SvnKitEnvironmentRepository.java,191,FP,ABSTAIN,1.00,"The code slice for the sink location is missing, making it impossible to evaluate the data flow and ..."
spring-cloud__spring-cloud-config_CVE-2020-5410_2.1.8.RELEASE,java/path-injection,spring-cloud-config-server/src/main/java/org/springframework/cloud/config/server/environment/SvnKitEnvironmentRepository.java,193,FP,ABSTAIN,1.00,"The program slice for SvnKitEnvironmentRepository.java is completely empty, making it impossible to ..."
spring-cloud__spring-cloud-config_CVE-2020-5410_2.1.8.RELEASE,java/path-injection,spring-cloud-config-server/src/main/java/org/springframework/cloud/config/server/environment/SvnKitEnvironmentRepository.java,195,FP,ABSTAIN,1.00,"The program slice for SvnKitEnvironmentRepository.java is missing, making it impossible to reconstru..."
spring-cloud__spring-cloud-config_CVE-2020-5410_2.1.8.RELEASE,java/path-injection,spring-cloud-config-server/src/main/java/org/springframework/cloud/config/server/support/AbstractScmAccessor.java,266,FP,ABSTAIN,1.00,"The program slice for the sink location is missing, making it impossible to determine if the data fl..."
spring-cloud__spring-cloud-config_CVE-2020-5410_2.1.8.RELEASE,java/xss,spring-cloud-config-server/src/main/java/org/springframework/cloud/config/server/encryption/EncryptionController.java,101,FP,ABSTAIN,1.00,"The program slice is completely empty, making it impossible to evaluate the data flow and preconditi..."
spring-cloud__spring-cloud-config_CVE-2020-5410_2.1.8.RELEASE,java/xss,spring-cloud-config-server/src/main/java/org/springframework/cloud/config/server/encryption/EncryptionController.java,115,FP,ABSTAIN,1.00,"The program slice could not be read, making it impossible to verify the exact data flow and determin..."
apache__jspwiki_CVE-2019-0225_2.11.0.M2,java/stack-trace-exposure,jspwiki-main/src/main/java/org/apache/wiki/attachment/AttachmentServlet.java,324,FP,ABSTAIN,1.00,The program slice is completely empty and does not provide any code to analyze. Without the actual c...
apache__jspwiki_CVE-2019-0225_2.11.0.M2,java/stack-trace-exposure,jspwiki-main/src/main/java/org/apache/wiki/attachment/AttachmentServlet.java,353,FP,ABSTAIN,1.00,"The code slice is completely empty and irrelevant to the alert, making it impossible to make an educ..."
apache__jspwiki_CVE-2019-0225_2.11.0.M2,java/stack-trace-exposure,jspwiki-main/src/main/java/org/apache/wiki/tags/AuthorTag.java,72,FP,ABSTAIN,1.00,"The provided code slice is empty and irrelevant, making it impossible to evaluate whether the alert ..."
apache__jspwiki_CVE-2019-0225_2.11.0.M2,java/stack-trace-exposure,jspwiki-main/src/main/java/org/apache/wiki/tags/InsertPageTag.java,128,FP,ABSTAIN,1.00,"The program slice is empty, making it impossible to evaluate the taint source and sink. Without the ..."
apache__jspwiki_CVE-2019-0225_2.11.0.M2,java/stack-trace-exposure,jspwiki-main/src/main/java/org/apache/wiki/tags/PageSizeTag.java,63,FP,ABSTAIN,1.00,"The program slice is completely empty, making it impossible to evaluate the alert based on the provi..."
apache__jspwiki_CVE-2019-0225_2.11.0.M2,java/stack-trace-exposure,jspwiki-main/src/main/java/org/apache/wiki/tags/PluginTag.java,126,FP,ABSTAIN,1.00,"The provided code slice is empty and irrelevant to the alert, making it impossible to determine if t..."
apache__jspwiki_CVE-2019-0225_2.11.0.M2,java/stack-trace-exposure,jspwiki-main/src/main/java/org/apache/wiki/tags/VariableTag.java,107,FP,ABSTAIN,1.00,"The program slice is empty and the source file could not be read, making it impossible to evaluate t..."
apache__jspwiki_CVE-2019-0225_2.11.0.M2,java/unvalidated-url-redirection,jspwiki-main/src/main/java/org/apache/wiki/attachment/AttachmentServlet.java,304,FP,ABSTAIN,1.00,"The code slice is completely empty, making it impossible to evaluate the data flow and determine if ..."
apache__jspwiki_CVE-2019-0225_2.11.0.M2,java/weak-cryptographic-algorithm,jspwiki-main/src/main/java/org/apache/wiki/ReferenceManager.java,384,FP,ABSTAIN,1.00,"The program slice is completely empty, making it impossible to determine if the alert is a true or f..."
apache__jspwiki_CVE-2019-0225_2.11.0.M2,java/weak-cryptographic-algorithm,jspwiki-main/src/main/java/org/apache/wiki/parser/CreoleToJSPWikiTranslator.java,515,FP,ABSTAIN,1.00,"The code slice is empty and irrelevant to the alert, making it impossible to determine if the alert ..."
apache__jspwiki_CVE-2019-0225_2.11.0.M2,java/insecure-cookie,jspwiki-main/src/main/java/org/apache/wiki/auth/login/CookieAssertionLoginModule.java,148,FP,TP,1.00,The alert indicates a cookie is added to the response without the 'secure' flag. This is a known sec...
apache__jspwiki_CVE-2019-0225_2.11.0.M2,java/insecure-cookie,jspwiki-main/src/main/java/org/apache/wiki/auth/login/CookieAssertionLoginModule.java,161,FP,FP,1.00,"The alert claims a cookie is added without the 'secure' flag, but the code slice is unavailable. Giv..."
apache__jspwiki_CVE-2019-0225_2.11.0.M2,java/insecure-cookie,jspwiki-main/src/main/java/org/apache/wiki/auth/login/CookieAuthenticationLoginModule.java,250,FP,TP,1.00,"The alert indicates a cookie is added without the 'secure' flag, which is a known security vulnerabi..."
apache__jspwiki_CVE-2019-0225_2.11.0.M2,java/insecure-cookie,jspwiki-main/src/main/java/org/apache/wiki/auth/login/CookieAuthenticationLoginModule.java,299,FP,TP,1.00,"The alert indicates a cookie is set without the 'secure' flag, which is a known security vulnerabili..."
apache__jspwiki_CVE-2019-0225_2.11.0.M2,java/insecure-cookie,jspwiki-main/src/main/java/org/apache/wiki/tags/CookieTag.java,282,FP,TP,1.00,The alert indicates a cookie is added to a response without the 'secure' flag. This is a potential v...
apache__jspwiki_CVE-2019-0225_2.11.0.M2,java/insecure-cookie,jspwiki-main/src/main/java/org/apache/wiki/tags/CookieTag.java,286,FP,ABSTAIN,1.00,"The program slice is completely empty, making any educated guess impossible without the actual sourc..."
apache__jspwiki_CVE-2019-0225_2.11.0.M2,java/regex-injection,jspwiki-main/src/main/java/org/apache/wiki/forms/FormSelect.java,137,FP,FP,1.00,"The alert indicates a user-provided value being used in a regular expression, but the code slice is ..."
apache__jspwiki_CVE-2019-0225_2.11.0.M2,java/regex-injection,jspwiki-main/src/main/java/org/apache/wiki/plugin/IndexPlugin.java,142,FP,ABSTAIN,1.00,"The program slice for the relevant Java file (IndexPlugin.java) could not be read, making it impossi..."
apache__jspwiki_CVE-2019-0225_2.11.0.M2,java/regex-injection,jspwiki-main/src/main/java/org/apache/wiki/plugin/IndexPlugin.java,143,FP,ABSTAIN,1.00,"The program slice for the relevant source file (IndexPlugin.java) could not be read, making it impos..."
apache__jspwiki_CVE-2019-0225_2.11.0.M2,java/polynomial-redos,jspwiki-main/src/main/java/org/apache/wiki/parser/CreoleToJSPWikiTranslator.java,507,FP,TP,1.00,The alert suggests a regex issue that can cause slow performance with specific input patterns. The d...
apache__jspwiki_CVE-2019-0225_2.11.0.M2,java/polynomial-redos,jspwiki-main/src/main/java/org/apache/wiki/plugin/WeblogPlugin.java,341,FP,TP,1.00,The alert describes regexes using user-provided values that may cause slow performance with specific...
apache__jspwiki_CVE-2019-0225_2.11.0.M2,java/path-injection,jspwiki-main/src/main/java/org/apache/wiki/auth/login/CookieAuthenticationLoginModule.java,124,FP,ABSTAIN,1.00,"The program slice for the relevant file is completely empty, making it impossible to make an educate..."
apache__jspwiki_CVE-2019-0225_2.11.0.M2,java/path-injection,jspwiki-main/src/main/java/org/apache/wiki/auth/login/CookieAuthenticationLoginModule.java,213,FP,ABSTAIN,1.00,"The program slice for the sink location is completely empty, making it impossible to evaluate the da..."
apache__jspwiki_CVE-2019-0225_2.11.0.M2,java/concatenated-command-line,jspwiki-util/src/test/java/org/apache/wiki/util/FileUtilTest.java,102,FP,ABSTAIN,1.00,"The code slice is completely empty and irrelevant, making it impossible to evaluate the alert based ..."
apache__jspwiki_CVE-2019-0225_2.11.0.M2,java/xss,jspwiki-main/src/main/java/org/apache/wiki/plugin/SampleAjaxPlugin.java,59,FP,ABSTAIN,1.00,"The code slice for SampleAjaxPlugin.java is missing, making it impossible to determine if the data f..."
apache__jspwiki_CVE-2019-0225_2.11.0.M2,java/xss,jspwiki-main/src/main/java/org/apache/wiki/tags/AuthorTag.java,72,FP,ABSTAIN,1.00,"The code slice for the sink location is completely empty, making it impossible to verify the presenc..."
apache__jspwiki_CVE-2019-0225_2.11.0.M2,java/xss,jspwiki-main/src/main/java/org/apache/wiki/tags/CalendarTag.java,320,FP,ABSTAIN,1.00,"The code slice is completely empty, making it impossible to verify the data flow and reconstruct the..."
apache__jspwiki_CVE-2019-0225_2.11.0.M2,java/xss,jspwiki-main/src/main/java/org/apache/wiki/tags/CookieTag.java,256,FP,ABSTAIN,1.00,"The source code slice is unavailable, making it impossible to verify the data flow and determine if ..."
apache__jspwiki_CVE-2019-0225_2.11.0.M2,java/xss,jspwiki-main/src/main/java/org/apache/wiki/tags/FeedDiscoveryTag.java,59,FP,ABSTAIN,1.00,"The program slice for FeedDiscoveryTag.java is not available, making it impossible to fully assess t..."
apache__jspwiki_CVE-2019-0225_2.11.0.M2,java/xss,jspwiki-main/src/main/java/org/apache/wiki/tags/FeedDiscoveryTag.java,72,FP,ABSTAIN,1.00,"The code slice for the sink location is completely empty, making it impossible to determine if the d..."
apache__jspwiki_CVE-2019-0225_2.11.0.M2,java/xss,jspwiki-main/src/main/java/org/apache/wiki/tags/FeedDiscoveryTag.java,75,FP,ABSTAIN,1.00,"The program slice for the relevant source file is completely empty, making it impossible to evaluate..."
apache__jspwiki_CVE-2019-0225_2.11.0.M2,java/xss,jspwiki-main/src/main/java/org/apache/wiki/tags/InsertPageTag.java,128,FP,ABSTAIN,1.00,"The program slice is completely empty, making it impossible to determine if the data flow can lead t..."
apache__jspwiki_CVE-2019-0225_2.11.0.M2,java/xss,jspwiki-main/src/main/java/org/apache/wiki/tags/PluginTag.java,126,FP,ABSTAIN,1.00,"The program slice is completely empty, making it impossible to verify the data flow and precondition..."
apache__jspwiki_CVE-2019-0225_2.11.0.M2,java/xss,jspwiki-main/src/main/java/org/apache/wiki/tags/VariableTag.java,107,FP,ABSTAIN,1.00,"The code slice is completely empty for the relevant file, making it impossible to evaluate the data ..."
codehaus-plexus__plexus-utils_CVE-2017-1000487_3.0.15,java/polynomial-redos,src/main/java/org/codehaus/plexus/util/xml/XmlReader.java,742,FP,TP,1.00,The alert indicates a potential ReDoS (Regular Expression Denial of Service) vulnerability due to a ...
codehaus-plexus__plexus-utils_CVE-2017-1000487_3.0.15,java/zipslip,src/main/java/org/codehaus/plexus/util/Expand.java,116,FP,TP,1.00,Unsanitized archive entry with '..' can lead to directory traversal. CodeQL alert points to file sys...
apache__rocketmq_CVE-2019-17572_4.6.0,java/weak-cryptographic-algorithm,common/src/main/java/org/apache/rocketmq/common/consistenthash/ConsistentHashRouter.java,117,FP,ABSTAIN,1.00,"The code slice is empty, making it impossible to determine if the use of MD5 at the specified locati..."
apache__rocketmq_CVE-2019-17572_4.6.0,java/weak-cryptographic-algorithm,srvutil/src/main/java/org/apache/rocketmq/srvutil/FileWatchService.java,43,FP,FP,1.00,"The alert flags MD5 as a weak cryptographic algorithm, but the program slice is empty, and there is ..."
apache__rocketmq_CVE-2019-17572_4.6.0,java/sql-injection,broker/src/main/java/org/apache/rocketmq/broker/transaction/jdbc/JDBCTransactionStore.java,128,FP,ABSTAIN,1.00,"The code slice for the sink location is missing, making it impossible to evaluate the data flow and ..."
codehaus-plexus__plexus-utils_CVE-2022-4244_3.0.23,java/polynomial-redos,src/main/java/org/codehaus/plexus/util/xml/XmlReader.java,742,FP,TP,1.00,The alert suggests a regular expression that could run slowly on user-provided input starting with '...
codehaus-plexus__plexus-utils_CVE-2022-4244_3.0.23,java/zipslip,src/main/java/org/codehaus/plexus/util/Expand.java,116,FP,TP,1.00,The alert indicates an unsanitized archive entry that may contain '..'. This could lead to directory...
perwendel__spark_CVE-2016-9177_2.5.1,java/insecure-cookie,src/main/java/spark/Response.java,235,FP,TP,1.00,"The alert indicates a cookie is added to the response without the 'secure' flag, which is a known se..."
perwendel__spark_CVE-2016-9177_2.5.1,java/insecure-cookie,src/main/java/spark/Response.java,246,FP,TP,1.00,The alert states that a cookie is added to the response without the 'secure' flag. This is a common ...
perwendel__spark_CVE-2016-9177_2.5.1,java/insecure-cookie,src/test/java/spark/ResponseTest.java,121,FP,FP,1.00,"The alert is about a cookie not having the 'secure' flag set, but the code slice is empty and irrele..."
perwendel__spark_CVE-2016-9177_2.5.1,java/insecure-cookie,src/test/java/spark/ResponseTest.java,137,FP,ABSTAIN,1.00,"The program slice is completely empty, making it impossible to evaluate the alert accurately...."
perwendel__spark_CVE-2016-9177_2.5.1,java/insecure-cookie,src/test/java/spark/ResponseTest.java,152,FP,FP,1.00,"The alert is in test code (ResponseTest.java), which is not part of the production codebase. Setting..."
perwendel__spark_CVE-2016-9177_2.5.1,java/insecure-cookie,src/test/java/spark/ResponseTest.java,167,FP,ABSTAIN,1.00,"The code slice is empty, making it impossible to verify whether the cookie is being added without th..."
perwendel__spark_CVE-2016-9177_2.5.1,java/insecure-cookie,src/test/java/spark/ResponseTest.java,182,FP,FP,1.00,"The alert is in a test file (ResponseTest.java), which is not part of the production code. Setting t..."
perwendel__spark_CVE-2016-9177_2.5.1,java/insecure-cookie,src/test/java/spark/ResponseTest.java,197,FP,ABSTAIN,1.00,"The program slice is empty, making it impossible to determine if the cookie is being added without t..."
perwendel__spark_CVE-2016-9177_2.5.1,java/insecure-cookie,src/test/java/spark/ResponseTest.java,213,FP,ABSTAIN,1.00,"The program slice is completely empty, making it impossible to evaluate the presence of the 'secure'..."
perwendel__spark_CVE-2016-9177_2.5.1,java/path-injection,src/main/java/spark/resource/ClassPathResource.java,120,FP,ABSTAIN,1.00,"The program slice for the sink location is completely empty, making it impossible to accurately asse..."
perwendel__spark_CVE-2016-9177_2.5.1,java/path-injection,src/main/java/spark/resource/ClassPathResource.java,139,FP,FP,1.00,The alert indicates that the path depends on user-provided values but does not specify the nature of...
perwendel__spark_CVE-2016-9177_2.5.1,java/path-injection,src/main/java/spark/resource/ClassPathResource.java,161,FP,FP,1.00,The alert indicates user-provided values reaching the sink but lacks specific path constraints. The ...
perwendel__spark_CVE-2016-9177_2.5.1,java/path-injection,src/main/java/spark/resource/ExternalResource.java,40,FP,ABSTAIN,1.00,"The code slice for ExternalResource.java is completely empty, making it impossible to determine the ..."
perwendel__spark_CVE-2016-9177_2.5.1,java/path-injection,src/main/java/spark/resource/ExternalResource.java,67,FP,ABSTAIN,1.00,"Program slice for ExternalResource.java could not be read, making it impossible to confirm or deny t..."
perwendel__spark_CVE-2016-9177_2.5.1,java/path-injection,src/main/java/spark/resource/JarResourceHandler.java,109,FP,ABSTAIN,1.00,"The code slice is completely empty, making it impossible to reconstruct the analyzer claim and check..."
perwendel__spark_CVE-2016-9177_2.5.1,java/path-injection,src/main/java/spark/utils/ResourceUtils.java,222,FP,ABSTAIN,1.00,The program slice for the sink location src/main/java/spark/utils/ResourceUtils.java is completely e...
perwendel__spark_CVE-2018-9159_2.7.1,java/insecure-cookie,src/main/java/spark/Response.java,251,FP,ABSTAIN,1.00,"The code slice is completely empty, making it impossible to verify the presence of the 'secure' flag..."
perwendel__spark_CVE-2018-9159_2.7.1,java/insecure-cookie,src/main/java/spark/Response.java,273,FP,TP,1.00,The alert indicates a cookie is added to a response without the 'secure' flag. This is a known secur...
perwendel__spark_CVE-2018-9159_2.7.1,java/insecure-cookie,src/test/java/spark/ResponseTest.java,124,FP,ABSTAIN,1.00,"The code slice is completely empty, making it impossible to verify if the 'secure' flag is set on th..."
perwendel__spark_CVE-2018-9159_2.7.1,java/insecure-cookie,src/test/java/spark/ResponseTest.java,141,FP,ABSTAIN,1.00,"The code slice is completely empty, making it impossible to determine if the alert is a True Positiv..."
perwendel__spark_CVE-2018-9159_2.7.1,java/insecure-cookie,src/test/java/spark/ResponseTest.java,157,FP,ABSTAIN,1.00,"The code slice is completely empty and irrelevant to the alert, making any educated guess impossible..."
perwendel__spark_CVE-2018-9159_2.7.1,java/insecure-cookie,src/test/java/spark/ResponseTest.java,173,FP,ABSTAIN,1.00,"The program slice is completely empty, making it impossible to determine if the cookie is added with..."
perwendel__spark_CVE-2018-9159_2.7.1,java/insecure-cookie,src/test/java/spark/ResponseTest.java,189,FP,ABSTAIN,1.00,"The source file is unreadable, and the code slice is completely empty, making it impossible to verif..."
perwendel__spark_CVE-2018-9159_2.7.1,java/insecure-cookie,src/test/java/spark/ResponseTest.java,205,FP,ABSTAIN,1.00,"The program slice is completely empty and irrelevant to the alert, making it impossible to determine..."
perwendel__spark_CVE-2018-9159_2.7.1,java/insecure-cookie,src/test/java/spark/ResponseTest.java,221,FP,FP,1.00,"The alert is in a test file (ResponseTest.java), which is unlikely to contain actual production vuln..."
perwendel__spark_CVE-2018-9159_2.7.1,java/insecure-cookie,src/test/java/spark/ResponseTest.java,237,FP,FP,1.00,"The alert is in a test file (ResponseTest.java), which suggests it's a testing scenario rather than ..."
perwendel__spark_CVE-2018-9159_2.7.1,java/path-injection,src/main/java/spark/resource/ClassPathResource.java,120,TP,FP,1.00,The data flow involves user-provided values but the sink is in a class loading context (ClassPathRes...
perwendel__spark_CVE-2018-9159_2.7.1,java/path-injection,src/main/java/spark/resource/ClassPathResource.java,139,TP,FP,1.00,The alert indicates a path depending on user-provided values leading to a classpath resource access....
perwendel__spark_CVE-2018-9159_2.7.1,java/path-injection,src/main/java/spark/resource/ClassPathResource.java,161,TP,ABSTAIN,1.00,"The program slice is completely empty, making it impossible to reconstruct the analyzer claim or che..."
perwendel__spark_CVE-2018-9159_2.7.1,java/path-injection,src/main/java/spark/resource/ExternalResource.java,40,FP,ABSTAIN,1.00,"Code slice for ExternalResource.java is not available, making it impossible to determine if the data..."
perwendel__spark_CVE-2018-9159_2.7.1,java/path-injection,src/main/java/spark/resource/ExternalResource.java,67,FP,ABSTAIN,1.00,"Program slice is empty and completely irrelevant to the alert, making it impossible to make an educa..."
perwendel__spark_CVE-2018-9159_2.7.1,java/path-injection,src/main/java/spark/staticfiles/DirectoryTraversal.java,19,FP,FP,1.00,The alert suggests a dependency on user-provided values leading to potential directory traversal. Ho...
perwendel__spark_CVE-2018-9159_2.7.1,java/path-injection,src/main/java/spark/utils/ResourceUtils.java,222,FP,ABSTAIN,1.00,"The code slice for src/main/java/spark/utils/ResourceUtils.java is completely empty, making it impos..."
rhuss__jolokia_CVE-2018-1000129_1.4.0,java/unsafe-hostname-verification,agent/jvm/src/test/java/org/jolokia/jvmagent/JolokiaServerTest.java,308,FP,FP,1.00,"The alert is in a test file (JolokiaServerTest.java), which is not production code. Test code often ..."
rhuss__jolokia_CVE-2018-1000129_1.4.0,java/unsafe-hostname-verification,agent/jvm/src/test/java/org/jolokia/jvmagent/JolokiaServerTest.java,467,FP,FP,1.00,"The alert is in a test file (JolokiaServerTest.java), which suggests it is part of a test case rathe..."
rhuss__jolokia_CVE-2018-1000129_1.4.0,java/weak-cryptographic-algorithm,agent/core/src/main/java/org/jolokia/util/JolokiaCipher.java,141,FP,FP,1.00,"The alert claims AES/CBC/PKCS5Padding is weak. However, without the actual code, we cannot verify if..."
rhuss__jolokia_CVE-2018-1000129_1.4.0,java/overly-large-range,agent/core/src/main/java/org/jolokia/util/NetworkUtil.java,328,FP,ABSTAIN,1.00,"The program slice is empty and the source file could not be read, making it impossible to determine ..."
rhuss__jolokia_CVE-2018-1000129_1.4.0,java/insecure-trustmanager,agent/jvm/src/main/java/org/jolokia/jvmagent/security/DelegatingAuthenticator.java,156,FP,TP,1.00,"The use of a TrustManager that trusts any certificate indicates a potential vulnerability, as it byp..."
rhuss__jolokia_CVE-2018-1000129_1.4.0,java/insecure-trustmanager,agent/jvm/src/test/java/org/jolokia/jvmagent/JolokiaServerTest.java,306,FP,FP,1.00,"The alert involves a test class (JolokiaServerTest), which typically does not affect production secu..."
rhuss__jolokia_CVE-2018-1000129_1.4.0,java/insecure-trustmanager,agent/jvm/src/test/java/org/jolokia/jvmagent/JolokiaServerTest.java,486,FP,FP,1.00,The alert is about a TrustManager trusting any certificate in a test class. Since it's a test enviro...
rhuss__jolokia_CVE-2018-1000129_1.4.0,java/regex-injection,agent/core/src/main/java/org/jolokia/http/HttpRequestHandler.java,358,FP,ABSTAIN,1.00,"The program slice is empty and completely irrelevant to the alert, making it impossible to make an e..."
rhuss__jolokia_CVE-2018-1000129_1.4.0,java/polynomial-redos,agent/core/src/main/java/org/jolokia/handler/ExecHandler.java,220,FP,TP,1.00,The alert describes a regex pattern that can be exploited with specific input to cause a slow regex ...
rhuss__jolokia_CVE-2018-1000129_1.4.0,java/polynomial-redos,agent/core/src/main/java/org/jolokia/handler/ExecHandler.java,226,FP,TP,1.00,The alert indicates a potential regex DoS due to user-provided input. The data flow traces show user...
rhuss__jolokia_CVE-2018-1000129_1.4.0,java/maven/non-https-url,client/javascript/pom.xml,70,FP,ABSTAIN,1.00,"The program slice is empty, making it impossible to confirm or deny the presence of a vulnerability ..."
rhuss__jolokia_CVE-2018-1000129_1.4.0,java/maven/non-https-url,client/javascript/test-app/pom.xml,115,FP,ABSTAIN,1.00,"The program slice is completely empty and irrelevant to the alert, making any educated guess impossi..."
rhuss__jolokia_CVE-2018-1000129_1.4.0,java/maven/non-https-url,tools/roo-addon/pom.xml,40,FP,ABSTAIN,1.00,"The program slice is empty and irrelevant to the alert, making it impossible to determine if the vul..."
rhuss__jolokia_CVE-2018-1000129_1.4.0,java/maven/non-https-url,tools/roo-addon/pom.xml,47,FP,FP,1.00,"The alert mentions an insecure protocol (http) for downloading artifacts, but the program slice is u..."
rhuss__jolokia_CVE-2018-1000129_1.4.0,java/xss,agent/core/src/main/java/org/jolokia/http/AgentServlet.java,503,TP,ABSTAIN,1.00,"The program slice is completely empty, making it impossible to verify the data flow and precondition..."
undertow-io__undertow_CVE-2014-7816_1.0.16.Final,java/unvalidated-url-redirection,servlet/src/test/java/io/undertow/servlet/test/request/RedirectServlet.java,16,FP,ABSTAIN,1.00,"The program slice for the sink location is missing, making it impossible to verify if the data flow ..."
undertow-io__undertow_CVE-2014-7816_1.0.16.Final,java/unvalidated-url-redirection,servlet/src/test/java/io/undertow/servlet/test/wrapper/NonStandardResponseWrapper.java,341,FP,ABSTAIN,1.00,"The provided code slice is empty and irrelevant to the alert, making it impossible to make an educat..."
undertow-io__undertow_CVE-2014-7816_1.0.16.Final,java/http-response-splitting,servlet/src/main/java/io/undertow/servlet/websockets/ServletWebSocketHttpExchange.java,126,FP,ABSTAIN,1.00,"The code slice is completely empty, making it impossible to make an educated guess about the presenc..."
undertow-io__undertow_CVE-2014-7816_1.0.16.Final,java/http-response-splitting,servlet/src/test/java/io/undertow/servlet/test/wrapper/NonStandardResponseWrapper.java,368,FP,TP,1.00,"The alert indicates user-provided values being used in headers, which can lead to response-splitting..."
undertow-io__undertow_CVE-2014-7816_1.0.16.Final,java/weak-cryptographic-algorithm,core/src/main/java/io/undertow/security/idm/DigestAlgorithm.java,71,FP,TP,1.00,"The alert indicates MD5 is used, which is weak and should not be used. The data flow traces show MD5..."
undertow-io__undertow_CVE-2014-7816_1.0.16.Final,java/weak-cryptographic-algorithm,core/src/main/java/io/undertow/security/impl/SimpleNonceManager.java,142,FP,ABSTAIN,1.00,"The program slice is completely empty, making it impossible to determine if the MD5 usage in this co..."
undertow-io__undertow_CVE-2014-7816_1.0.16.Final,java/weak-cryptographic-algorithm,core/src/main/java/io/undertow/websockets/client/WebSocket13ClientHandshake.java,150,FP,FP,1.00,"SHA1 is known to be weak, but in the context of WebSocket handshakes, it's often used for specific h..."
undertow-io__undertow_CVE-2014-7816_1.0.16.Final,java/weak-cryptographic-algorithm,core/src/main/java/io/undertow/websockets/core/WebSocketUtils.java,58,FP,ABSTAIN,1.00,"The code slice is completely empty and irrelevant based on the provided evidence, making it impossib..."
undertow-io__undertow_CVE-2014-7816_1.0.16.Final,java/ssrf,servlet/src/test/java/io/undertow/servlet/test/servletcontext/ReadFileServlet.java,22,FP,FP,1.00,"The alert suggests a potential SSRF due to a user-provided value, but the code slice is unavailable...."
undertow-io__undertow_CVE-2014-7816_1.0.16.Final,java/insecure-cookie,servlet/src/test/java/io/undertow/servlet/test/wrapper/NonStandardResponseWrapper.java,263,FP,ABSTAIN,1.00,"The program slice is completely empty, making it impossible to evaluate whether the alert is a True ..."
undertow-io__undertow_CVE-2014-7816_1.0.16.Final,java/path-injection,core/src/main/java/io/undertow/server/handlers/resource/FileResourceManager.java,89,FP,ABSTAIN,1.00,"The program slice for FileResourceManager.java is missing, making it impossible to determine if the ..."
undertow-io__undertow_CVE-2014-7816_1.0.16.Final,java/maven/non-https-url,pom.xml,378,FP,TP,1.00,The alert indicates downloading artifacts over an insecure protocol (http). Given the source and sin...
undertow-io__undertow_CVE-2014-7816_1.0.16.Final,java/maven/non-https-url,pom.xml,395,FP,TP,1.00,The alert mentions downloading artifacts over an insecure HTTP protocol from a repository. Given the...
undertow-io__undertow_CVE-2014-7816_1.0.16.Final,java/xss,servlet/src/main/java/io/undertow/servlet/handlers/DefaultServlet.java,155,TP,ABSTAIN,1.00,"The program slice is completely empty, making it impossible to make an educated guess about whether ..."
undertow-io__undertow_CVE-2014-7816_1.0.16.Final,java/xss,servlet/src/test/java/io/undertow/servlet/test/charset/DefaultCharsetFormParserServlet.java,17,FP,ABSTAIN,1.00,"The program slice could not be read, making it impossible to verify if the data flow constitutes a X..."
undertow-io__undertow_CVE-2014-7816_1.0.16.Final,java/xss,servlet/src/test/java/io/undertow/servlet/test/charset/EchoServlet.java,29,FP,ABSTAIN,1.00,"The code slice is completely empty, making it impossible to assess the validity of the alert...."
undertow-io__undertow_CVE-2014-7816_1.0.16.Final,java/xss,servlet/src/test/java/io/undertow/servlet/test/errorpage/PathServlet.java,16,FP,FP,1.00,"The source and sink are in test files, which are not part of the production code. This makes it unli..."
undertow-io__undertow_CVE-2014-7816_1.0.16.Final,java/xss,servlet/src/test/java/io/undertow/servlet/test/path/PathMappingServlet.java,37,FP,ABSTAIN,1.00,"The program slice is completely empty, making it impossible to evaluate the alert without the actual..."
undertow-io__undertow_CVE-2014-7816_1.0.16.Final,java/xss,servlet/src/test/java/io/undertow/servlet/test/request/RequestPathServlet.java,43,FP,ABSTAIN,1.00,"The program slice could not be read, making it impossible to evaluate the specific code responsible ..."
undertow-io__undertow_CVE-2014-7816_1.0.16.Final,java/xss,servlet/src/test/java/io/undertow/servlet/test/request/RequestPathServlet.java,45,FP,ABSTAIN,1.00,"The program slice is completely empty, making it impossible to determine if the given dataflow can b..."
undertow-io__undertow_CVE-2014-7816_1.0.16.Final,java/xss,servlet/src/test/java/io/undertow/servlet/test/request/RequestPathServlet.java,46,FP,ABSTAIN,1.00,"The code slice is completely empty, making it impossible to evaluate the data flow and preconditions..."
undertow-io__undertow_CVE-2014-7816_1.0.16.Final,java/xss,servlet/src/test/java/io/undertow/servlet/test/request/RequestPathServlet.java,47,FP,ABSTAIN,1.00,"The program slice is empty and could not be read, making it impossible to evaluate the alert's valid..."
undertow-io__undertow_CVE-2014-7816_1.0.16.Final,java/xss,servlet/src/test/java/io/undertow/servlet/test/response/contenttype/ContentTypeServlet.java,45,FP,ABSTAIN,1.00,"The program slice is completely empty, making it impossible to evaluate the data flow and check prec..."
undertow-io__undertow_CVE-2014-7816_1.0.16.Final,java/xss,servlet/src/test/java/io/undertow/servlet/test/security/form/EchoServlet.java,20,FP,ABSTAIN,1.00,"The code slice is completely empty, making it impossible to verify the alert's validity...."
undertow-io__undertow_CVE-2014-7816_1.0.16.Final,java/xss,servlet/src/test/java/io/undertow/servlet/test/security/form/RequestParamEchoServlet.java,41,FP,ABSTAIN,1.00,"The program slice is empty, making it impossible to evaluate the data flow and determine if the aler..."
undertow-io__undertow_CVE-2014-7816_1.0.16.Final,java/xss,servlet/src/test/java/io/undertow/servlet/test/session/ChangeSessionIdServlet.java,22,FP,FP,1.00,"The alert specifies a cross-site scripting (XSS) vulnerability from a user-provided value. However, ..."
undertow-io__undertow_CVE-2014-7816_1.0.16.Final,java/xss,servlet/src/test/java/io/undertow/servlet/test/streams/BlockingInputStreamServlet.java,45,FP,ABSTAIN,1.00,"The program slice could not be read, making it impossible to verify the data flow and determine if t..."
undertow-io__undertow_CVE-2014-7816_1.0.16.Final,java/xss,servlet/src/test/java/io/undertow/servlet/test/util/ParameterEchoServlet.java,71,FP,ABSTAIN,1.00,"The code slice is empty, making it impossible to evaluate the exact data flow and determine if the a..."
undertow-io__undertow_CVE-2014-7816_1.0.16.Final,java/xss,servlet/src/test/java/io/undertow/servlet/test/util/PathTestServlet.java,19,FP,ABSTAIN,1.00,"The code slice is completely empty, making it impossible to evaluate the alert accurately...."
undertow-io__undertow_CVE-2014-7816_1.0.16.Final,java/xss,servlet/src/test/java/io/undertow/servlet/test/util/PathTestServlet.java,20,FP,ABSTAIN,1.00,"The program slice could not be read, making it impossible to evaluate the data flow and precondition..."
undertow-io__undertow_CVE-2014-7816_1.0.16.Final,java/xss,servlet/src/test/java/io/undertow/servlet/test/util/PathTestServlet.java,22,FP,ABSTAIN,1.00,"The program slice could not be read, making it impossible to reconstruct the analyzer claim or verif..."
undertow-io__undertow_CVE-2014-7816_1.0.16.Final,java/implicit-cast-in-compound-assignment,core/src/main/java/io/undertow/conduits/ChunkedStreamSourceConduit.java,209,FP,ABSTAIN,1.00,"The code slice is completely empty, making it impossible to evaluate the alert with certainty...."
undertow-io__undertow_CVE-2014-7816_1.0.16.Final,java/implicit-cast-in-compound-assignment,core/src/main/java/io/undertow/io/UndertowOutputStream.java,237,FP,ABSTAIN,1.00,"The provided code slice is empty, making it impossible to determine if the implicit cast from long t..."
undertow-io__undertow_CVE-2014-7816_1.0.16.Final,java/implicit-cast-in-compound-assignment,core/src/main/java/io/undertow/server/HttpServerExchange.java,1425,FP,FP,1.00,Implicit cast from long to int without additional context may not lead to a vulnerability. There are...
asf__commons-io_CVE-2021-29425_2.6,java/weak-cryptographic-algorithm,src/main/java/org/apache/commons/io/input/MessageDigestCalculatingInputStream.java,88,FP,FP,1.00,"The alert indicates a weak cryptographic algorithm (MD5) is used, but the code slice is unavailable ..."
asf__commons-io_CVE-2021-29425_2.6,java/polynomial-redos,src/main/java/org/apache/commons/io/input/XmlStreamReader.java,742,FP,FP,1.00,"The alert indicates a potential for slow regex performance due to user-provided input. However, the ..."
asf__commons-io_CVE-2021-29425_2.6,java/polynomial-redos,src/test/java/org/apache/commons/io/input/compatibility/XmlStreamReader.java,700,FP,FP,1.00,"The alert describes a potential slow regex issue with user-provided input. However, the extracted ev..."
asf__commons-io_CVE-2021-29425_2.6,java/concatenated-command-line,src/test/java/org/apache/commons/io/FileUtilsTestCase.java,838,FP,ABSTAIN,1.00,"The program slice is empty, making it impossible to determine if the alert is a True Positive or Fal..."
asf__commons-io_CVE-2021-29425_2.6,java/concatenated-command-line,src/test/java/org/apache/commons/io/FileUtilsTestCase.java,842,FP,ABSTAIN,1.00,"The program slice is completely empty, and there is no relevant code to analyze, making it impossibl..."
zeroturnaround__zt-zip_CVE-2018-1002201_1.12,java/zipslip,src/main/java/org/zeroturnaround/zip/ZipUtil.java,1150,TP,ABSTAIN,1.00,"The program slice is empty, making it impossible to evaluate the alert based on the provided evidenc..."
zeroturnaround__zt-zip_CVE-2018-1002201_1.12,java/zipslip,src/main/java/org/zeroturnaround/zip/ZipUtil.java,1196,FP,ABSTAIN,1.00,"The program slice is completely empty, making it impossible to determine if the data flow can be par..."
zeroturnaround__zt-zip_CVE-2018-1002201_1.12,java/zipslip,src/main/java/org/zeroturnaround/zip/ZipUtil.java,1258,TP,ABSTAIN,1.00,"The code slice is completely empty, making it impossible to verify the dataflow and preconditions, t..."
zeroturnaround__zt-zip_CVE-2018-1002201_1.12,java/zipslip,src/main/java/org/zeroturnaround/zip/Zips.java,676,FP,ABSTAIN,1.00,"The program slice could not be read, making it impossible to determine if the data flow is vulnerabl..."
zeroturnaround__zt-zip_CVE-2018-1002201_1.12,java/zipslip,src/test/java/example/UnpackExample.java,29,FP,ABSTAIN,1.00,"The program slice is completely empty, making it impossible to evaluate the data flow and determine ..."
apache__tika_CVE-2018-11762_1.18,java/ssrf,tika-core/src/main/java/org/apache/tika/io/TikaInputStream.java,408,FP,TP,1.00,The alert indicates potential SSRF due to user-provided values passed through multiple method calls ...
apache__tika_CVE-2018-11762_1.18,java/ssrf,tika-translate/src/main/java/org/apache/tika/language/translate/JoshuaNetworkTranslator.java,208,FP,ABSTAIN,1.00,"The program slice for the sink location is completely empty, making it impossible to evaluate the da..."
apache__tika_CVE-2018-11762_1.18,java/redos,tika-core/src/main/java/org/apache/tika/sax/StandardsText.java,56,FP,ABSTAIN,1.00,"The code slice is completely empty, making it impossible to verify the specific regular expression c..."
apache__tika_CVE-2018-11762_1.18,java/polynomial-redos,tika-parsers/src/main/java/org/apache/tika/parser/code/SourceCodeParser.java,140,FP,FP,1.00,The alert reports potential slow regex performance due to strings starting with '@author ' and many ...
apache__tika_CVE-2018-11762_1.18,java/polynomial-redos,tika-parsers/src/main/java/org/apache/tika/parser/mail/MailUtil.java,90,FP,TP,1.00,The alert indicates that a regex dependent on user-provided values may run slowly on strings with ma...
apache__tika_CVE-2018-11762_1.18,java/polynomial-redos,tika-parsers/src/main/java/org/apache/tika/parser/mbox/MboxParser.java,164,FP,FP,1.00,"The alert describes potential slow regex execution based on user input. However, the provided data f..."
apache__tika_CVE-2018-11762_1.18,java/polynomial-redos,tika-parsers/src/main/java/org/apache/tika/parser/mbox/MboxParser.java,178,FP,TP,1.00,The alert indicates potential ReDoS (Regular Expression Denial of Service) vulnerabilities due to re...
apache__tika_CVE-2018-11762_1.18,java/path-injection,tika-core/src/main/java/org/apache/tika/io/TemporaryResources.java,81,FP,ABSTAIN,1.00,"The provided code slice for the sink location is completely empty, making it impossible to determine..."
apache__tika_CVE-2018-11762_1.18,java/path-injection,tika-core/src/main/java/org/apache/tika/io/TikaInputStream.java,399,FP,ABSTAIN,1.00,"The program slice for TikaInputStream.java is not available, making it impossible to fully evaluate ..."
apache__tika_CVE-2018-11762_1.18,java/path-injection,tika-core/src/main/java/org/apache/tika/io/TikaInputStream.java,480,FP,ABSTAIN,1.00,"The code slice for the sink location is completely empty, making it impossible to evaluate the exact..."
apache__tika_CVE-2018-11762_1.18,java/path-injection,tika-core/src/main/java/org/apache/tika/io/TikaInputStream.java,589,FP,ABSTAIN,1.00,"The program slice for the sink location is missing, making it impossible to determine if the data fl..."
apache__tika_CVE-2018-11762_1.18,java/path-injection,tika-core/src/main/java/org/apache/tika/io/TikaInputStream.java,586,FP,ABSTAIN,1.00,"The program slice for the sink location is not available, making it impossible to determine if the d..."
apache__tika_CVE-2018-11762_1.18,java/path-injection,tika-core/src/main/java/org/apache/tika/parser/digest/InputStreamDigester.java,164,FP,FP,1.00,"The alert indicates data flow from user-provided values to a sink in InputStreamDigester.java, but t..."
apache__tika_CVE-2018-11762_1.18,java/path-injection,tika-core/src/main/java/org/apache/tika/utils/RereadableInputStream.java,194,FP,FP,1.00,"The alert reports multiple paths depending on user-provided values, but the sink at RereadableInputS..."
apache__tika_CVE-2018-11762_1.18,java/path-injection,tika-core/src/main/java/org/apache/tika/utils/RereadableInputStream.java,251,FP,ABSTAIN,1.00,"The code slice is completely empty, making it impossible to evaluate the security implications of th..."
apache__tika_CVE-2018-11762_1.18,java/path-injection,tika-example/src/main/java/org/apache/tika/example/RollbackSoftware.java,114,FP,ABSTAIN,1.00,"The code slice for the sink location (RollbackSoftware.java:114) could not be read, making it imposs..."
apache__tika_CVE-2018-11762_1.18,java/path-injection,tika-parsers/src/main/java/org/apache/tika/parser/journal/GrobidRESTParser.java,72,FP,ABSTAIN,1.00,"The code slice for the sink location is not available, making it impossible to evaluate the alert ac..."
apache__tika_CVE-2018-11762_1.18,java/path-injection,tika-parsers/src/main/java/org/apache/tika/parser/journal/GrobidRESTParser.java,75,FP,ABSTAIN,1.00,"The code slice is completely empty for the relevant sink file (GrobidRESTParser.java), making it imp..."
apache__tika_CVE-2018-11762_1.18,java/path-injection,tika-parsers/src/main/java/org/apache/tika/parser/journal/JournalParser.java,63,FP,FP,1.00,"The alert describes a data flow from a user-provided value to a sink in the JournalParser. However, ..."
apache__tika_CVE-2018-11762_1.18,java/path-injection,tika-parsers/src/main/java/org/apache/tika/parser/mp4/DirectFileReadDataSource.java,45,FP,ABSTAIN,1.00,The program slice for the file tika-parsers/src/main/java/org/apache/tika/parser/mp4/DirectFileReadD...
apache__tika_CVE-2018-11762_1.18,java/path-injection,tika-parsers/src/main/java/org/apache/tika/parser/pot/PooledTimeSeriesParser.java,133,FP,ABSTAIN,1.00,"The code slice for the sink location is completely empty, making it impossible to evaluate the alert..."
apache__tika_CVE-2018-11762_1.18,java/path-injection,tika-parsers/src/main/java/org/apache/tika/parser/pot/PooledTimeSeriesParser.java,135,FP,ABSTAIN,1.00,"The code slice for the sink location is missing, making it impossible to determine if the data flow ..."
apache__tika_CVE-2018-11762_1.18,java/xxe,tika-core/src/main/java/org/apache/tika/detect/XmlRootExtractor.java,63,FP,TP,1.00,The alert indicates user-provided XML parsing without protection against external entity expansion. ...
apache__tika_CVE-2018-11762_1.18,java/xxe,tika-core/src/main/java/org/apache/tika/parser/NetworkParser.java,129,FP,TP,1.00,The alert indicates XML parsing using user-provided values without guarding against external entity ...
apache__tika_CVE-2018-11762_1.18,java/xxe,tika-core/src/test/java/org/apache/tika/parser/mock/MockParser.java,84,FP,TP,1.00,The alert indicates XML parsing using user-provided values without guarding against external entity ...
apache__tika_CVE-2018-11762_1.18,java/xxe,tika-parsers/src/main/java/org/apache/tika/parser/dif/DIFParser.java,66,FP,TP,1.00,The alert indicates XML parsing with user-provided values without preventing external entity expansi...
apache__tika_CVE-2018-11762_1.18,java/xxe,tika-parsers/src/main/java/org/apache/tika/parser/epub/EpubContentParser.java,53,FP,TP,1.00,The alert indicates XML parsing using user-provided values without protection against external entit...
apache__tika_CVE-2018-11762_1.18,java/xxe,tika-parsers/src/main/java/org/apache/tika/parser/image/xmp/JempboxExtractor.java,70,FP,TP,1.00,The alert indicates user-provided XML parsing without guarding against external entity expansion. Th...
apache__tika_CVE-2018-11762_1.18,java/xxe,tika-parsers/src/main/java/org/apache/tika/parser/iwork/IWorkPackageParser.java,207,FP,TP,1.00,The CodeQL alert indicates XML parsing uses user-provided values without guarding against external e...
apache__tika_CVE-2018-11762_1.18,java/xxe,tika-parsers/src/main/java/org/apache/tika/parser/microsoft/ooxml/xwpf/ml2006/Word2006MLParser.java,61,FP,TP,1.00,The alert points to XML parsing using user-provided values without protection against external entit...
apache__tika_CVE-2018-11762_1.18,java/xxe,tika-parsers/src/main/java/org/apache/tika/parser/microsoft/xml/AbstractXML2003Parser.java,99,FP,TP,1.00,The alert indicates XML parsing using user-provided values without guarding against external entity ...
apache__tika_CVE-2018-11762_1.18,java/xxe,tika-parsers/src/main/java/org/apache/tika/parser/odf/OpenDocumentContentParser.java,601,FP,TP,1.00,The alert indicates XML parsing using user-provided values without protection against external entit...
apache__tika_CVE-2018-11762_1.18,java/xxe,tika-parsers/src/main/java/org/apache/tika/parser/xml/XMLParser.java,73,FP,TP,1.00,CodeQL alert indicates XML parsing using user-provided values without guarding against external enti...
apache__tika_CVE-2018-11762_1.18,java/xxe,tika-parsers/src/test/java/org/apache/tika/XMLTestBase.java,116,FP,TP,1.00,The alert indicates that XML parsing uses user-provided values without guarding against external ent...
apache__tika_CVE-2018-11762_1.18,java/xxe,tika-parsers/src/test/java/org/apache/tika/XMLTestBase.java,141,FP,TP,1.00,"The alert indicates XML parsing without protection against external entity expansion, a critical sec..."
apache__tika_CVE-2018-11762_1.18,java/concatenated-command-line,tika-parsers/src/main/java/org/apache/tika/parser/ocr/TesseractOCRParser.java,219,FP,ABSTAIN,1.00,"The code slice could not be read, making it impossible to verify the dataflow and check the precondi..."
apache__tika_CVE-2018-11762_1.18,java/command-line-injection,tika-core/src/main/java/org/apache/tika/parser/external/ExternalParser.java,236,FP,ABSTAIN,1.00,"The code slice for the sink location (ExternalParser.java:236) is completely empty, making it imposs..."
apache__tika_CVE-2018-11762_1.18,java/command-line-injection,tika-core/src/main/java/org/apache/tika/parser/external/ExternalParser.java,238,FP,ABSTAIN,1.00,"The code slice is empty and completely irrelevant to the alert, making any educated guess impossible..."
apache__tika_CVE-2018-11762_1.18,java/command-line-injection,tika-parsers/src/main/java/org/apache/tika/parser/gdal/GDALParser.java,362,FP,ABSTAIN,1.00,"The program slice is empty, making it impossible to determine if the data flow involves a vulnerabil..."
apache__tika_CVE-2018-11762_1.18,java/command-line-injection,tika-parsers/src/main/java/org/apache/tika/parser/gdal/GDALParser.java,364,FP,FP,1.00,"The alert indicates user-provided values being used in a command line, but the data flow traces thro..."
apache__tika_CVE-2018-11762_1.18,java/command-line-injection,tika-parsers/src/main/java/org/apache/tika/parser/ocr/TesseractOCRParser.java,528,FP,ABSTAIN,1.00,"The code slice is completely empty, making it impossible to make an educated guess about whether the..."
apache__tika_CVE-2018-11762_1.18,java/tainted-numeric-cast,tika-core/src/main/java/org/apache/tika/utils/RereadableInputStream.java,256,FP,FP,1.00,The alerts indicate potential truncation due to user-provided values being cast to narrower types. H...
apache__tika_CVE-2018-11762_1.18,java/tainted-numeric-cast,tika-parsers/src/main/java/org/apache/tika/parser/rtf/TextExtractor.java,386,FP,ABSTAIN,1.00,"The code slice could not be read, making it impossible to fully evaluate the alert and determine if ..."
apache__tika_CVE-2018-11762_1.18,java/tainted-numeric-cast,tika-parsers/src/main/java/org/apache/tika/parser/rtf/TextExtractor.java,400,FP,FP,1.00,The alert indicates potential truncation due to casting user-provided values to narrower types. Howe...
apache__tika_CVE-2018-11762_1.18,java/maven/non-https-url,tika-server/pom.xml,35,FP,TP,1.00,The alert indicates downloading or uploading artifacts over an insecure protocol (http). The source ...
apache__tika_CVE-2018-11762_1.18,java/xss,tika-server/src/main/java/org/apache/tika/server/resource/MetadataResource.java,105,FP,ABSTAIN,1.00,"The program slice is empty and completely irrelevant to the alert, making it impossible to make an e..."
apache__tika_CVE-2018-11762_1.18,java/implicit-cast-in-compound-assignment,tika-batch/src/main/java/org/apache/tika/batch/fs/strawman/StrawManTikaAppDriver.java,140,FP,ABSTAIN,1.00,"The code slice is completely empty, making it impossible to evaluate the implicit cast and determine..."
apache__tika_CVE-2018-11762_1.18,java/implicit-cast-in-compound-assignment,tika-core/src/main/java/org/apache/tika/detect/MagicDetector.java,365,FP,ABSTAIN,1.00,"The program slice is completely empty, making it impossible to evaluate the alert. Without the actua..."
apache__tika_CVE-2018-11762_1.18,java/implicit-cast-in-compound-assignment,tika-core/src/main/java/org/apache/tika/io/LookaheadInputStream.java,120,FP,ABSTAIN,1.00,"The code slice is empty and irrelevant to the alert, making it impossible to make an educated guess ..."
apache__tika_CVE-2018-11762_1.18,java/implicit-cast-in-compound-assignment,tika-parsers/src/main/java/org/apache/tika/parser/chm/lzx/ChmLzxBlock.java,333,FP,ABSTAIN,1.00,"The program slice is empty, making it impossible to evaluate whether the implicit cast of int to sho..."
apache__tika_CVE-2018-11762_1.18,java/implicit-cast-in-compound-assignment,tika-parsers/src/main/java/org/apache/tika/parser/chm/lzx/ChmLzxBlock.java,368,FP,ABSTAIN,1.00,"The code slice is completely empty, making it impossible to evaluate the alert with certainty...."
apache__tika_CVE-2018-11762_1.18,java/implicit-cast-in-compound-assignment,tika-parsers/src/main/java/org/apache/tika/parser/chm/lzx/ChmLzxBlock.java,403,FP,ABSTAIN,1.00,"The code slice is empty, making it impossible to determine if the implicit cast from long to int can..."
apache__tika_CVE-2018-11762_1.18,java/implicit-cast-in-compound-assignment,tika-parsers/src/main/java/org/apache/tika/parser/chm/lzx/ChmLzxBlock.java,477,FP,ABSTAIN,1.00,"The code slice is completely empty, making it impossible to evaluate the alert...."
apache__tika_CVE-2018-11762_1.18,java/implicit-cast-in-compound-assignment,tika-parsers/src/main/java/org/apache/tika/parser/chm/lzx/ChmLzxBlock.java,775,FP,ABSTAIN,1.00,"The code slice is completely empty, making it impossible to evaluate the implicit cast and determine..."
apache__tika_CVE-2018-11762_1.18,java/implicit-cast-in-compound-assignment,tika-parsers/src/main/java/org/apache/tika/parser/chm/lzx/ChmLzxBlock.java,827,FP,ABSTAIN,1.00,"The program slice is empty and irrelevant to the alert, making it impossible to determine if the imp..."
wildfly__wildfly_CVE-2018-1047_11.0.0.Final,java/unsafe-hostname-verification,testsuite/integration/web/src/test/java/org/jboss/as/test/integration/web/handlers/RequestDumpingHandlerTestImpl.java,353,FP,FP,1.00,"The alert indicates a hostname verifier that always accepts any certificate, which is a security iss..."
wildfly__wildfly_CVE-2018-1047_11.0.0.Final,java/stack-trace-exposure,testsuite/shared/src/main/java/org/jboss/as/test/integration/management/util/SimpleServlet.java,59,FP,ABSTAIN,1.00,"The program slice is completely empty, making it impossible to evaluate the data flow and determine ..."
wildfly__wildfly_CVE-2018-1047_11.0.0.Final,java/stack-trace-exposure,testsuite/shared/src/main/java/org/jboss/as/test/integration/security/common/servlets/DataSourceTestServlet.java,95,FP,ABSTAIN,1.00,"The program slice is completely empty, making it impossible to evaluate the alert accurately...."
wildfly__wildfly_CVE-2018-1047_11.0.0.Final,java/stack-trace-exposure,testsuite/shared/src/main/java/org/jboss/as/test/integration/security/common/servlets/DataSourceTestServlet.java,97,FP,ABSTAIN,1.00,"The code slice is completely empty, making it impossible to assess whether the alert is a true or fa..."
wildfly__wildfly_CVE-2018-1047_11.0.0.Final,java/stack-trace-exposure,testsuite/shared/src/main/java/org/wildfly/test/security/servlets/CheckIdentityPermissionServlet.java,89,FP,ABSTAIN,1.00,"The code slice is empty and irrelevant to the alert, making it impossible to determine if the alert ..."
wildfly__wildfly_CVE-2018-1047_11.0.0.Final,java/insufficient-key-size,testsuite/shared/src/main/java/org/jboss/as/test/integration/security/common/VaultHandler.java,127,FP,FP,1.00,"The alert is about a key size less than 128 bits being used. However, the evidence points to a test ..."
wildfly__wildfly_CVE-2018-1047_11.0.0.Final,java/weak-cryptographic-algorithm,jdr/jboss-as-jdr/src/main/java/org/jboss/as/jdr/commands/JarCheck.java,60,FP,ABSTAIN,1.00,"The program slice is empty and the source file could not be read, making it impossible to verify the..."
wildfly__wildfly_CVE-2018-1047_11.0.0.Final,java/weak-cryptographic-algorithm,security/subsystem/src/main/java/org/jboss/as/security/vault/VaultSession.java,171,FP,TP,1.00,CodeQL alerts that PBEwithMD5andDES is weak. Given the data flow traces pointing to the same lines i...
wildfly__wildfly_CVE-2018-1047_11.0.0.Final,java/weak-cryptographic-algorithm,testsuite/shared/src/main/java/org/jboss/as/test/integration/security/common/Utils.java,163,FP,ABSTAIN,1.00,"The program slice is completely empty, making it impossible to determine if the MD5 usage is part of..."
wildfly__wildfly_CVE-2018-1047_11.0.0.Final,java/insecure-cookie,testsuite/integration/web/src/test/java/org/jboss/as/test/integration/web/cookie/CookieReadServlet.java,72,FP,FP,1.00,"The alert is about a cookie being added without the 'secure' flag, but the code slice is empty and i..."
wildfly__wildfly_CVE-2018-1047_11.0.0.Final,java/insecure-cookie,testsuite/integration/web/src/test/java/org/jboss/as/test/integration/web/cookie/CookieReadServlet.java,73,FP,ABSTAIN,1.00,"The program slice is empty and cannot be read, making it impossible to determine if the cookie is be..."
wildfly__wildfly_CVE-2018-1047_11.0.0.Final,java/insecure-cookie,testsuite/integration/web/src/test/java/org/jboss/as/test/integration/web/cookie/CookieServlet.java,58,FP,ABSTAIN,1.00,"The program slice is completely empty, making it impossible to determine if the alert is a true or f..."
wildfly__wildfly_CVE-2018-1047_11.0.0.Final,java/insecure-cookie,testsuite/integration/web/src/test/java/org/jboss/as/test/integration/web/cookie/CookieServlet.java,62,FP,ABSTAIN,1.00,"The program slice is empty, making it impossible to determine if the cookie is added without the 'se..."
wildfly__wildfly_CVE-2018-1047_11.0.0.Final,java/insecure-cookie,testsuite/integration/web/src/test/java/org/jboss/as/test/integration/web/cookie/CookieServlet.java,76,FP,ABSTAIN,1.00,"The program slice is completely empty, making it impossible to evaluate the specific code that trigg..."
wildfly__wildfly_CVE-2018-1047_11.0.0.Final,java/insecure-cookie,testsuite/integration/web/src/test/java/org/jboss/as/test/integration/web/cookie/CookieServlet.java,79,FP,ABSTAIN,1.00,"The code slice is completely empty, making it impossible to determine if the alert is a True Positiv..."
wildfly__wildfly_CVE-2018-1047_11.0.0.Final,java/insecure-cookie,testsuite/integration/web/src/test/java/org/jboss/as/test/integration/web/cookie/CookieServlet.java,83,FP,ABSTAIN,1.00,"The program slice could not be read, making it impossible to verify the claim about the 'secure' fla..."
wildfly__wildfly_CVE-2018-1047_11.0.0.Final,java/jndi-injection,testsuite/shared/src/main/java/org/jboss/as/test/integration/common/JndiServlet.java,63,FP,ABSTAIN,1.00,"The program slice is empty, making it impossible to evaluate the data flow and preconditions for the..."
wildfly__wildfly_CVE-2018-1047_11.0.0.Final,java/jndi-injection,testsuite/shared/src/main/java/org/jboss/as/test/integration/management/util/SimpleServlet.java,56,FP,ABSTAIN,1.00,"The code slice could not be read, making it impossible to evaluate the data flow and determine if th..."
wildfly__wildfly_CVE-2018-1047_11.0.0.Final,java/jndi-injection,testsuite/shared/src/main/java/org/jboss/as/test/integration/security/common/servlets/DataSourceTestServlet.java,84,FP,ABSTAIN,1.00,"The code slice provided is empty and irrelevant, making it impossible to determine if the data flow ..."
wildfly__wildfly_CVE-2018-1047_11.0.0.Final,java/insecure-trustmanager,testsuite/integration/web/src/test/java/org/jboss/as/test/integration/web/handlers/RequestDumpingHandlerTestImpl.java,346,FP,FP,1.00,The alert involves a TrustManager trusting any certificate in a test code. This is a known security ...
wildfly__wildfly_CVE-2018-1047_11.0.0.Final,java/insecure-trustmanager,testsuite/shared/src/main/java/org/jboss/as/test/http/util/TestHttpClientUtils.java,91,FP,FP,1.00,"The alert is about a TrustManager that trusts any certificate, which is a known security risk. Howev..."
wildfly__wildfly_CVE-2018-1047_11.0.0.Final,java/insecure-trustmanager,testsuite/shared/src/main/java/org/jboss/as/test/http/util/TestHttpClientUtils.java,93,FP,TP,1.00,"The alert indicates that TestHttpClientUtils uses a TrustManager that trusts any certificate, which ..."
wildfly__wildfly_CVE-2018-1047_11.0.0.Final,java/maven/non-https-url,pom.xml,6249,FP,TP,1.00,The alert indicates downloading artifacts over an insecure protocol (http) from a public repository....
wildfly__wildfly_CVE-2018-1047_11.0.0.Final,java/maven/non-https-url,pom.xml,6266,FP,TP,1.00,The alert indicates downloading or uploading artifacts over an insecure protocol (http). Given the s...
wildfly__wildfly_CVE-2018-1047_11.0.0.Final,java/maven/non-https-url,testsuite/pom.xml,660,FP,TP,1.00,The alert indicates downloading or uploading over an insecure protocol (http). Given the source and ...
wildfly__wildfly_CVE-2018-1047_11.0.0.Final,java/xss,testsuite/integration/web/src/test/java/org/jboss/as/test/integration/web/cookie/CookieReadServlet.java,56,FP,ABSTAIN,1.00,"The code slice is completely empty, making it impossible to evaluate whether the reported cross-site..."
wildfly__wildfly_CVE-2018-1047_11.0.0.Final,java/xss,testsuite/integration/web/src/test/java/org/jboss/as/test/integration/web/formauth/SecuredPostServlet.java,59,FP,ABSTAIN,1.00,"The program slice is completely empty and irrelevant, making it impossible to evaluate the taint flo..."
wildfly__wildfly_CVE-2018-1047_11.0.0.Final,java/xss,testsuite/integration/web/src/test/java/org/jboss/as/test/integration/web/formauth/SecuredPostServlet.java,60,FP,ABSTAIN,1.00,"The program slice is completely empty, making it impossible to evaluate the data flow and determine ..."
wildfly__wildfly_CVE-2018-1047_11.0.0.Final,java/xss,testsuite/integration/web/src/test/java/org/jboss/as/test/integration/web/security/SecuredServlet.java,50,FP,ABSTAIN,1.00,"The program slice is completely empty, and there is no relevant code to analyze, making it impossibl..."
wildfly__wildfly_CVE-2018-1047_11.0.0.Final,java/xss,testsuite/integration/web/src/test/java/org/jboss/as/test/smoke/web/SimpleLegacyServlet.java,47,FP,ABSTAIN,1.00,"The program slice is completely empty, making it impossible to determine the nature of the data flow..."
wildfly__wildfly_CVE-2018-1047_11.0.0.Final,java/xss,testsuite/integration/web/src/test/java/org/jboss/as/test/smoke/web/SimpleServlet.java,56,FP,ABSTAIN,1.00,"The program slice is completely empty, making it impossible to determine if the data flow constitute..."
wildfly__wildfly_CVE-2018-1047_11.0.0.Final,java/xss,testsuite/shared/src/main/java/org/jboss/as/test/integration/security/common/servlets/RolePrintingServlet.java,75,FP,ABSTAIN,1.00,"The provided code slice is completely empty, making it impossible to reconstruct the analyzer claim ..."
wildfly__wildfly_CVE-2018-1047_11.0.0.Final,java/xss,testsuite/shared/src/main/java/org/wildfly/test/security/servlets/ReadCredentialServlet.java,109,FP,ABSTAIN,1.00,"The code slice is completely empty, making it impossible to evaluate the alert based on the provided..."
wildfly__wildfly_CVE-2018-1047_11.0.0.Final,java/xss,testsuite/shared/src/main/java/org/wildfly/test/security/servlets/ReadCredentialServlet.java,118,FP,ABSTAIN,1.00,"The program slice is completely empty, making it impossible to determine the nature of the data flow..."
wildfly__wildfly_CVE-2018-1047_11.0.0.Final,java/xss,testsuite/shared/src/main/java/org/wildfly/test/security/servlets/ReadCredentialServlet.java,127,FP,ABSTAIN,1.00,"The code slice is completely empty, making it impossible to determine if the data flow is vulnerable..."
wildfly__wildfly_CVE-2018-1047_11.0.0.Final,java/xss,testsuite/shared/src/main/java/org/wildfly/test/security/servlets/ReadCredentialServlet.java,149,FP,ABSTAIN,1.00,"The provided code slice is empty and irrelevant to the alert, making it impossible to make an educat..."
apache__myfaces_CVE-2011-4367_2.0.11,java/stack-trace-exposure,api/src/main/java/javax/faces/webapp/_PageContextOutWriter.java,73,FP,ABSTAIN,1.00,"The program slice could not be read, making it impossible to evaluate the data flow and determine if..."
apache__myfaces_CVE-2011-4367_2.0.11,java/stack-trace-exposure,impl/src/main/java/org/apache/myfaces/application/ViewHandlerImpl.java,460,FP,ABSTAIN,1.00,"The program slice is completely empty, making it impossible to evaluate the data flow and determine ..."
apache__myfaces_CVE-2011-4367_2.0.11,java/stack-trace-exposure,impl/src/main/java/org/apache/myfaces/application/jsp/JspViewHandlerImpl.java,269,FP,ABSTAIN,1.00,"The program slice is empty and completely irrelevant to the alert, making it impossible to make an e..."
apache__myfaces_CVE-2011-4367_2.0.11,java/stack-trace-exposure,impl/src/main/java/org/apache/myfaces/context/PartialResponseWriterImpl.java,467,FP,ABSTAIN,1.00,"The code slice is completely empty and irrelevant to the alert, making any educated guess impossible..."
apache__myfaces_CVE-2011-4367_2.0.11,java/stack-trace-exposure,impl/src/main/java/org/apache/myfaces/context/servlet/ServletExternalContextImpl.java,507,FP,ABSTAIN,1.00,"The program slice is completely empty, making it impossible to reconstruct the analyzer claim or enu..."
apache__myfaces_CVE-2011-4367_2.0.11,java/stack-trace-exposure,impl/src/main/java/org/apache/myfaces/renderkit/ErrorPageWriter.java,320,FP,ABSTAIN,1.00,"The program slice is empty and the source file could not be read, making it impossible to determine ..."
apache__myfaces_CVE-2011-4367_2.0.11,java/stack-trace-exposure,impl/src/main/java/org/apache/myfaces/renderkit/ErrorPageWriter.java,712,FP,ABSTAIN,1.00,"The code slice is completely empty, making it impossible to evaluate the data flow and determine if ..."
apache__myfaces_CVE-2011-4367_2.0.11,java/stack-trace-exposure,impl/src/main/java/org/apache/myfaces/renderkit/ErrorPageWriter.java,745,FP,ABSTAIN,1.00,"The code slice is completely empty, making it impossible to evaluate whether the dataflow can be par..."
apache__myfaces_CVE-2011-4367_2.0.11,java/stack-trace-exposure,impl/src/main/java/org/apache/myfaces/view/jsp/JspViewDeclarationLanguage.java,227,FP,ABSTAIN,1.00,"The provided code slice is completely empty, making it impossible to evaluate the alert for a true o..."
apache__myfaces_CVE-2011-4367_2.0.11,java/stack-trace-exposure,impl/src/test/java/org/apache/myfaces/mc/test/core/MockDefaultViewDeclarationLanguage.java,145,FP,ABSTAIN,1.00,"The code slice is empty and irrelevant to the alert, making it impossible to make an educated guess ..."
apache__myfaces_CVE-2011-4367_2.0.11,java/stack-trace-exposure,shared/src/main/java/org/apache/myfaces/shared/context/AjaxExceptionHandlerImpl.java,284,FP,ABSTAIN,1.00,"The code slice is completely empty and irrelevant to the alert, making it impossible to make an educ..."
apache__myfaces_CVE-2011-4367_2.0.11,java/unvalidated-url-redirection,impl/src/main/java/org/apache/myfaces/context/servlet/ServletExternalContextImpl.java,465,FP,TP,1.00,Untrusted URL redirection based on user-provided values can lead to open redirect vulnerabilities. T...
apache__myfaces_CVE-2011-4367_2.0.11,java/http-response-splitting,shared/src/main/java/org/apache/myfaces/shared/context/flash/FlashImpl.java,637,FP,ABSTAIN,1.00,"The code slice for the sink location is completely empty, making it impossible to verify the data fl..."
apache__myfaces_CVE-2011-4367_2.0.11,java/weak-cryptographic-algorithm,shared/src/main/java/org/apache/myfaces/shared/util/StateUtils.java,308,FP,TP,1.00,The alert mentions the use of weak cryptographic algorithms (DES and ECB/PKCS5Padding). Given that t...
apache__myfaces_CVE-2011-4367_2.0.11,java/weak-cryptographic-algorithm,shared/src/main/java/org/apache/myfaces/shared/util/StateUtils.java,451,FP,TP,1.00,DES and ECB/PKCS5Padding are known weak cryptographic algorithms. The alert points to their usage in...
apache__myfaces_CVE-2011-4367_2.0.11,java/weak-cryptographic-algorithm,shared/src/main/java/org/apache/myfaces/shared/util/StateUtils.java,735,FP,FP,1.00,"The alert points to the use of DES, a weak cryptographic algorithm. However, without the actual code..."
apache__myfaces_CVE-2011-4367_2.0.11,java/weak-cryptographic-algorithm,shared/src/main/java/org/apache/myfaces/shared/util/StateUtils.java,752,FP,TP,1.00,CodeQL alert indicates use of weak cryptographic algorithm HmacSHA1. Given the source and sink locat...
apache__myfaces_CVE-2011-4367_2.0.11,java/weak-cryptographic-algorithm,shared/src/main/java/org/apache/myfaces/shared/util/StateUtils.java,786,FP,TP,1.00,DES is a weak cryptographic algorithm known for vulnerabilities. The alert points to its usage in th...
apache__myfaces_CVE-2011-4367_2.0.11,java/weak-cryptographic-algorithm,shared/src/main/java/org/apache/myfaces/shared/util/StateUtils.java,834,FP,TP,1.00,"The alert indicates use of DES, a known weak cryptographic algorithm. Given the data flow traces inv..."
apache__myfaces_CVE-2011-4367_2.0.11,java/weak-cryptographic-algorithm,shared/src/main/java/org/apache/myfaces/shared/util/StateUtils.java,931,FP,TP,1.00,CodeQL flagged HmacSHA1 as weak. The data flow traces show usage of HmacSHA1 from multiple locations...
apache__myfaces_CVE-2011-4367_2.0.11,java/weak-cryptographic-algorithm,shared/src/main/java/org/apache/myfaces/shared/util/StateUtils.java,979,FP,TP,1.00,HmacSHA1 is known to be weak and vulnerable to collision attacks. The alert points to its usage in m...
apache__myfaces_CVE-2011-4367_2.0.11,java/ssrf,impl/src/main/java/org/apache/myfaces/view/facelets/compiler/SAXCompiler.java,670,FP,ABSTAIN,1.00,"The program slice is completely empty, making it impossible to verify the exact data flow and condit..."
apache__myfaces_CVE-2011-4367_2.0.11,java/ssrf,impl/src/main/java/org/apache/myfaces/view/facelets/compiler/SAXCompiler.java,707,FP,ABSTAIN,1.00,"The program slice is completely empty for the sink location, making it impossible to determine wheth..."
apache__myfaces_CVE-2011-4367_2.0.11,java/ssrf,impl/src/test/java/org/apache/myfaces/view/facelets/mock/MockServletContext.java,104,FP,FP,1.00,"The sink location is in a test class, which suggests that the data flow may be part of a test scenar..."
apache__myfaces_CVE-2011-4367_2.0.11,java/insecure-cookie,impl/src/main/java/org/apache/myfaces/context/servlet/ServletExternalContextImpl.java,710,FP,ABSTAIN,1.00,"The program slice is completely empty, making it impossible to determine if the alert is a True Posi..."
apache__myfaces_CVE-2011-4367_2.0.11,java/insecure-cookie,shared/src/main/java/org/apache/myfaces/shared/context/flash/FlashImpl.java,594,FP,ABSTAIN,1.00,"The code slice is completely empty, making it impossible to evaluate the specific context and determ..."
apache__myfaces_CVE-2011-4367_2.0.11,java/insecure-cookie,shared/src/main/java/org/apache/myfaces/shared/context/flash/FlashImpl.java,637,FP,ABSTAIN,1.00,"The program slice could not be read, making it impossible to verify if the 'secure' flag is set on t..."
apache__myfaces_CVE-2011-4367_2.0.11,java/insecure-cookie,shared/src/main/java/org/apache/myfaces/shared/context/flash/FlashImpl.java,740,FP,FP,1.00,"The alert claims a cookie is added without the 'secure' flag. However, the program slice is empty, a..."
apache__myfaces_CVE-2011-4367_2.0.11,java/unsafe-deserialization,shared/src/main/java/org/apache/myfaces/shared/util/StateUtils.java,538,FP,TP,1.00,The alert indicates unsafe deserialization based on user-provided values. The data flow traces show ...
apache__myfaces_CVE-2011-4367_2.0.11,java/unsafe-deserialization,shared/src/main/java/org/apache/myfaces/shared/util/StateUtils.java,552,FP,TP,1.00,Unsafe deserialization of a user-provided value in StateUtils.java:552 is a clear security risk. Des...
apache__myfaces_CVE-2011-4367_2.0.11,java/path-injection,impl/src/main/java/org/apache/myfaces/view/facelets/util/Resource.java,100,FP,TP,1.00,The alert indicates user-provided values being passed through multiple layers of the code without ex...
apache__myfaces_CVE-2011-4367_2.0.11,java/path-injection,impl/src/test/java/org/apache/myfaces/view/facelets/mock/MockServletContext.java,64,FP,ABSTAIN,1.00,"The code slice for the sink location is completely empty, making it impossible to determine if the d..."
apache__myfaces_CVE-2011-4367_2.0.11,java/path-injection,impl/src/test/java/org/apache/myfaces/view/facelets/mock/MockServletContext.java,85,FP,FP,1.00,"The alert indicates that user-provided values are being used in various parts of the code, but the s..."
apache__myfaces_CVE-2011-4367_2.0.11,java/path-injection,impl/src/test/java/org/apache/myfaces/view/facelets/mock/MockServletContext.java,101,FP,ABSTAIN,1.00,"The program slice is completely empty for the relevant sink file, making it impossible to assess the..."
apache__myfaces_CVE-2011-4367_2.0.11,java/path-injection,impl/src/test/java/org/apache/myfaces/view/facelets/mock/MockServletContext.java,126,FP,FP,1.00,"The data flow traces involve multiple components, including test mock files. The sink is in a test f..."
apache__myfaces_CVE-2011-4367_2.0.11,java/path-injection,impl/src/test/java/org/apache/myfaces/view/facelets/mock/MockServletContext.java,149,FP,FP,1.00,The data flow involves user-provided values but the sink is in a mock test class (MockServletContext...
apache__myfaces_CVE-2011-4367_2.0.11,java/xxe,impl/src/main/java/org/apache/myfaces/config/ConfigFilesXmlValidationUtils.java,223,FP,TP,1.00,The alert indicates XML parsing uses user-provided values without preventing external entity expansi...
apache__myfaces_CVE-2011-4367_2.0.11,java/xxe,impl/src/main/java/org/apache/myfaces/config/ConfigFilesXmlValidationUtils.java,271,FP,TP,1.00,The alert indicates XML parsing using a user-provided value without preventing external entity expan...
apache__myfaces_CVE-2011-4367_2.0.11,java/xxe,impl/src/main/java/org/apache/myfaces/config/ConfigFilesXmlValidationUtils.java,372,FP,TP,1.00,The alert indicates XML parsing using a user-provided value without guarding against external entity...
apache__myfaces_CVE-2011-4367_2.0.11,java/xxe,impl/src/main/java/org/apache/myfaces/config/ConfigFilesXmlValidationUtils.java,430,FP,TP,1.00,The alert indicates XML parsing with a user-provided value without guarding against external entity ...
apache__myfaces_CVE-2011-4367_2.0.11,java/xxe,impl/src/main/java/org/apache/myfaces/config/impl/digester/DigesterFacesConfigUnmarshallerImpl.java,289,FP,TP,1.00,"XML parsing uses a user-provided value without guarding against external entity expansion, which can..."
apache__myfaces_CVE-2011-4367_2.0.11,java/xxe,impl/src/main/java/org/apache/myfaces/view/facelets/compiler/TagLibraryConfig.java,640,FP,TP,1.00,CodeQL alert indicates XML parsing with user-provided value without guarding against external entity...
apache__myfaces_CVE-2011-4367_2.0.11,java/maven/non-https-url,api/pom.xml,540,FP,TP,1.00,CodeQL flagged downloading artifacts over an insecure protocol (http). Given the source and sink loc...
apache__myfaces_CVE-2011-4367_2.0.11,java/maven/non-https-url,impl/pom.xml,920,FP,TP,1.00,The alert indicates downloading artifacts over an insecure HTTP protocol from http://download.java.n...
apache__myfaces_CVE-2011-4367_2.0.11,java/maven/non-https-url,pom.xml,583,FP,TP,1.00,The alert indicates downloading artifacts over an insecure protocol (http). Given the source and sin...
apache__myfaces_CVE-2011-4367_2.0.11,java/xss,api/src/main/java/javax/faces/webapp/_PageContextOutWriter.java,73,FP,FP,1.00,"The alert reports multiple cross-site scripting vulnerabilities due to user-provided values, but the..."
apache__myfaces_CVE-2011-4367_2.0.11,java/xss,impl/src/main/java/org/apache/myfaces/context/PartialResponseWriterImpl.java,467,FP,FP,1.00,"The alert indicates multiple XSS vulnerabilities due to user-provided values. However, the provided ..."
apache__myfaces_CVE-2011-4367_2.0.11,java/xss,impl/src/main/java/org/apache/myfaces/renderkit/ErrorPageWriter.java,281,FP,ABSTAIN,1.00,"The code slice for the sink location is missing, making it impossible to determine if the data flow ..."
apache__myfaces_CVE-2011-4367_2.0.11,java/xss,impl/src/main/java/org/apache/myfaces/renderkit/ErrorPageWriter.java,295,FP,ABSTAIN,1.00,"The code slice for the sink location is completely empty, making it impossible to verify the claim o..."
apache__myfaces_CVE-2011-4367_2.0.11,java/xss,impl/src/main/java/org/apache/myfaces/renderkit/ErrorPageWriter.java,796,FP,ABSTAIN,1.00,"The program slice for the sink location is completely empty, making it impossible to evaluate the da..."
apache__myfaces_CVE-2011-4367_2.0.11,java/xss,impl/src/main/java/org/apache/myfaces/renderkit/html/HtmlLabelRenderer.java,168,FP,TP,1.00,The alert indicates potential XSS vulnerabilities due to user-provided values. The data flow traces ...
apache__myfaces_CVE-2011-4367_2.0.11,java/xss,impl/src/main/java/org/apache/myfaces/view/facelets/el/ELText.java,201,FP,ABSTAIN,1.00,The program slice for the source file impl/src/main/java/org/apache/myfaces/view/facelets/el/ELText....
apache__myfaces_CVE-2011-4367_2.0.11,java/xss,impl/src/main/java/org/apache/myfaces/view/facelets/el/ELText.java,303,FP,ABSTAIN,1.00,"The program slice for the sink location is unavailable, making it impossible to verify the presence ..."
apache__myfaces_CVE-2011-4367_2.0.11,java/xss,impl/src/main/java/org/apache/myfaces/view/facelets/tag/ui/UIDebug.java,135,FP,ABSTAIN,1.00,"The program slice for the sink location is not available, making it impossible to determine if the d..."
apache__myfaces_CVE-2011-4367_2.0.11,java/xss,shared/src/main/java/org/apache/myfaces/shared/renderkit/html/HtmlRendererUtils.java,1155,FP,FP,1.00,The data flow traces show that the user-provided values are passed through multiple components but u...
apache__myfaces_CVE-2011-4367_2.0.11,java/xss,shared/src/main/java/org/apache/myfaces/shared/renderkit/html/HtmlTextRendererBase.java,160,FP,ABSTAIN,1.00,"The code slice for the sink location is completely empty, making it impossible to evaluate the data ..."
